ts_code,end_date,current_eps,predicted_eps,predicted_eps_growth,predicted_rev_growth,n_analysts,eps_dispersion
002049.SZ,20250930,1.499,3.0273,1.0195,0.1514,4,0.0654
300836.SZ,20250930,0.5466,1.1316,1.0702,0.3931,30,0.0587
603612.SH,20250930,1.31,2.5899,0.977,0.2243,3,0.2779
002950.SZ,20250930,0.5519,1.0558,0.9131,0.0148,9,0.0594
002024.SZ,20250930,0.0081,0.0063,-0.2178,0.0446,18,0.0001
002642.SZ,20250930,0.0097,0.0084,-0.1315,-0.2442,3,0.0001
600673.SH,20250930,0.309,0.6524,1.1114,0.2304,10,0.0117
600256.SH,20250930,0.1554,0.2043,0.3148,-0.1441,23,0.0147
300725.SZ,20250930,0.5635,0.3217,-0.4291,0.2713,12,0.0004
600490.SH,20250930,0.1058,0.209,0.9757,0.2909,1,0.0
600800.SH,20250930,-0.52,-0.2273,-0.5628,-0.1953,8,0.0013
603106.SH,20250930,0.0342,0.0287,-0.1617,-0.0108,5,0.0012
605167.SH,20250930,0.4,0.3808,-0.048,-0.2188,13,0.0016
002307.SZ,20250930,-0.0774,-0.0415,-0.4634,0.4177,6,0.0002
300913.SZ,20250930,0.44,0.8182,0.8595,0.1437,2,0.0525
300123.SZ,20250930,-0.0968,-0.0594,-0.3864,-0.0933,1,0.0024
603208.SH,20250930,-0.24,-0.1435,-0.4021,-0.4476,6,0.0058
600569.SH,20250930,0.02,0.0126,-0.3679,-0.0504,2,0.0017
002318.SZ,20250930,1.33,1.0619,-0.2016,0.3685,3,0.0714
688615.SH,20250930,2.51,1.5271,-0.3916,0.2581,1,0.0098
600058.SH,20250930,0.06,0.0287,-0.5211,-0.1807,2,0.0011
000048.SZ,20250930,0.5655,0.2612,-0.5381,-0.1912,3,0.0127
688197.SH,20250930,-1.04,-0.4812,-0.5373,-0.5189,2,0.0284
603980.SH,20250930,0.02,0.0113,-0.4342,-0.085,3,0.0007
300050.SZ,20250930,0.028,0.0205,-0.2664,-0.1384,8,0.0009
002195.SZ,20250930,0.0321,0.0177,-0.4485,-0.0541,4,0.0003
002123.SZ,20250930,-0.07,-0.0342,-0.5111,-0.4296,7,0.0018
300674.SZ,20250930,0.41,0.8116,0.9796,-0.0611,7,0.0823
688667.SH,20250930,1.44,2.8498,0.979,0.0928,30,0.0325
600793.SH,20250930,0.0853,0.0641,-0.249,0.0652,4,0.0029
300407.SZ,20250930,0.22,0.4601,1.0912,0.2389,6,0.0229
002210.SZ,20250930,0.0054,0.0034,-0.3722,-0.2596,11,0.0002
603800.SH,20250930,0.3096,0.1624,-0.4755,-0.1379,3,0.0103
600971.SH,20250930,-0.0831,-0.0441,-0.4699,-0.258,15,0.0019
300306.SZ,20250930,0.18,0.3574,0.9858,-0.0536,2,0.0302
603208.SH,20250930,-0.24,-0.116,-0.5169,-0.4209,3,0.0004
002368.SZ,20250930,0.0065,0.0034,-0.4723,0.1551,5,0.0001
002086.SZ,20250930,-0.05,-0.0264,-0.4717,-0.0319,7,0.0006
300020.SZ,20250930,-0.68,-0.4298,-0.3679,-0.7807,8,0.0204
600156.SH,20250930,-0.0384,-0.0213,-0.4455,0.2955,5,0.0028
002271.SZ,20250930,0.34,0.6592,0.9389,-0.0481,3,0.0521
300758.SZ,20250930,0.18,0.3594,0.9969,-0.0129,4,0.0208
601016.SH,20250930,0.116,0.2049,0.7663,-0.1134,1,0.0011
301081.SZ,20250930,0.07,0.042,-0.4007,0.2229,3,0.0028
601995.SH,20250930,1.24,2.5417,1.0498,0.543,7,0.1875
002949.SZ,20250930,0.3601,0.7291,1.0247,0.1397,4,0.0482
002484.SZ,20250930,0.6338,1.3486,1.1278,0.1682,11,0.041
688400.SH,20250930,0.29,0.4382,0.511,0.2892,3,0.0054
300546.SZ,20250930,0.1,0.1986,0.9856,0.1041,4,0.0142
688691.SH,20250930,-0.79,-0.3945,-0.5006,-0.4493,3,0.0232
603220.SH,20250930,0.1959,0.2935,0.4984,-0.0047,12,0.0074
300360.SZ,20250930,0.93,1.8268,0.9643,-0.1392,1,0.0053
002821.SZ,20250930,2.18,1.2733,-0.4159,0.1165,1,0.0515
003004.SZ,20250930,-0.0464,-0.0243,-0.4764,0.3182,7,0.0012
300776.SZ,20250930,1.82,1.983,0.0895,0.2599,4,0.108
000698.SZ,20250930,0.1085,0.23,1.1195,0.1033,1,0.0022
002641.SZ,20250930,0.04,0.0219,-0.4525,-0.0951,1,0.0004
688107.SH,20250930,-0.4771,-0.2819,-0.409,-0.2447,1,0.0064
002611.SZ,20250930,0.43,0.8579,0.9951,0.0024,3,0.0164
688616.SH,20250930,0.38,0.6711,0.766,-0.1432,1,0.0603
300919.SZ,20250930,1.22,1.586,0.3,0.0746,18,0.0438
688508.SH,20250930,1.39,2.7874,1.0053,0.2466,5,0.048
300765.SZ,20250930,-0.0173,-0.0086,-0.5007,0.0608,19,0.0005
002938.SZ,20250930,1.04,2.1888,1.1046,0.1524,8,0.069
000908.SZ,20250930,-0.0507,-0.0263,-0.4809,-0.0991,2,0.0016
688765.SH,20250930,-0.45,-0.2371,-0.473,-0.064,5,0.0079
603262.SH,20250930,0.32,0.3956,0.2361,0.1039,8,0.0006
688425.SH,20250930,0.19,0.1236,-0.3494,-0.0409,3,0.0017
300390.SZ,20250930,0.04,0.0226,-0.4353,0.0222,5,0.0006
688779.SH,20250930,-0.01,-0.0045,-0.5514,0.3187,6,0.0002
688472.SH,20250930,0.27,0.2218,-0.1784,-0.0695,1,0.0111
600276.SH,20250930,0.89,1.8368,1.0638,0.1238,11,0.0135
301090.SZ,20250930,-0.0644,-0.0252,-0.609,-0.2549,1,0.0005
301172.SZ,20250930,0.0994,0.1472,0.4809,0.17,10,0.0105
603861.SH,20250930,0.29,0.6111,1.1074,-0.0819,6,0.032
300253.SZ,20250930,-0.1093,-0.0613,-0.4392,-0.2969,7,0.0033
920493.BJ,20250930,0.14,0.0696,-0.5032,0.6775,11,0.0028
002229.SZ,20250930,0.0464,0.0423,-0.0887,1.3715,17,0.0019
000612.SZ,20250930,0.76,1.5381,1.0238,0.0587,6,0.0624
600580.SH,20250930,0.53,0.7463,0.4082,-0.0495,1,0.0147
603214.SH,20250930,0.3778,0.4398,0.1641,0.0742,2,0.021
600111.SH,20250930,0.4264,0.8723,1.0458,0.3996,9,0.0334
002708.SZ,20250930,0.1143,0.2314,1.0241,0.0494,1,0.004
300707.SZ,20250930,0.1834,0.2349,0.2806,-0.1022,8,0.0023
300612.SZ,20250930,-0.1062,-0.0614,-0.4218,-0.4647,6,0.0066
300400.SZ,20250930,0.36,0.7478,1.0771,0.0495,4,0.0013
601601.SH,20250930,4.75,7.4775,0.5742,0.0777,8,0.3261
301589.SZ,20250930,4.89,8.6674,0.7725,0.0135,11,0.0038
603682.SH,20250930,0.18,0.365,1.0276,-0.0383,3,0.0178
600966.SH,20250930,0.0982,0.0608,-0.3806,0.0552,4,0.0014
601336.SH,20250930,10.53,21.7166,1.0624,0.2773,13,1.6712
600751.SH,20250930,0.0334,0.0615,0.8426,0.2875,2,0.0028
300541.SZ,20250930,0.2,0.3892,0.9459,0.4724,4,0.0177
605208.SH,20250930,0.15,0.2131,0.4209,0.5075,6,0.0153
600281.SH,20250930,0.1339,0.2606,0.946,0.2683,5,0.0256
000895.SZ,20250930,1.1426,2.2348,0.9559,-0.0044,22,0.2049
688084.SH,20250930,0.14,0.163,0.1644,2.1329,2,0.0122
603109.SH,20250930,0.8141,1.6493,1.0259,0.1646,6,0.0619
688582.SH,20250930,0.6,1.1847,0.9746,0.4889,1,0.055
603217.SH,20250930,0.733,0.9919,0.3532,-0.0447,2,0.028
000638.SZ,20250930,-0.0276,-0.0167,-0.3935,0.6775,6,0.0001
000721.SZ,20250930,-0.1476,-0.0892,-0.3956,-0.1868,1,0.0034
605338.SH,20250930,0.84,1.6776,0.9971,0.1212,17,0.0127
002098.SZ,20250930,0.4662,0.6463,0.3864,0.1189,2,0.0597
002528.SZ,20250930,-0.0619,-0.0391,-0.3682,-0.5032,10,0.0021
300422.SZ,20250930,-0.4,-0.1917,-0.5208,0.2313,6,0.0064
300537.SZ,20250930,0.0432,0.0196,-0.5466,-0.139,2,0.0005
000573.SZ,20250930,0.1162,0.129,0.11,-0.1804,5,0.0003
603590.SH,20250930,0.81,1.6117,0.9898,0.0764,2,0.119
601156.SH,20250930,1.26,2.1201,0.6826,-0.0269,10,0.3741
002274.SZ,20250930,-0.0089,-0.0042,-0.5232,-0.2426,2,0.0002
300612.SZ,20250930,-0.1062,-0.0502,-0.5271,-0.4452,9,0.0001
688153.SH,20250930,0.02,0.0142,-0.2915,0.0343,5,0.0008
000037.SZ,20250930,-0.0331,-0.0164,-0.5051,-0.2749,1,0.0011
000798.SZ,20250930,0.146,0.1131,-0.2254,-0.0547,1,0.0062
002357.SZ,20250930,0.4965,1.0888,1.193,-0.05,5,0.0343
001300.SZ,20250930,-0.0189,-0.0102,-0.4627,-0.1833,1,0.0
301321.SZ,20250930,-0.0501,-0.0237,-0.5279,0.4083,2,0.001
603520.SH,20250930,0.07,0.0846,0.2088,0.0488,6,0.0061
300501.SZ,20250930,0.26,0.1532,-0.4107,-0.0432,3,0.0074
601020.SH,20250930,0.98,2.0719,1.1142,0.5222,10,0.1905
003023.SZ,20250930,0.4147,0.5194,0.2524,-0.1434,1,0.0304
603196.SH,20250930,0.1829,0.2803,0.5324,-0.1024,1,0.0013
300837.SZ,20250930,0.5188,0.4211,-0.1884,-0.0961,10,0.0049
920260.BJ,20250930,0.24,0.1487,-0.3805,-0.0559,6,0.0043
000598.SZ,20250930,0.5918,1.1384,0.9236,0.0787,1,0.0029
603933.SH,20250930,0.1963,0.1833,-0.0662,0.17,4,0.0029
300340.SZ,20250930,-0.4995,-0.3054,-0.3887,-0.1827,1,0.02
002234.SZ,20250930,-0.66,-0.3318,-0.4973,-0.0578,2,0.0233
601500.SH,20250930,0.07,0.0444,-0.3659,0.2442,7,0.0021
601186.SH,20250930,0.96,2.0148,1.0988,-0.0581,3,0.0775
600467.SH,20250930,0.0185,0.0343,0.8535,-0.0253,8,0.003
920419.BJ,20250930,0.45,0.3338,-0.2582,0.0974,8,0.0268
001299.SZ,20250930,0.27,0.5736,1.1246,0.2161,5,0.0009
600503.SH,20250930,-0.0163,-0.0096,-0.4117,-0.3649,6,0.0
300813.SZ,20250930,0.12,0.1456,0.2131,-0.1191,23,0.0118
000707.SZ,20250930,-0.0534,-0.0269,-0.4972,-0.2062,6,0.0004
688049.SH,20250930,0.87,1.6969,0.9505,0.5571,1,0.0451
002236.SZ,20250930,1.09,0.5836,-0.4646,0.0688,11,0.0459
301009.SZ,20250930,0.105,0.151,0.4377,0.0277,8,0.0031
002134.SZ,20250930,0.06,0.0341,-0.432,0.26,2,0.0
002495.SZ,20250930,0.0119,0.0142,0.1899,-0.0794,9,0.0003
301617.SZ,20250930,0.9912,0.5838,-0.411,0.0703,1,0.0079
603606.SH,20250930,1.33,2.75,1.0677,0.14,15,0.0822
603630.SH,20250930,0.06,0.0298,-0.5032,-0.0566,2,0.0006
920718.BJ,20250930,0.41,0.2649,-0.354,-0.0138,11,0.0124
301015.SZ,20250930,0.91,0.6651,-0.2691,-0.0622,12,0.0266
001378.SZ,20250930,0.4462,0.5748,0.2883,-0.0291,5,0.0357
603042.SH,20250930,-0.2266,-0.1083,-0.522,-0.06,1,0.0007
603151.SH,20250930,0.6291,1.2184,0.9368,1.5799,3,0.1022
002516.SZ,20250930,0.092,0.1822,0.9808,0.1394,1,0.0247
301275.SZ,20250930,0.7624,0.3883,-0.4907,-0.1526,3,0.0025
300647.SZ,20250930,0.0,0.0,-0.4708,0.185,3,0.0
603727.SH,20250930,0.0844,0.0401,-0.5248,-0.2372,2,0.0003
300599.SZ,20250930,-0.06,-0.0346,-0.4233,-0.0535,3,0.003
600089.SH,20250930,1.0924,0.5407,-0.5051,0.029,3,0.0227
300027.SZ,20250930,-0.04,-0.0202,-0.4948,-0.4205,1,0.0
603689.SH,20250930,0.54,0.4402,-0.1849,-0.0638,4,0.0041
002356.SZ,20250930,0.0395,0.0814,1.0616,1.8903,6,0.0027
688001.SH,20250930,0.34,0.6762,0.9889,0.2774,1,0.0134
002895.SZ,20250930,1.7132,3.4231,0.9981,0.4701,6,0.1009
688361.SH,20250930,-0.05,-0.0212,-0.5753,0.457,7,0.0008
688360.SH,20250930,0.42,0.2482,-0.4091,0.0757,1,0.0145
603901.SH,20250930,0.27,0.4486,0.6617,0.1784,5,0.0013
600992.SH,20250930,-0.2512,-0.1333,-0.4694,-0.0577,4,0.0126
600258.SH,20250930,0.6759,1.3829,1.046,-0.017,3,0.0171
300653.SZ,20250930,0.37,0.6347,0.7155,-0.0124,5,0.0377
600241.SH,20250930,0.01,0.0047,-0.5265,-0.084,5,0.0001
600257.SH,20250930,-0.0012,-0.0007,-0.4521,-0.1556,7,0.0001
300918.SZ,20250930,0.27,0.5752,1.1304,-0.0069,5,0.001
688516.SH,20250930,1.24,1.0956,-0.1164,-0.3043,5,0.0247
603836.SH,20250930,0.17,0.0952,-0.4397,-0.1818,5,0.0003
300780.SZ,20250930,-0.2213,-0.1226,-0.4462,0.0918,5,0.0017
002529.SZ,20250930,-0.3476,-0.2013,-0.4209,1.2961,29,0.0038
002634.SZ,20250930,-2.01,-0.9192,-0.5427,-0.5663,7,0.0272
002518.SZ,20250930,0.77,1.6058,1.0855,0.1872,10,0.1826
603256.SH,20250930,0.16,0.3331,1.0821,0.3772,1,0.001
002636.SZ,20250930,0.238,0.4833,1.0307,0.1226,1,0.0408
300481.SZ,20250930,0.37,0.7415,1.0042,-0.0324,12,0.0095
300778.SZ,20250930,-0.0968,-0.0508,-0.4748,-0.3951,7,0.0011
605177.SH,20250930,-0.63,-0.2989,-0.5256,-0.3598,2,0.0018
688013.SH,20250930,0.9,1.7932,0.9924,0.1624,5,0.0661
300967.SZ,20250930,0.9846,2.0698,1.1022,0.6114,19,0.0086
000938.SZ,20250930,0.4908,1.0065,1.0508,0.3877,21,0.0006
301033.SZ,20250930,1.15,2.388,1.0765,0.3009,2,0.1044
300482.SZ,20250930,0.28,0.1505,-0.4624,-0.2502,1,0.0018
603768.SH,20250930,-0.29,-0.1655,-0.4293,0.0854,2,0.0087
600520.SH,20250930,0.03,0.0607,1.025,0.0391,2,0.0042
688162.SH,20250930,0.38,0.2385,-0.3724,0.3066,1,0.0128
002556.SZ,20250930,0.1792,0.2855,0.593,-0.0233,1,0.0092
603565.SH,20250930,0.67,0.5335,-0.2038,-0.061,3,0.022
600358.SH,20250930,-0.0629,-0.0291,-0.5373,0.15,2,0.0007
688015.SH,20250930,0.45,0.9063,1.0139,0.1032,1,0.0463
605336.SH,20250930,0.02,0.0116,-0.4192,-0.4233,3,0.0004
000423.SZ,20250930,1.9781,3.4102,0.724,0.0105,15,0.1583
301269.SZ,20250930,0.0166,0.0099,-0.4007,0.0281,7,0.0001
000065.SZ,20250930,0.46,0.8089,0.7585,-0.2836,7,0.0477
000697.SZ,20250930,-0.2006,-0.1049,-0.4771,0.0434,30,0.0038
001379.SZ,20250930,0.3161,0.688,1.1764,0.1579,5,0.0013
001207.SZ,20250930,1.16,2.2544,0.9435,0.1229,2,0.0464
300777.SZ,20250930,0.6613,0.6986,0.0564,0.2711,1,0.0287
603122.SH,20250930,-0.03,-0.0134,-0.5524,-0.1854,2,0.0001
002925.SZ,20250930,0.24,0.4868,1.0284,0.1745,8,0.0075
603722.SH,20250930,-0.17,-0.0841,-0.5054,-0.0163,2,0.0028
002194.SZ,20250930,-0.015,-0.0086,-0.4281,0.0002,8,0.0007
002347.SZ,20250930,-0.1064,-0.0512,-0.5192,0.1006,5,0.0001
301059.SZ,20250930,0.23,0.4536,0.9721,0.2017,21,0.0105
920957.BJ,20250930,0.02,0.0114,-0.4281,0.0953,9,0.0002
600187.SH,20250930,-0.01,-0.005,-0.5016,0.0478,5,0.0001
002645.SZ,20250930,0.3397,0.4306,0.2677,0.3744,12,0.0017
600109.SH,20250930,0.461,0.9025,0.9577,0.435,1,0.0627
920118.BJ,20250930,0.4273,0.2328,-0.4553,0.042,2,0.0067
600620.SH,20250930,0.0386,0.0522,0.3519,1.2942,16,0.001
300149.SZ,20250930,0.0142,0.0075,-0.4725,0.1722,10,0.0
600171.SH,20250930,0.29,0.4504,0.553,0.2519,1,0.0176
688581.SH,20250930,2.1824,1.9092,-0.1252,0.0676,3,0.001
000631.SZ,20250930,0.03,0.0448,0.4939,-0.2264,6,0.0007
688118.SH,20250930,-0.479,-0.2278,-0.5245,-0.2781,4,0.0162
601068.SH,20250930,0.0078,0.0042,-0.4654,-0.0707,5,0.0002
600962.SH,20250930,0.1088,0.2173,0.9968,0.2769,18,0.0303
300929.SZ,20250930,-0.01,-0.0055,-0.4497,0.5352,14,0.0002
000548.SZ,20250930,0.11,0.1762,0.602,-0.2716,3,0.0042
600179.SH,20250930,0.1569,0.183,0.1664,0.1948,1,0.0083
300473.SZ,20250930,0.5248,1.0788,1.0556,0.0362,2,0.0017
603010.SH,20250930,0.09,0.0966,0.0729,0.2331,2,0.0016
603595.SH,20250930,-0.06,-0.0302,-0.4968,0.0336,9,0.0005
000959.SZ,20250930,0.1229,0.245,0.9937,-0.0606,17,0.0275
600128.SH,20250930,0.2015,0.4187,1.0781,0.0971,3,0.0062
603309.SH,20250930,0.65,1.2973,0.9958,0.1132,2,0.0797
601949.SH,20250930,0.1251,0.0698,-0.4419,-0.1285,3,0.0027
001267.SZ,20250930,0.0665,0.0632,-0.0501,2.0297,3,0.0016
002255.SZ,20250930,0.3848,0.8007,1.0808,-0.0581,17,0.0049
688721.SH,20250930,0.39,0.2222,-0.4303,-0.0399,1,0.0023
600037.SH,20250930,0.0012,0.0006,-0.5248,-0.1272,18,0.0001
601677.SH,20250930,1.12,2.2754,1.0316,0.0585,6,0.2028
603177.SH,20250930,0.06,0.0496,-0.1728,0.1949,9,0.0039
603661.SH,20250930,2.04,4.1776,1.0478,0.0844,2,0.2122
301040.SZ,20250930,-0.6612,-0.3175,-0.5199,0.1962,12,0.0098
300915.SZ,20250930,-0.1273,-0.0669,-0.4744,-0.0618,1,0.0014
688627.SH,20250930,0.44,0.8401,0.9093,0.3207,7,0.0017
300610.SZ,20250930,0.25,0.3714,0.4856,-0.0158,6,0.0002
688098.SH,20250930,0.0,0.0,-0.5042,0.0077,5,0.0
920062.BJ,20250930,0.11,0.0474,-0.5694,0.2494,5,0.0031
300770.SZ,20250930,2.24,4.5066,1.0119,0.0464,1,0.2543
300781.SZ,20250930,0.1671,0.1702,0.0188,0.0938,1,0.0031
003032.SZ,20250930,-0.0212,-0.0104,-0.5077,0.4708,1,0.0
688234.SH,20250930,0.0,0.0,-0.4723,-0.1541,1,0.0
603528.SH,20250930,-0.0283,-0.0146,-0.4828,-0.3046,11,0.0005
002136.SZ,20250930,-0.2156,-0.1198,-0.4441,-0.0404,2,0.0062
603023.SH,20250930,0.0013,0.0008,-0.4212,1.3924,2,0.0
000417.SZ,20250930,0.2208,0.1419,-0.3575,0.0002,2,0.0112
300351.SZ,20250930,0.1836,0.1291,-0.2966,0.1644,4,0.0033
688371.SH,20250930,0.09,0.1834,1.0373,0.0692,2,0.0082
000812.SZ,20250930,0.0154,0.0076,-0.5094,-0.0165,5,0.0014
002301.SZ,20250930,0.19,0.3247,0.7091,-0.0342,1,0.0026
002580.SZ,20250930,0.35,0.3498,-0.0005,0.1661,2,0.0088
300046.SZ,20250930,0.2397,0.4303,0.7953,0.1401,8,0.0237
301265.SZ,20250930,0.18,0.364,1.0225,0.5448,10,0.0155
301061.SZ,20250930,3.02,6.3189,1.0924,0.4136,3,0.3468
601077.SH,20250930,0.92,1.3599,0.4781,-0.0482,1,0.0061
301337.SZ,20250930,-0.06,-0.0305,-0.492,0.234,2,0.0029
300738.SZ,20250930,0.148,0.3126,1.1123,0.1215,10,0.006
300012.SZ,20250930,0.4855,0.9222,0.8995,0.1021,3,0.0701
300085.SZ,20250930,-0.0841,-0.0369,-0.5616,-0.1799,13,0.0003
300339.SZ,20250930,0.1,0.051,-0.4904,0.1554,7,0.0026
300225.SZ,20250930,0.037,0.0742,1.0057,0.0828,8,0.0075
000989.SZ,20250930,0.1791,0.141,-0.2125,-0.2365,2,0.0015
300508.SZ,20250930,0.683,1.1752,0.7206,0.1265,6,0.0473
000534.SZ,20250930,0.3402,0.603,0.7726,0.2399,9,0.0151
002793.SZ,20250930,0.0216,0.0119,-0.4475,-0.0896,6,0.0004
300504.SZ,20250930,-0.2038,-0.1226,-0.3986,-0.303,14,0.0063
300561.SZ,20250930,0.0046,0.0022,-0.5315,0.1169,9,0.0001
603926.SH,20250930,0.33,0.6656,1.017,-0.0171,3,0.0524
002700.SZ,20250930,0.1534,0.3088,1.0131,-0.0469,5,0.0206
600360.SH,20250930,0.16,0.3239,1.0243,0.1435,7,0.0116
300622.SZ,20250930,0.39,0.3492,-0.1046,0.1435,3,0.0251
300404.SZ,20250930,0.0571,0.0777,0.3603,0.0998,1,0.005
300819.SZ,20250930,0.35,0.2298,-0.3433,-0.0661,15,0.0028
920790.BJ,20250930,0.09,0.0587,-0.3473,-0.2183,1,0.008
000519.SZ,20250930,-0.0422,-0.0236,-0.4398,0.2779,7,0.0002
300373.SZ,20250930,1.8557,3.7307,1.0104,0.2205,2,0.2647
603197.SH,20250930,0.93,0.5303,-0.4297,0.2449,4,0.0084
600376.SH,20250930,-1.2675,-0.7047,-0.444,0.6048,4,0.0337
603797.SH,20250930,0.2,0.2341,0.1704,-0.1023,12,0.0083
603303.SH,20250930,0.4216,0.8393,0.9908,0.0424,4,0.1091
688332.SH,20250930,1.75,3.4259,0.9577,0.0779,9,0.035
002534.SZ,20250930,0.24,0.1704,-0.2899,-0.0876,7,0.0089
300237.SZ,20250930,-0.13,-0.0617,-0.5255,0.0824,3,0.0031
600831.SH,20250930,-0.85,-0.4994,-0.4125,-0.2158,4,0.0027
301501.SZ,20250930,1.3263,0.6591,-0.503,0.2287,4,0.0261
002772.SZ,20250930,0.545,1.0762,0.9747,0.0438,11,0.0721
002048.SZ,20250930,0.109,0.0563,-0.4831,0.0038,2,0.0019
600678.SH,20250930,0.0919,0.1833,0.994,0.8393,2,0.0039
600867.SH,20250930,0.61,0.7215,0.1828,0.4478,7,0.0064
002008.SZ,20250930,0.84,0.9296,0.1067,0.2586,5,0.0269
600715.SH,20250930,0.001,0.0005,-0.5238,-0.1618,7,0.0
603138.SH,20250930,-0.256,-0.1308,-0.489,0.2057,11,0.0004
601369.SH,20250930,0.36,0.7282,1.0228,-0.0487,3,0.0271
688155.SH,20250930,1.64,3.373,1.0567,0.0577,2,0.1186
300894.SZ,20250930,-0.54,-0.2811,-0.4794,-0.4411,4,0.0063
688029.SH,20250930,2.72,4.6065,0.6936,0.2307,14,0.2053
002078.SZ,20250930,0.89,1.7982,1.0205,-0.0756,22,0.0277
002114.SZ,20250930,-0.3,-0.1677,-0.4412,-0.0471,2,0.0101
920926.BJ,20250930,0.24,0.1029,-0.5713,0.0125,23,0.0008
603131.SH,20250930,-0.006,-0.0027,-0.5537,-0.1402,1,0.0001
605138.SH,20250930,0.07,0.1013,0.4474,-0.0491,15,0.0096
300197.SZ,20250930,-0.3138,-0.2056,-0.3448,-0.2862,3,0.0061
301678.SZ,20250930,0.59,0.43,-0.2712,0.1931,1,0.0051
300385.SZ,20250930,-0.4733,-0.2807,-0.4069,-0.3309,6,0.0164
002439.SZ,20250930,-0.1775,-0.0815,-0.5411,-0.3427,5,0.0043
603278.SH,20250930,0.07,0.1365,0.95,-0.0741,2,0.0091
300364.SZ,20250930,-0.714,-0.355,-0.5028,0.2366,1,0.02
002695.SZ,20250930,0.181,0.3053,0.6865,-0.0174,4,0.0013
600030.SH,20250930,1.51,3.0676,1.0315,0.3505,5,0.0866
301519.SZ,20250930,-0.12,-0.0636,-0.4698,-0.0353,4,0.0009
000948.SZ,20250930,-0.0277,-0.0137,-0.5066,0.2331,12,0.0008
688151.SH,20250930,0.01,0.0049,-0.507,-0.2331,7,0.0002
600438.SH,20250930,-1.1706,-0.6361,-0.4566,-0.0983,7,0.0428
688425.SH,20250930,0.19,0.1381,-0.273,-0.0301,8,0.0153
600999.SH,20250930,0.97,2.1154,1.1808,0.2691,1,0.0305
600827.SH,20250930,0.1654,0.1188,-0.2815,-0.1062,2,0.0067
603077.SH,20250930,0.0117,0.007,-0.4037,-0.1299,1,0.0003
601678.SH,20250930,0.1,0.1989,0.9887,0.5141,24,0.0004
603833.SH,20250930,3.01,3.1415,0.0437,-0.0593,2,0.2571
603587.SH,20250930,0.51,0.5563,0.0908,-0.059,3,0.0287
688659.SH,20250930,0.03,0.0226,-0.2471,0.1514,16,0.0007
600903.SH,20250930,0.04,0.0195,-0.513,0.0069,5,0.001
601997.SH,20250930,1.07,1.641,0.5336,-0.1888,2,0.0414
002993.SZ,20250930,1.3,1.1463,-0.1182,0.1485,2,0.0126
600598.SH,20250930,0.763,1.0672,0.3986,-0.0399,11,0.0013
300228.SZ,20250930,0.2953,0.4355,0.4748,-0.1002,26,0.0071
600537.SH,20250930,-0.18,-0.0938,-0.4787,-0.3635,4,0.0024
300736.SZ,20250930,-0.14,-0.075,-0.4643,-0.093,7,0.0004
300585.SZ,20250930,0.0195,0.0399,1.0486,0.0418,3,0.0009
001219.SZ,20250930,0.48,0.7544,0.5716,0.0599,13,0.0276
300608.SZ,20250930,-0.53,-0.2838,-0.4646,-0.2255,1,0.008
600537.SH,20250930,-0.18,-0.0757,-0.5796,-0.5199,4,0.0043
600863.SH,20250930,0.33,0.6602,1.0005,-0.0898,3,0.0496
600988.SH,20250930,1.14,2.0723,0.8178,0.3793,21,0.1609
300946.SZ,20250930,0.28,0.1587,-0.4332,0.1513,3,0.0015
600006.SH,20250930,0.0508,0.0356,-0.2985,-0.0927,8,0.0011
688533.SH,20250930,0.83,1.6341,0.9688,0.0731,1,0.0962
605018.SH,20250930,0.13,0.0888,-0.3168,-0.1107,6,0.0004
603797.SH,20250930,0.2,0.2144,0.0719,-0.0931,4,0.0016
601006.SH,20250930,0.31,0.2748,-0.1135,0.007,4,0.016
301380.SZ,20250930,0.26,0.3956,0.5214,0.1591,9,0.0133
920082.BJ,20250930,0.4,0.4639,0.1597,-0.0626,5,0.0019
688226.SH,20250930,0.07,0.0416,-0.406,-0.014,2,0.0024
002712.SZ,20250930,-0.0272,-0.0141,-0.4809,0.1658,5,0.0014
920670.BJ,20250930,0.01,0.0053,-0.4745,1.2289,1,0.0002
601696.SH,20250930,0.31,0.4051,0.3067,0.2708,30,0.0234
300950.SZ,20250930,0.47,0.5364,0.1413,-0.0879,1,0.0182
300109.SZ,20250930,0.41,0.2418,-0.4103,-0.1783,1,0.0005
688223.SH,20250930,-0.39,-0.2313,-0.4069,-0.319,2,0.0223
920163.BJ,20250930,0.23,0.1515,-0.3413,0.1791,3,0.0077
688385.SH,20250930,0.4,0.3979,-0.0053,0.1273,11,0.0235
300587.SZ,20250930,-0.05,-0.0275,-0.4493,-0.3169,9,0.0012
300463.SZ,20250930,0.0606,0.029,-0.521,-0.166,3,0.0008
001256.SZ,20250930,0.57,1.186,1.0807,0.0259,4,0.0539
600152.SH,20250930,-0.1122,-0.0592,-0.4721,-0.055,2,0.0022
920056.BJ,20250930,0.62,0.4672,-0.2464,0.0418,4,0.0147
300467.SZ,20250930,0.09,0.0685,-0.2386,-0.0772,6,0.0019
002320.SZ,20250930,0.0852,0.0928,0.0896,0.0226,3,0.0008
600808.SH,20250930,0.01,0.0049,-0.5131,-0.0869,4,0.0002
300173.SZ,20250930,-0.0271,-0.0154,-0.4309,0.0647,30,0.0013
300791.SZ,20250930,0.8523,1.7481,1.0511,0.0762,2,0.1105
300368.SZ,20250930,-0.0976,-0.0515,-0.4726,-0.3093,10,0.0041
002931.SZ,20250930,0.1,0.2122,1.1216,0.0871,1,0.0032
601968.SH,20250930,0.14,0.2496,0.7827,0.0699,1,0.007
002202.SZ,20250930,0.5969,1.2387,1.0753,0.3718,7,0.0254
002961.SZ,20250930,0.87,1.7646,1.0283,-0.0255,9,0.0568
600617.SH,20250930,-0.01,-0.0068,-0.322,-0.0346,1,0.0004
600063.SH,20250930,0.181,0.3596,0.987,-0.0102,3,0.011
600108.SH,20250930,0.0181,0.0206,0.1371,0.0706,7,0.0007
603272.SH,20250930,0.02,0.0094,-0.5289,0.1483,5,0.0007
002522.SZ,20250930,0.05,0.0962,0.9232,-0.0942,1,0.0046
300308.SZ,20250930,6.48,13.3891,1.0662,0.4719,3,0.2896
002841.SZ,20250930,1.26,2.6893,1.1344,0.0765,4,0.2485
002643.SZ,20250930,0.33,0.1373,-0.5838,0.0547,8,0.0063
300965.SZ,20250930,0.4289,0.8634,1.013,0.2046,5,0.0004
601008.SH,20250930,0.086,0.0966,0.1231,-0.0557,1,0.0001
300675.SZ,20250930,-0.4766,-0.2753,-0.4224,-0.2989,3,0.0145
688411.SH,20250930,3.58,5.7715,0.6122,0.5258,14,0.3237
300303.SZ,20250930,0.15,0.1376,-0.0827,0.1787,2,0.0118
002996.SZ,20250930,0.37,0.747,1.0188,0.0723,3,0.0312
300899.SZ,20250930,0.4852,0.9518,0.9616,0.9553,1,0.0503
603728.SH,20250930,0.119,0.059,-0.5044,0.0829,6,0.0073
002033.SZ,20250930,0.3493,0.615,0.7607,0.072,3,0.0423
688007.SH,20250930,-0.3,-0.1534,-0.4885,-0.2432,9,0.0012
300145.SZ,20250930,0.1479,0.2137,0.4451,-0.0451,4,0.0236
601116.SH,20250930,0.2091,0.332,0.5876,0.0324,10,0.0328
600773.SH,20250930,-0.118,-0.0643,-0.4549,2.7819,14,0.0015
300086.SZ,20250930,-0.2123,-0.1054,-0.5033,-0.0779,8,0.0075
603580.SH,20250930,0.1018,0.2151,1.1128,0.4796,2,0.029
300962.SZ,20250930,0.3402,0.6889,1.0251,0.0492,8,0.0065
601919.SH,20250930,1.74,3.5766,1.0555,-0.0556,1,0.2368
301367.SZ,20250930,2.0252,4.2923,1.1194,0.3443,16,0.0344
688710.SH,20250930,-0.1,-0.0519,-0.481,-0.357,3,0.003
301197.SZ,20250930,-0.18,-0.0993,-0.4482,0.1107,6,0.0048
002517.SZ,20250930,0.74,0.7566,0.0225,0.0324,4,0.0006
301591.SZ,20250930,0.7,1.0728,0.5326,-0.0144,5,0.0202
600742.SH,20250930,0.5282,1.0868,1.0575,0.0474,1,0.0303
600543.SH,20250930,-0.16,-0.0907,-0.4332,-0.2991,9,0.0003
603211.SH,20250930,0.21,0.4146,0.9742,0.0946,7,0.0053
600688.SH,20250930,-0.041,-0.0187,-0.5449,-0.0814,5,0.0005
600919.SH,20250930,1.59,1.8153,0.1417,0.0854,3,0.0831
688009.SH,20250930,0.22,0.3213,0.4603,0.0393,3,0.0219
600169.SH,20250930,0.0253,0.0506,0.9998,0.1067,4,0.0008
300967.SZ,20250930,0.9846,2.0278,1.0595,0.5935,1,0.1653
003003.SZ,20250930,0.2846,0.4363,0.5331,-0.1711,6,0.0026
300509.SZ,20250930,0.27,0.5675,1.1018,0.1337,9,0.0263
002732.SZ,20250930,0.34,0.24,-0.2942,-0.0966,5,0.014
301272.SZ,20250930,0.34,0.6997,1.0579,-0.0199,1,0.0718
002456.SZ,20250930,-0.0207,-0.0089,-0.5678,0.0917,3,0.0005
603682.SH,20250930,0.18,0.3568,0.9823,-0.0762,5,0.0012
600470.SH,20250930,-0.4,-0.2095,-0.4764,0.0237,5,0.0099
002192.SZ,20250930,0.5545,1.0994,0.9827,0.2805,4,0.0457
002254.SZ,20250930,0.04,0.018,-0.5509,-0.081,2,0.0001
300124.SZ,20250930,1.58,3.1805,1.013,0.238,5,0.0251
603217.SH,20250930,0.733,1.0721,0.4626,-0.0216,2,0.075
688181.SH,20250930,0.35,0.1722,-0.5081,0.1816,2,0.0057
920701.BJ,20250930,0.4,0.2499,-0.3753,0.1869,1,0.0057
301015.SZ,20250930,0.91,0.6544,-0.2809,-0.1172,8,0.033
300573.SZ,20250930,2.44,4.9139,1.0139,0.3704,2,0.5312
688627.SH,20250930,0.44,0.8936,1.0308,0.3597,3,0.027
688228.SH,20250930,-0.05,-0.0288,-0.4241,-0.0112,4,0.0022
300905.SZ,20250930,0.6,1.1524,0.9207,0.06,2,0.0088
300615.SZ,20250930,0.0748,0.1272,0.7006,0.9215,3,0.0002
603983.SH,20250930,0.61,0.6329,0.0376,0.3146,8,0.0132
002907.SZ,20250930,0.1735,0.3103,0.7883,-0.0027,12,0.0151
300705.SZ,20250930,0.82,1.6509,1.0132,0.0273,8,0.0442
300578.SZ,20250930,0.051,0.0283,-0.4451,0.0271,30,0.0006
600615.SH,20250930,0.023,0.0405,0.7624,3.3955,3,0.0021
603729.SH,20250930,-0.71,-0.338,-0.5239,0.282,4,0.0099
603660.SH,20250930,-0.6325,-0.3488,-0.4485,-0.011,5,0.0162
601018.SH,20250930,0.199,0.3763,0.8908,0.0807,3,0.0038
300590.SZ,20250930,0.1348,0.0654,-0.5151,-0.213,1,0.0011
603458.SH,20250930,-0.43,-0.2411,-0.4392,-0.0541,2,0.0174
300107.SZ,20250930,0.0106,0.0085,-0.1972,-0.1955,7,0.0003
601939.SH,20250930,1.0,2.1215,1.1215,0.0276,3,0.1445
600639.SH,20250930,0.3034,0.4517,0.4887,-0.3027,20,0.0018
603808.SH,20250930,0.31,0.6255,1.0177,-0.0715,1,0.0232
300056.SZ,20250930,-0.1212,-0.0674,-0.4435,-0.0113,5,0.0012
002935.SZ,20250930,0.0355,0.0403,0.1355,-0.0363,3,0.0014
002103.SZ,20250930,0.2368,0.4284,0.809,-0.0247,4,0.0264
600120.SH,20250930,0.24,0.4957,1.0653,-0.2747,2,0.0102
002859.SZ,20250930,0.41,0.631,0.5391,0.1331,6,0.0005
920876.BJ,20250930,0.0354,0.0154,-0.5645,0.2098,5,0.0005
301066.SZ,20250930,0.1,0.0488,-0.512,0.0489,6,0.0045
002958.SZ,20250930,0.57,1.0881,0.9089,-0.0554,14,0.089
601005.SH,20250930,-0.02,-0.0126,-0.3705,-0.076,3,0.0003
002209.SZ,20250930,0.5187,1.0691,1.061,0.3999,3,0.0407
601702.SH,20250930,0.9,1.9509,1.1677,0.2047,11,0.1386
603818.SH,20250930,-0.1,-0.0567,-0.4326,-0.0545,3,0.0017
603871.SH,20250930,0.64,0.955,0.4921,0.0036,2,0.0715
300483.SZ,20250930,-0.006,-0.0035,-0.4198,1.0067,2,0.0001
002329.SZ,20250930,-0.0596,-0.0322,-0.4604,-0.099,5,0.0005
002940.SZ,20250930,0.39,0.4828,0.238,-0.0797,1,0.007
002351.SZ,20250930,0.3373,0.2855,-0.1536,-0.075,1,0.0182
603018.SH,20250930,0.27,0.5162,0.912,-0.0737,16,0.0199
603066.SH,20250930,0.2121,0.144,-0.3211,-0.2298,1,0.0159
301381.SZ,20250930,0.5225,0.5715,0.0937,0.1701,1,0.016
605277.SH,20250930,0.49,0.7775,0.5866,0.1823,1,0.0138
603350.SH,20250930,0.83,0.8955,0.0789,0.3448,28,0.0627
601100.SH,20250930,1.56,2.6958,0.7281,0.1134,8,0.1324
600987.SH,20250930,0.473,0.9476,1.0034,-0.0384,10,0.0744
688733.SH,20250930,-0.07,-0.0385,-0.4495,0.15,9,0.0004
600406.SH,20250930,0.61,1.1315,0.8549,0.1364,1,0.0058
000036.SZ,20250930,0.0243,0.025,0.028,0.0016,5,0.0014
605081.SH,20250930,-0.73,-0.467,-0.3602,-0.1389,6,0.0047
600266.SH,20250930,0.2985,0.5877,0.9688,0.6409,9,0.0689
600817.SH,20250930,0.3497,0.291,-0.1678,-0.0812,16,0.0086
601339.SH,20250930,0.37,0.3918,0.0588,-0.0053,7,0.004
000655.SZ,20250930,0.3703,0.7698,1.0788,0.1035,4,0.0174
001234.SZ,20250930,0.3157,0.3449,0.0925,-0.029,7,0.0111
301529.SZ,20250930,1.28,2.6212,1.0478,0.3241,3,0.0252
688809.SH,20250930,2.57,5.2692,1.0503,0.6546,3,0.8319
002593.SZ,20250930,0.1,0.2084,1.0836,0.1976,3,0.0014
600234.SH,20250930,0.1184,0.2376,1.007,0.6221,2,0.0025
688318.SH,20250930,0.72,0.9768,0.3567,-0.1015,2,0.0742
001283.SZ,20250930,2.26,4.6426,1.0543,0.2221,2,0.0231
603395.SH,20250930,0.18,0.0859,-0.5227,-0.0787,9,0.0023
000883.SZ,20250930,0.36,0.5003,0.3897,-0.1421,12,0.0124
002093.SZ,20250930,0.1975,0.4045,1.048,0.0893,9,0.0262
300566.SZ,20250930,0.63,0.7104,0.1277,-0.0088,3,0.0361
688055.SH,20250930,-0.054,-0.0292,-0.4596,-0.2551,3,0.0023
688381.SH,20250930,-0.1037,-0.0522,-0.4963,0.1571,1,0.0009
688626.SH,20250930,0.29,0.177,-0.3897,0.0549,2,0.0085
000728.SZ,20250930,0.46,0.9503,1.0659,0.2259,5,0.0299
603360.SH,20250930,0.18,0.1252,-0.3047,0.1575,1,0.0027
600576.SH,20250930,0.1482,0.2161,0.4581,0.3181,1,0.0056
603377.SH,20250930,-0.14,-0.084,-0.4,-0.2087,2,0.0048
301379.SZ,20250930,0.5714,0.4806,-0.1588,0.2768,1,0.0208
000058.SZ,20250930,0.0754,0.1537,1.0383,0.0018,5,0.0025
603998.SH,20250930,0.61,1.1921,0.9542,-0.0608,4,0.016
002185.SZ,20250930,0.1686,0.3446,1.0438,0.1836,6,0.0231
001279.SZ,20250930,0.2848,0.2221,-0.2202,-0.0147,1,0.012
603727.SH,20250930,0.0844,0.047,-0.4429,-0.2851,3,0.0014
300376.SZ,20250930,0.04,0.033,-0.1755,0.0864,4,0.0009
301590.SZ,20250930,3.42,5.099,0.4909,-0.0331,2,0.1835
002028.SZ,20250930,2.81,3.9673,0.4118,0.3416,2,0.0682
000526.SZ,20250930,1.9477,2.8162,0.4459,0.183,19,0.1062
605016.SH,20250930,0.63,0.4501,-0.2856,0.1765,2,0.0047
002935.SZ,20250930,0.0355,0.0357,0.0046,-0.1257,5,0.0002
600986.SH,20250930,0.09,0.1778,0.9756,0.0153,12,0.0025
600706.SH,20250930,-0.1,-0.0489,-0.5115,-0.3478,10,0.0002
300645.SZ,20250930,0.05,0.0218,-0.5644,0.0374,3,0.0003
920871.BJ,20250930,0.16,0.0794,-0.5038,0.0101,1,0.0015
603767.SH,20250930,0.08,0.0549,-0.3133,0.0282,6,0.0009
300998.SZ,20250930,-0.1625,-0.0849,-0.4778,0.4198,3,0.0023
300812.SZ,20250930,0.25,0.4071,0.6284,0.0934,23,0.0108
002572.SZ,20250930,0.7077,1.4324,1.0241,-0.0659,4,0.0153
300087.SZ,20250930,-0.19,-0.092,-0.5156,-0.0718,2,0.0034
600191.SH,20250930,0.1181,0.232,0.9644,0.0233,2,0.0095
300346.SZ,20250930,0.44,0.5974,0.3578,0.0637,6,0.0527
605298.SH,20250930,0.27,0.532,0.9703,0.3409,17,0.0104
688478.SH,20250930,-0.08,-0.0379,-0.5269,-0.4449,7,0.0026
300518.SZ,20250930,-0.14,-0.0693,-0.5051,0.0415,3,0.0006
600230.SH,20250930,0.115,0.1902,0.6542,-0.087,4,0.0094
600303.SH,20250930,-0.32,-0.2085,-0.3484,0.2367,13,0.0192
688236.SH,20250930,0.5,0.3621,-0.2759,0.4579,3,0.0036
600684.SH,20250930,0.04,0.0818,1.0459,0.05,5,0.005
002562.SZ,20250930,0.0954,0.1881,0.9721,0.04,10,0.0109
600211.SH,20250930,2.24,4.0521,0.809,-0.0486,6,0.0283
603937.SH,20250930,-0.07,-0.0377,-0.4617,0.2469,1,0.0007
000761.SZ,20250930,-0.539,-0.2994,-0.4445,-0.0799,3,0.0221
000595.SZ,20250930,0.1,0.2024,1.0236,0.1019,2,0.0031
301376.SZ,20250930,0.68,1.3872,1.0399,0.0551,3,0.095
300492.SZ,20250930,1.27,2.5342,0.9954,0.1497,17,0.086
300366.SZ,20250930,-0.3276,-0.1736,-0.4702,0.0899,16,0.0077
688306.SH,20250930,-0.0447,-0.0217,-0.514,-0.0415,4,0.0013
688432.SH,20250930,0.1255,0.263,1.0957,-0.0103,8,0.0141
605108.SH,20250930,0.12,0.0619,-0.4839,0.012,1,0.0006
600981.SH,20250930,0.02,0.0117,-0.4149,0.0785,5,0.0008
603332.SH,20250930,0.26,0.4587,0.7641,-0.0968,2,0.039
688028.SH,20250930,0.4725,0.94,0.9894,0.1104,5,0.0756
002237.SZ,20250930,0.49,0.9214,0.8805,0.3158,7,0.0201
920703.BJ,20250930,0.52,0.3065,-0.4105,-0.3076,4,0.0037
301058.SZ,20250930,0.23,0.1331,-0.4215,0.2876,6,0.0002
920357.BJ,20250930,0.61,0.7579,0.2425,0.5588,5,0.0112
600906.SH,20250930,0.2,0.4027,1.0137,0.2061,1,0.0257
000816.SZ,20250930,0.0071,0.0052,-0.2669,-0.1621,6,0.0003
301003.SZ,20250930,0.82,0.9632,0.1747,-0.1747,2,0.0088
002657.SZ,20250930,-0.329,-0.1627,-0.5054,0.0544,4,0.0003
000923.SZ,20250930,0.8237,0.5136,-0.3765,-0.061,3,0.023
603183.SH,20250930,0.01,0.0059,-0.4115,-0.0975,9,0.0002
688639.SH,20250930,0.67,0.4591,-0.3148,0.4869,15,0.0077
000859.SZ,20250930,-0.07,-0.0316,-0.549,-0.0858,4,0.0025
688651.SH,20250930,-0.72,-0.3809,-0.471,0.1261,3,0.0388
300642.SZ,20250930,0.0356,0.0355,-0.0026,-0.2146,7,0.0006
002736.SZ,20250930,0.85,1.6981,0.9978,0.7306,5,0.1072
688625.SH,20250930,1.21,1.5221,0.2579,0.1266,3,0.0778
002694.SZ,20250930,-0.4213,-0.2503,-0.4058,0.0345,3,0.0095
603958.SH,20250930,-0.084,-0.049,-0.4169,0.8762,19,0.0013
600621.SH,20250930,0.48,0.6595,0.3739,0.363,9,0.0532
301088.SZ,20250930,0.1899,0.3286,0.7306,-0.0586,1,0.0234
300449.SZ,20250930,-0.1391,-0.0785,-0.4356,0.4416,4,0.0022
301002.SZ,20250930,0.06,0.12,1.0007,0.0946,11,0.0121
000930.SZ,20250930,0.0427,0.0571,0.3377,-0.1688,2,0.0006
603393.SH,20250930,1.92,3.975,1.0703,0.0259,4,0.0352
300436.SZ,20250930,-0.7006,-0.3746,-0.4654,-0.045,1,0.0046
000404.SZ,20250930,0.5516,1.1008,0.9957,-0.0224,7,0.0128
603173.SH,20250930,2.18,4.559,1.0913,0.2857,3,0.0713
600017.SH,20250930,0.17,0.3547,1.0866,-0.0621,2,0.0018
688017.SH,20250930,0.5112,1.0658,1.0849,0.5018,4,0.0668
600072.SH,20250930,-0.9516,-0.462,-0.5145,0.2733,1,0.001
601991.SH,20250930,0.299,0.6095,1.0385,0.015,3,0.0383
603406.SH,20250930,0.89,1.7647,0.9828,-0.093,4,0.0343
300951.SZ,20250930,0.85,0.447,-0.4741,0.0249,4,0.0382
002803.SZ,20250930,0.53,0.3307,-0.3761,0.3412,2,0.0299
600853.SH,20250930,0.25,0.2064,-0.1746,-0.0659,1,0.0159
300881.SZ,20250930,1.3786,1.8051,0.3094,0.1763,16,0.043
301037.SZ,20250930,0.0509,0.0254,-0.5002,-0.2171,1,0.0013
002575.SZ,20250930,-0.04,-0.0177,-0.5572,0.2498,1,0.0008
603439.SH,20250930,0.2,0.1582,-0.209,-0.3009,11,0.0095
000030.SZ,20250930,0.2557,0.5179,1.0254,0.0426,5,0.0049
920010.BJ,20250930,0.12,0.0856,-0.287,-0.1324,5,0.0021
300841.SZ,20250930,1.4553,0.6742,-0.5367,-0.2072,4,0.022
301186.SZ,20250930,1.39,1.5177,0.0919,0.1203,1,0.0407
600477.SH,20250930,0.0628,0.1212,0.9297,-0.0715,8,0.0004
920346.BJ,20250930,0.42,0.363,-0.1357,0.0805,2,0.007
600599.SH,20250930,0.082,0.0416,-0.493,-0.3088,2,0.0035
601077.SH,20250930,0.92,1.3059,0.4194,0.0132,3,0.0546
002767.SZ,20250930,0.1391,0.2825,1.0306,0.0718,1,0.0211
000546.SZ,20250930,-0.131,-0.0714,-0.4548,0.4737,7,0.0009
600643.SH,20250930,0.118,0.1898,0.6083,0.0048,14,0.0121
600676.SH,20250930,-0.03,-0.015,-0.4994,0.0492,1,0.0003
688305.SH,20250930,0.5535,0.2992,-0.4594,0.0409,11,0.0016
002119.SZ,20250930,0.26,0.5205,1.0019,0.0575,1,0.0111
603610.SH,20250930,0.42,0.4312,0.0267,0.0276,2,0.0073
603421.SH,20250930,-0.52,-0.2391,-0.5402,-0.4686,2,0.0091
301665.SZ,20250930,0.85,1.6975,0.9971,0.255,6,0.0719
600415.SH,20250930,0.63,1.2734,1.0213,0.2605,9,0.0529
000726.SZ,20250930,0.62,1.2729,1.053,0.008,20,0.0607
000553.SZ,20250930,-0.1815,-0.1057,-0.4178,0.0033,1,0.0015
600008.SH,20250930,0.1954,0.1688,-0.1361,-0.0634,3,0.0034
300386.SZ,20250930,0.02,0.0101,-0.4975,-0.0123,5,0.0004
300254.SZ,20250930,0.0922,0.0896,-0.0278,0.0226,13,0.0014
000839.SZ,20250930,0.0022,0.0011,-0.4813,-0.0433,3,0.0001
603583.SH,20250930,0.99,1.9998,1.02,0.1826,2,0.0078
603121.SH,20250930,0.08,0.0669,-0.164,-0.0925,3,0.0011
688073.SH,20250930,1.37,1.6603,0.2119,0.1968,5,0.0398
002717.SZ,20250930,-0.11,-0.0531,-0.517,-0.7524,6,0.0018
300306.SZ,20250930,0.18,0.3707,1.0595,-0.0487,14,0.0262
001201.SZ,20250930,0.04,0.0213,-0.4687,0.5343,1,0.0003
603091.SH,20250930,1.94,2.34,0.2062,-0.0696,1,0.0058
002088.SZ,20250930,0.1983,0.2472,0.2465,-0.3262,1,0.0255
920252.BJ,20250930,0.07,0.0466,-0.3336,-0.0462,4,0.0025
301070.SZ,20250930,0.2403,0.3871,0.6111,-0.1649,6,0.0154
002702.SZ,20250930,-0.0507,-0.0323,-0.3621,-0.1262,4,0.0024
002927.SZ,20250930,0.15,0.0778,-0.4815,-0.0405,7,0.0025
600121.SH,20250930,-0.3137,-0.1555,-0.5044,-0.1456,7,0.0031
300755.SZ,20250930,-0.48,-0.2143,-0.5535,-0.322,18,0.0128
601998.SH,20250930,0.89,0.6245,-0.2983,0.0061,4,0.0283
601136.SH,20250930,0.29,0.5092,0.7557,0.0508,2,0.0441
002942.SZ,20250930,0.66,1.0239,0.5514,0.1002,5,0.0143
300554.SZ,20250930,-0.1694,-0.0926,-0.4531,-0.384,4,0.0045
603318.SH,20250930,-0.1,-0.046,-0.5402,0.0241,8,0.0019
301221.SZ,20250930,0.4834,0.9683,1.0032,0.2767,1,0.0055
603129.SH,20250930,9.29,13.2631,0.4277,0.2979,1,0.1665
601218.SH,20250930,0.1177,0.2334,0.983,0.2344,1,0.0093
300396.SZ,20250930,-0.32,-0.1583,-0.5053,-0.579,3,0.0033
600416.SH,20250930,0.15,0.3005,1.0033,0.0726,2,0.0117
603317.SH,20250930,0.3709,0.355,-0.0429,0.0138,6,0.0007
605056.SH,20250930,0.32,0.6497,1.0304,0.3708,1,0.0466
601127.SH,20250930,3.34,6.4239,0.9233,0.0338,6,0.5063
301086.SZ,20250930,0.91,1.496,0.6439,0.0149,4,0.0203
000786.SZ,20250930,1.531,3.2334,1.112,0.0088,7,0.0704
688223.SH,20250930,-0.39,-0.1814,-0.5349,-0.3762,12,0.0015
000880.SZ,20250930,0.4,0.8321,1.0802,0.519,5,0.0019
603811.SH,20250930,0.45,0.9073,1.0162,0.1192,1,0.0564
000581.SZ,20250930,1.19,2.4605,1.0677,0.0842,3,0.1627
605299.SH,20250930,0.09,0.1816,1.0183,0.1703,9,0.0011
603390.SH,20250930,0.16,0.3293,1.0583,0.6727,1,0.0168
603200.SH,20250930,0.6808,1.412,1.074,-0.0489,1,0.1305
301280.SZ,20250930,1.19,1.4901,0.2522,0.1443,10,0.1477
300201.SZ,20250930,0.1873,0.3973,1.1211,0.2599,2,0.0236
002930.SZ,20250930,-0.08,-0.0444,-0.4444,-0.1992,8,0.0027
000596.SZ,20250930,7.49,7.8627,0.0498,-0.1141,3,0.3138
688496.SH,20250930,-0.1,-0.0555,-0.4449,-0.1455,5,0.0016
920068.BJ,20250930,0.099,0.0552,-0.4422,-0.2134,4,0.0019
601021.SH,20250930,2.4,2.6249,0.0937,-0.0118,5,0.0095
920806.BJ,20250930,0.08,0.0443,-0.4467,-0.2673,22,0.0033
300170.SZ,20250930,0.15,0.3083,1.0552,0.0266,3,0.0124
300382.SZ,20250930,0.02,0.0117,-0.4136,0.5226,4,0.0006
920510.BJ,20250930,-0.05,-0.0299,-0.401,-0.155,3,0.0008
002335.SZ,20250930,0.73,1.424,0.9506,0.0701,2,0.1146
688365.SH,20250930,-0.04,-0.0218,-0.454,0.1385,14,0.0015
301217.SZ,20250930,0.08,0.1567,0.9588,0.5058,1,0.0032
688316.SH,20250930,-1.05,-0.5438,-0.4821,-0.2043,9,0.0085
600020.SH,20250930,0.3895,0.6616,0.6987,0.042,3,0.0322
002659.SZ,20250930,0.002,0.0011,-0.4605,0.0985,1,0.0001
688334.SH,20250930,0.6239,1.2677,1.0319,0.1762,15,0.1776
920098.BJ,20250930,0.63,0.3296,-0.4768,0.0236,4,0.0105
300887.SZ,20250930,-0.3644,-0.1704,-0.5324,-0.1836,6,0.0087
300214.SZ,20250930,0.0086,0.0073,-0.1481,0.1513,5,0.0002
601916.SH,20250930,0.42,0.8257,0.966,-0.1046,2,0.0076
300723.SZ,20250930,-0.3013,-0.1907,-0.3672,-0.2822,22,0.0009
301171.SZ,20250930,0.43,0.8605,1.0013,0.5473,1,0.0033
603021.SH,20250930,-0.3,-0.1778,-0.4074,-0.0679,1,0.0033
603319.SH,20250930,0.39,0.363,-0.0691,0.0899,3,0.0091
601133.SH,20250930,0.25,0.5087,1.0349,-0.1398,11,0.0172
301326.SZ,20250930,-0.1741,-0.0992,-0.43,0.633,12,0.003
300871.SZ,20250930,1.0134,1.9903,0.964,0.5933,4,0.028
301528.SZ,20250930,0.5856,1.1813,1.0173,0.3568,12,0.0067
920925.BJ,20250930,0.18,0.2011,0.1174,0.8325,5,0.0039
301082.SZ,20250930,0.14,0.2103,0.5022,0.3477,14,0.0108
688583.SH,20250930,0.92,0.9198,-0.0002,0.1578,3,0.0637
920593.BJ,20250930,0.14,0.0789,-0.4361,0.1059,9,0.0074
003020.SZ,20250930,0.64,1.2502,0.9535,-0.0307,6,0.0189
002366.SZ,20250930,-0.0352,-0.0229,-0.348,0.048,2,0.0001
688696.SH,20250930,1.18,2.4601,1.0848,-0.0247,3,0.0549
688100.SH,20250930,0.97,1.9977,1.0595,0.1042,2,0.1556
300795.SZ,20250930,0.12,0.0663,-0.4473,-0.089,1,0.0022
002443.SZ,20250930,0.1808,0.3542,0.9591,-0.0537,4,0.0046
001270.SZ,20250930,0.444,0.8829,0.9886,2.0294,3,0.0105
920970.BJ,20250930,-0.1,-0.0536,-0.4644,0.0134,3,0.0
600019.SH,20250930,0.37,0.2358,-0.3628,-0.0313,1,0.0136
002304.SZ,20250930,2.6387,1.9132,-0.2749,-0.3018,3,0.04
603501.SH,20250930,2.67,5.4031,1.0236,0.1642,2,0.3148
300018.SZ,20250930,0.23,0.451,0.9607,0.2037,7,0.0027
002121.SZ,20250930,0.1396,0.2734,0.9585,0.2687,3,0.002
001236.SZ,20250930,0.0021,0.001,-0.5171,-0.7814,10,0.0
603351.SH,20250930,0.84,0.8524,0.0147,0.0013,1,0.0365
002956.SZ,20250930,0.59,1.2074,1.0464,0.1879,3,0.0563
001288.SZ,20250930,0.54,0.5757,0.0661,0.3667,1,0.0082
000555.SZ,20250930,-0.1111,-0.0505,-0.5455,0.2894,15,0.001
600339.SH,20250930,0.0937,0.1926,1.055,0.1352,3,0.0103
601009.SH,20250930,1.54,1.3824,-0.1024,0.0415,5,0.0133
001218.SZ,20250930,0.772,1.6077,1.0825,0.3328,8,0.027
002066.SZ,20250930,0.0089,0.0046,-0.4801,-0.1683,12,0.0
688037.SH,20250930,-0.05,-0.0273,-0.4535,-0.139,9,0.0007
688503.SH,20250930,0.99,0.9078,-0.083,0.1076,1,0.0071
603956.SH,20250930,-0.14,-0.0752,-0.4626,-0.2208,2,0.0026
000581.SZ,20250930,1.19,2.4653,1.0717,0.0303,5,0.0141
600487.SH,20250930,0.98,1.112,0.1347,0.2036,5,0.022
920566.BJ,20250930,0.38,0.196,-0.4843,0.0104,1,0.0165
688150.SH,20250930,0.45,0.9047,1.0104,0.1681,1,0.0369
600716.SH,20250930,0.0096,0.006,-0.3765,2.1696,10,0.0003
688802.SH,20250930,-1.09,-0.6196,-0.4315,4.4985,1,0.0413
688630.SH,20250930,1.51,2.9862,0.9776,0.2874,3,0.0401
001356.SZ,20250930,0.14,0.082,-0.414,-0.0949,2,0.0006
601696.SH,20250930,0.31,0.4164,0.3432,0.2524,7,0.0179
300029.SZ,20250930,-0.0731,-0.0381,-0.4781,-0.5187,7,0.0009
002171.SZ,20250930,0.237,0.4404,0.8582,0.1364,4,0.0071
920227.BJ,20250930,0.77,0.5774,-0.2502,0.0424,4,0.0354
002541.SZ,20250930,0.722,0.5768,-0.201,0.0114,4,0.0547
688484.SH,20250930,0.45,0.3948,-0.1227,0.3048,4,0.0048
920195.BJ,20250930,0.82,0.7738,-0.0563,0.1798,1,0.0054
301123.SZ,20250930,0.1222,0.1516,0.2403,0.3163,12,0.0069
002651.SZ,20250930,0.08,0.0539,-0.3258,-0.1177,2,0.0012
000929.SZ,20250930,0.0591,0.0821,0.3889,0.2619,9,0.0015
603201.SH,20250930,0.87,1.7168,0.9733,0.0132,1,0.0546
300447.SZ,20250930,0.1021,0.0933,-0.0857,-0.1239,5,0.0045
002062.SZ,20250930,0.2,0.1759,-0.1204,0.0149,5,0.0116
603113.SH,20250930,-0.09,-0.0449,-0.5007,0.0475,1,0.0005
002431.SZ,20250930,-0.29,-0.1348,-0.535,-0.1787,2,0.0056
603665.SH,20250930,0.82,1.6663,1.032,0.0875,2,0.0705
300891.SZ,20250930,-0.0282,-0.0155,-0.4516,0.081,4,0.0002
002661.SZ,20250930,0.403,0.8252,1.0477,-0.1381,2,0.0743
002824.SZ,20250930,0.35,0.2989,-0.146,0.1847,1,0.035
300959.SZ,20250930,0.04,0.0318,-0.2047,-0.4293,8,0.0004
300081.SZ,20250930,-0.2503,-0.1167,-0.5337,-0.0095,7,0.0023
603583.SH,20250930,0.99,1.9714,0.9913,0.1947,1,0.0773
600066.SH,20250930,1.49,3.0102,1.0203,0.1428,6,0.0732
003017.SZ,20250930,0.9846,1.5954,0.6204,0.0906,2,0.056
001358.SZ,20250930,0.37,0.2162,-0.4157,0.1182,2,0.0181
600883.SH,20250930,0.0942,0.0494,-0.4756,0.6118,3,0.0012
300137.SZ,20250930,0.01,0.0056,-0.4388,0.0113,3,0.0001
300394.SZ,20250930,1.8863,3.6247,0.9216,0.6132,14,0.0347
920427.BJ,20250930,0.04,0.0213,-0.4669,0.316,12,0.0021
002392.SZ,20250930,0.29,0.2562,-0.1166,0.1109,2,0.0039
603711.SH,20250930,-0.22,-0.1105,-0.4977,-0.0953,2,0.0055
300467.SZ,20250930,0.09,0.0555,-0.3832,-0.0359,9,0.0024
600352.SH,20250930,0.4294,0.629,0.4647,-0.0638,4,0.0338
600733.SH,20250930,-0.61,-0.3286,-0.4614,0.6207,15,0.0099
000558.SZ,20250930,-0.0143,-0.0086,-0.4007,0.7162,14,0.0001
601949.SH,20250930,0.1251,0.0604,-0.5169,-0.1552,8,0.0029
688571.SH,20250930,0.18,0.224,0.2444,-0.0755,3,0.0034
301097.SZ,20250930,0.34,0.3944,0.1601,0.301,4,0.0043
300623.SZ,20250930,0.42,0.8482,1.0195,0.2222,4,0.0191
001387.SZ,20250930,0.261,0.3136,0.2014,0.0182,1,0.01
688403.SH,20250930,0.15,0.2962,0.9745,0.1774,6,0.0033
002941.SZ,20250930,0.67,1.3102,0.9555,0.3426,5,0.0156
600655.SH,20250930,-0.128,-0.0781,-0.3901,-0.2543,4,0.0011
688611.SH,20250930,0.0039,0.0022,-0.444,-0.4854,3,0.0001
301339.SZ,20250930,0.295,0.2116,-0.2827,0.174,3,0.0069
300842.SZ,20250930,0.21,0.1015,-0.5167,0.0743,19,0.0066
601199.SH,20250930,0.2946,0.2701,-0.0833,0.0307,5,0.0131
000525.SZ,20250930,-0.2092,-0.0996,-0.5237,-0.0935,3,0.0057
301191.SZ,20250930,0.68,0.8672,0.2752,-0.0215,16,0.0292
300652.SZ,20250930,1.03,1.8996,0.8443,0.5477,13,0.0191
002314.SZ,20250930,0.12,0.2294,0.9114,1.6116,2,0.0065
301198.SZ,20250930,-0.0276,-0.0144,-0.4769,0.3444,2,0.0013
002300.SZ,20250930,0.1177,0.2352,0.9982,-0.1318,4,0.0052
688668.SH,20250930,1.27,2.5865,1.0366,0.6108,30,0.0626
002327.SZ,20250930,0.19,0.1065,-0.4394,-0.1464,4,0.0025
300022.SZ,20250930,-0.0148,-0.0059,-0.6028,0.0002,5,0.0003
000507.SZ,20250930,0.2483,0.4921,0.9818,-0.2273,3,0.0294
002777.SZ,20250930,0.1,0.1959,0.9587,-0.0106,3,0.0074
600116.SH,20250930,0.18,0.3569,0.9827,-0.0538,10,0.0209
920690.BJ,20250930,0.8,0.8324,0.0405,0.4553,4,0.0356
002430.SZ,20250930,0.7697,1.3175,0.7118,0.1062,10,0.0723
600691.SH,20250930,-0.1531,-0.0779,-0.4911,-0.0142,1,0.0007
002574.SZ,20250930,-0.2,-0.1084,-0.4579,-0.328,6,0.0082
002806.SZ,20250930,-0.0505,-0.026,-0.4848,0.1721,18,0.0012
300865.SZ,20250930,0.1089,0.1105,0.0144,-0.2149,3,0.0004
002912.SZ,20250930,-0.06,-0.0353,-0.4123,0.1728,1,0.0004
920729.BJ,20250930,0.11,0.0663,-0.397,-0.1206,30,0.0042
002679.SZ,20250930,-0.1,-0.0481,-0.5195,0.0684,2,0.0006
688700.SH,20250930,0.29,0.6042,1.0835,0.2958,7,0.0082
300287.SZ,20250930,-0.0704,-0.0428,-0.3926,-0.2908,5,0.0005
000651.SZ,20250930,3.86,7.9345,1.0556,-0.0651,11,0.6015
603987.SH,20250930,0.44,0.7868,0.7882,-0.0112,3,0.0158
600249.SH,20250930,0.0427,0.088,1.0612,-0.0271,2,0.0039
000505.SZ,20250930,-0.07,-0.0292,-0.5833,-0.3301,12,0.0003
688079.SH,20250930,-0.21,-0.0915,-0.5645,0.3586,9,0.003
300661.SZ,20250930,0.5564,1.126,1.0237,0.1209,9,0.0674
300986.SZ,20250930,0.3219,0.632,0.9632,0.0762,5,0.0367
002562.SZ,20250930,0.0954,0.1899,0.9906,0.0736,17,0.0061
603713.SH,20250930,3.31,6.6742,1.0164,0.1656,2,0.4447
600501.SH,20250930,-0.26,-0.1502,-0.4224,-0.0998,2,0.0075
603339.SH,20250930,0.33,0.195,-0.409,-0.1384,1,0.0067
301511.SZ,20250930,0.1057,0.0541,-0.4885,0.5905,4,0.0024
000889.SZ,20250930,-0.0313,-0.0174,-0.4436,0.123,6,0.0004
600887.SH,20250930,1.65,2.9617,0.795,0.0333,3,0.0578
300939.SZ,20250930,0.54,1.1595,1.1472,0.1836,7,0.0069
600125.SH,20250930,0.419,0.6013,0.4352,-0.1165,5,0.0019
000906.SZ,20250930,0.23,0.1459,-0.3656,0.1627,5,0.0007
000055.SZ,20250930,0.0148,0.0077,-0.4813,-0.2244,2,0.0005
600933.SH,20250930,0.92,1.0691,0.162,0.0706,3,0.1259
002843.SZ,20250930,0.23,0.145,-0.3695,-0.1174,20,0.0071
000676.SZ,20250930,0.0952,0.2004,1.1051,0.3257,1,0.0001
600664.SH,20250930,0.13,0.1267,-0.0252,0.0022,4,0.0033
300656.SZ,20250930,-0.0658,-0.0341,-0.4821,-0.1568,9,0.0021
920159.BJ,20250930,2.41,3.3626,0.3953,0.0122,5,0.1007
300726.SZ,20250930,0.7946,1.6499,1.0763,0.1935,1,0.0114
300933.SZ,20250930,0.065,0.1296,0.994,0.0034,2,0.0035
688657.SH,20250930,0.64,1.2826,1.0041,0.1694,4,0.0527
002120.SZ,20250930,0.2524,0.1516,-0.3994,0.022,3,0.0152
300604.SZ,20250930,1.3789,2.7276,0.9781,0.509,2,0.1211
600284.SH,20250930,0.2488,0.2592,0.0418,-0.3099,5,0.0198
688359.SH,20250930,-0.3,-0.1518,-0.4939,-0.1844,30,0.0038
000598.SZ,20250930,0.5918,1.0782,0.8218,0.0576,4,0.0394
300831.SZ,20250930,0.0174,0.0135,-0.2228,-0.5736,7,0.0007
920149.BJ,20250930,-0.07,-0.0371,-0.4705,-0.0918,2,0.0004
920130.BJ,20250930,-0.15,-0.0803,-0.4648,0.3421,7,0.0039
600764.SH,20250930,0.217,0.1229,-0.4339,0.0236,29,0.0058
300870.SZ,20250930,2.13,2.3207,0.0895,0.2615,4,0.1427
301607.SZ,20250930,0.88,1.1464,0.3028,1.1805,1,0.0697
920455.BJ,20250930,0.13,0.1039,-0.2005,0.1769,2,0.0024
000718.SZ,20250930,0.033,0.0397,0.2032,-0.3876,4,0.0002
301092.SZ,20250930,0.59,0.9458,0.603,0.1509,10,0.0057
300327.SZ,20250930,0.1671,0.0862,-0.4844,-0.0055,4,0.0008
600624.SH,20250930,-0.0265,-0.0123,-0.5341,0.0336,3,0.0008
688065.SH,20250930,0.67,1.1076,0.6532,0.1492,10,0.022
600552.SH,20250930,0.1362,0.1676,0.2304,0.1771,6,0.0003
601163.SH,20250930,0.85,0.9613,0.1309,-0.0758,3,0.0494
300248.SZ,20250930,-0.0088,-0.0048,-0.4552,-0.0153,5,0.0004
301043.SZ,20250930,0.91,0.6281,-0.3097,-0.0447,3,0.017
002425.SZ,20250930,-0.1131,-0.0581,-0.486,0.3008,5,0.0022
002396.SZ,20250930,0.5925,1.1676,0.9706,0.1852,6,0.0463
003012.SZ,20250930,0.3016,0.6332,1.0995,-0.0687,3,0.0168
603978.SH,20250930,-0.31,-0.2024,-0.347,0.3057,1,0.01
688276.SH,20250930,-0.38,-0.1819,-0.5212,-0.5456,2,0.0075
603895.SH,20250930,0.11,0.214,0.9457,-0.0289,6,0.001
688589.SH,20250930,0.15,0.0729,-0.5139,-0.2754,1,0.0036
603587.SH,20250930,0.51,0.6175,0.2108,-0.0305,10,0.0076
002979.SZ,20250930,0.51,0.5654,0.1087,0.1428,4,0.0069
002727.SZ,20250930,0.4587,0.5452,0.1885,-0.0665,2,0.0023
002961.SZ,20250930,0.87,1.7069,0.9619,-0.0499,3,0.1269
920748.BJ,20250930,-0.46,-0.2573,-0.4407,-0.5386,15,0.0172
300726.SZ,20250930,0.7946,1.6451,1.0704,0.1887,8,0.0322
001266.SZ,20250930,0.11,0.214,0.9457,-0.0259,2,0.0
002009.SZ,20250930,0.17,0.3395,0.997,-0.0536,9,0.0192
002194.SZ,20250930,-0.015,-0.0084,-0.4376,0.0326,3,0.0001
688578.SH,20250930,3.59,6.9436,0.9342,0.4803,4,0.1955
920870.BJ,20250930,0.08,0.0404,-0.4947,0.411,15,0.0011
002123.SZ,20250930,-0.07,-0.0367,-0.4754,-0.4234,1,0.002
002131.SZ,20250930,0.087,0.1683,0.935,-0.0319,1,0.0015
300611.SZ,20250930,0.55,1.0875,0.9772,0.2475,6,0.0193
688033.SH,20250930,-0.66,-0.3745,-0.4326,-0.0956,2,0.0264
002140.SZ,20250930,0.5157,0.9983,0.9359,0.0863,1,0.0137
002075.SZ,20250930,0.1053,0.2121,1.0147,-0.0079,3,0.0065
601101.SH,20250930,0.38,0.2516,-0.3378,-0.0095,1,0.0162
002871.SZ,20250930,0.46,0.9062,0.9699,0.2178,1,0.0236
301306.SZ,20250930,-1.26,-0.6021,-0.5222,-0.3124,6,0.0056
300438.SZ,20250930,0.2276,0.4583,1.0138,0.3342,1,0.0642
601228.SH,20250930,0.099,0.1942,0.9613,0.0853,1,0.008
600568.SH,20250930,-0.017,-0.0094,-0.4459,0.1171,3,0.0002
688408.SH,20250930,0.56,0.3039,-0.4574,-0.091,6,0.0076
601929.SH,20250930,-0.0993,-0.0576,-0.42,0.0408,11,0.0019
002055.SZ,20250930,0.12,0.2356,0.9635,-0.1515,1,0.0054
603730.SH,20250930,0.21,0.1863,-0.1128,-0.0221,3,0.0105
002558.SZ,20250930,0.77,1.5861,1.0599,0.5238,5,0.0296
600089.SH,20250930,1.0924,0.5926,-0.4575,-0.0483,3,0.0133
300458.SZ,20250930,0.34,0.7072,1.0799,0.318,3,0.046
002759.SZ,20250930,-0.2,-0.1026,-0.4871,0.2843,11,0.0005
688349.SH,20250930,0.1005,0.0485,-0.5172,0.6029,1,0.0019
000697.SZ,20250930,-0.2006,-0.0925,-0.5387,0.0568,5,0.0028
300403.SZ,20250930,0.2798,0.5818,1.0793,0.0181,5,0.0571
002842.SZ,20250930,0.17,0.3467,1.0395,0.1942,3,0.0041
002381.SZ,20250930,0.13,0.0621,-0.5227,-0.0115,14,0.0044
600288.SH,20250930,0.1574,0.3147,0.9991,0.0957,13,0.0039
600981.SH,20250930,0.02,0.0109,-0.4568,0.0644,4,0.0005
301498.SZ,20250930,1.28,2.6586,1.0771,0.2723,8,0.008
600702.SH,20250930,1.4441,1.2076,-0.1638,-0.2143,2,0.0666
688386.SH,20250930,1.0,2.0283,1.0283,0.4445,2,0.0097
603188.SH,20250930,0.0362,0.0531,0.4674,-0.0086,2,0.0044
688776.SH,20250930,-0.37,-0.2003,-0.4588,-0.4567,2,0.0087
605033.SH,20250930,0.27,0.2303,-0.1469,-0.0018,1,0.0159
605566.SH,20250930,0.32,0.6873,1.1479,-0.2842,2,0.0211
920866.BJ,20250930,0.11,0.0588,-0.4656,0.0727,2,0.0001
300119.SZ,20250930,0.7972,1.1816,0.4821,0.1184,11,0.125
300607.SZ,20250930,0.1,0.042,-0.58,-0.2523,1,0.0001
600655.SH,20250930,-0.128,-0.0765,-0.4027,-0.2073,3,0.0076
603280.SH,20250930,0.71,0.4774,-0.3276,0.0146,2,0.0104
002361.SZ,20250930,0.0319,0.0303,-0.0506,0.0232,1,0.0005
300348.SZ,20250930,-0.0141,-0.007,-0.5067,0.0223,1,0.0005
300909.SZ,20250930,0.33,0.4263,0.2917,0.0325,9,0.0031
002648.SZ,20250930,1.11,0.8464,-0.2375,0.1277,4,0.0077
920976.BJ,20250930,0.62,0.3793,-0.3883,0.1208,5,0.0209
600567.SH,20250930,-0.053,-0.0209,-0.6049,-0.0391,4,0.0002
600293.SH,20250930,-0.05,-0.0266,-0.4679,-0.3,9,0.0006
600196.SH,20250930,0.95,1.0578,0.1134,-0.0024,9,0.1596
601606.SH,20250930,-0.02,-0.0125,-0.3752,0.1681,12,0.001
301338.SZ,20250930,1.14,2.395,1.1009,0.402,5,0.1883
605136.SH,20250930,-0.09,-0.047,-0.4776,-0.0387,1,0.0038
688167.SH,20250930,0.02,0.0102,-0.4909,0.3862,9,0.0005
002470.SZ,20250930,-0.009,-0.0044,-0.5089,0.1307,3,0.0001
603739.SH,20250930,0.24,0.49,1.0416,0.0998,3,0.0466
920946.BJ,20250930,0.2428,0.1887,-0.2227,0.0957,2,0.0048
000727.SZ,20250930,-0.1328,-0.0724,-0.4546,-0.0249,2,0.0021
002131.SZ,20250930,0.087,0.1754,1.0166,-0.0727,2,0.002
300068.SZ,20250930,-0.25,-0.1323,-0.4707,-0.2618,3,0.0006
300063.SZ,20250930,0.1462,0.2983,1.04,-0.0072,2,0.001
688136.SH,20250930,0.56,1.0969,0.9588,0.0719,3,0.0204
600234.SH,20250930,0.1184,0.2407,1.033,0.6513,14,0.0034
300035.SZ,20250930,0.5861,1.1704,0.9969,0.5696,3,0.0403
300762.SZ,20250930,-0.0767,-0.0372,-0.5152,0.7093,1,0.0021
603991.SH,20250930,-0.4,-0.2001,-0.4996,-0.2321,3,0.0127
000901.SZ,20250930,0.1189,0.2484,1.0891,-0.1989,2,0.0086
300917.SZ,20250930,0.5378,0.4138,-0.2305,0.0008,2,0.0066
601059.SH,20250930,0.4,0.7937,0.9841,0.2685,3,0.0531
605155.SH,20250930,0.46,0.7402,0.609,0.1028,14,0.0066
002881.SZ,20250930,0.43,0.8497,0.976,0.3108,12,0.012
301371.SZ,20250930,0.625,1.0759,0.7214,-0.0728,1,0.0359
002104.SZ,20250930,0.0527,0.0772,0.4653,-0.1264,2,0.0028
603788.SH,20250930,0.7,0.7281,0.0402,0.0884,10,0.0305
002930.SZ,20250930,-0.08,-0.0411,-0.4859,-0.1752,4,0.001
600774.SH,20250930,0.0316,0.0359,0.1362,-0.165,5,0.0027
300358.SZ,20250930,0.1431,0.1437,0.0042,-0.0772,2,0.0038
300748.SZ,20250930,0.38,0.7468,0.9653,0.0691,1,0.0312
603928.SH,20250930,0.28,0.2164,-0.2272,0.0606,4,0.0037
600415.SH,20250930,0.63,1.2406,0.9692,0.2067,4,0.0022
300610.SZ,20250930,0.25,0.343,0.3721,-0.0562,16,0.0234
300199.SZ,20250930,0.08,0.1688,1.1094,0.8216,1,0.0065
688480.SH,20250930,0.78,0.6279,-0.195,0.1518,3,0.0581
688275.SH,20250930,-2.86,-1.3549,-0.5262,0.5193,1,0.0465
600155.SH,20250930,0.09,0.1764,0.9602,-0.0382,1,0.0092
688083.SH,20250930,-0.24,-0.1338,-0.4425,0.0774,11,0.0043
300521.SZ,20250930,-0.1367,-0.0758,-0.4454,0.0446,2,0.0039
688699.SH,20250930,-0.25,-0.1446,-0.4215,0.024,3,0.0156
002896.SZ,20250930,0.29,0.594,1.0482,0.0354,1,0.0376
603010.SH,20250930,0.09,0.1011,0.1234,0.1785,3,0.0032
300295.SZ,20250930,-0.03,-0.0147,-0.5091,-0.2386,6,0.0001
002050.SZ,20250930,0.84,1.7904,1.1314,0.1395,5,0.0674
688581.SH,20250930,2.1824,1.9929,-0.0868,0.0865,1,0.0299
688332.SH,20250930,1.75,3.5358,1.0204,0.0712,5,0.2944
688767.SH,20250930,0.14,0.0747,-0.4664,-0.1834,4,0.0029
003008.SZ,20250930,0.56,1.1154,0.9918,-0.0377,5,0.0181
600298.SH,20250930,1.3,2.7362,1.1048,0.0716,1,0.0592
603611.SH,20250930,1.54,2.7051,0.7566,0.0097,3,0.0631
688312.SH,20250930,0.66,0.9022,0.367,0.251,5,0.0058
301047.SZ,20250930,0.9058,1.4918,0.6469,0.1282,4,0.013
600706.SH,20250930,-0.1,-0.0466,-0.534,-0.2676,6,0.0038
301328.SZ,20250930,0.75,1.565,1.0866,0.3386,16,0.017
002102.SZ,20250930,0.1743,0.3035,0.7414,-0.2251,2,0.0087
001282.SZ,20250930,0.4117,0.6381,0.5499,0.0481,2,0.0036
605007.SH,20250930,0.38,0.2109,-0.4451,0.159,2,0.0119
603610.SH,20250930,0.42,0.4271,0.017,0.0007,8,0.0311
920580.BJ,20250930,0.13,0.0935,-0.2809,0.2621,14,0.0078
600323.SH,20250930,1.97,3.6577,0.8567,0.14,2,0.1536
002440.SZ,20250930,0.2,0.397,0.9848,0.047,1,0.0124
300094.SZ,20250930,-0.71,-0.3271,-0.5393,-0.1048,3,0.0049
301361.SZ,20250930,0.6072,1.2643,1.0822,0.2925,2,0.1023
300403.SZ,20250930,0.2798,0.5528,0.9757,0.0221,5,0.0153
603259.SH,20250930,4.25,8.3026,0.9536,0.2329,9,0.7184
300533.SZ,20250930,2.14,2.1572,0.008,-0.0142,4,0.0238
002887.SZ,20250930,0.2299,0.4348,0.8912,0.4079,6,0.0072
600880.SH,20250930,0.01,0.0103,0.0302,0.4191,7,0.0007
688325.SH,20250930,0.7449,1.5274,1.0505,0.2178,6,0.0757
688646.SH,20250930,-0.09,-0.0438,-0.5136,0.0958,1,0.0011
603322.SH,20250930,0.38,0.7596,0.999,0.7561,2,0.0367
600048.SH,20250930,0.16,0.1386,-0.1339,-0.053,6,0.0031
000766.SZ,20250930,0.0258,0.0146,-0.4359,-0.0497,6,0.0
301282.SZ,20250930,0.41,0.6287,0.5334,0.2873,9,0.032
603045.SH,20250930,0.4098,0.6067,0.4806,0.3295,1,0.012
300377.SZ,20250930,-0.0575,-0.0329,-0.4286,-0.0464,1,0.0016
301022.SZ,20250930,0.6874,1.2587,0.8311,0.2079,1,0.0926
300049.SZ,20250930,0.4253,0.8466,0.9907,0.1592,9,0.0294
300239.SZ,20250930,0.0827,0.0809,-0.0224,-0.1311,4,0.0017
300078.SZ,20250930,0.0,0.0,-0.5807,0.0384,10,0.0
600392.SH,20250930,0.45,0.9156,1.0346,0.3229,12,0.0445
688095.SH,20250930,0.0157,0.0075,-0.5199,0.3962,5,0.0005
601326.SH,20250930,0.25,0.3662,0.4649,0.0247,9,0.0061
300808.SZ,20250930,-0.2971,-0.1379,-0.5358,-0.2684,6,0.0018
605068.SH,20250930,-0.24,-0.1367,-0.4306,0.3475,1,0.0031
301529.SZ,20250930,1.28,2.6373,1.0604,0.3341,1,0.1323
001255.SZ,20250930,0.0917,0.1902,1.0739,0.2685,3,0.0027
688553.SH,20250930,-0.12,-0.0604,-0.4963,-0.1396,8,0.0058
603429.SH,20250930,-0.012,-0.0075,-0.3715,-0.6859,9,0.0005
603117.SH,20250930,0.02,0.0399,0.9943,-0.1069,4,0.0009
301008.SZ,20250930,0.2147,0.1191,-0.4454,0.221,9,0.0005
603980.SH,20250930,0.02,0.0115,-0.4247,-0.0735,10,0.0006
002471.SZ,20250930,-0.0191,-0.0102,-0.4635,-0.0336,2,0.0001
002589.SZ,20250930,0.0081,0.0048,-0.407,-0.0815,1,0.0007
301448.SZ,20250930,-0.1,-0.06,-0.4001,-0.1293,5,0.0018
002404.SZ,20250930,0.27,0.2799,0.0368,0.005,5,0.0184
300605.SZ,20250930,0.0634,0.0339,-0.4648,0.8028,3,0.0019
600768.SH,20250930,0.12,0.242,1.0169,0.1234,4,0.0026
002150.SZ,20250930,0.38,0.779,1.0499,0.0537,12,0.004
603137.SH,20250930,0.26,0.1327,-0.4896,-0.2115,7,0.0181
002327.SZ,20250930,0.19,0.1043,-0.4512,-0.1699,2,0.003
688568.SH,20250930,0.1811,0.3622,1.0003,0.1097,13,0.0051
300624.SZ,20250930,-0.32,-0.1895,-0.4077,0.1221,20,0.0047
002190.SZ,20250930,-0.0962,-0.049,-0.4903,-0.0254,8,0.0046
688419.SH,20250930,0.58,0.5032,-0.1323,0.0865,24,0.0085
688329.SH,20250930,-0.01,-0.0051,-0.4923,0.2318,2,0.0001
002086.SZ,20250930,-0.05,-0.0223,-0.554,0.0506,8,0.001
600118.SH,20250930,0.01,0.0113,0.1255,0.7997,1,0.0005
601133.SH,20250930,0.25,0.5001,1.0005,-0.1597,5,0.0009
688517.SH,20250930,0.43,0.356,-0.1721,0.0887,2,0.0044
688428.SH,20250930,-0.04,-0.0185,-0.5363,0.5645,4,0.001
000030.SZ,20250930,0.2557,0.5015,0.9614,0.0504,2,0.0227
600266.SH,20250930,0.2985,0.5861,0.9636,0.618,6,0.0202
000068.SZ,20250930,-0.0994,-0.0566,-0.4308,-0.1116,9,0.0004
600076.SH,20250930,-0.14,-0.0767,-0.4522,-0.4512,5,0.0013
300068.SZ,20250930,-0.25,-0.1443,-0.4226,-0.2908,2,0.0017
600490.SH,20250930,0.1058,0.2181,1.0613,0.2838,4,0.0056
301159.SZ,20250930,-0.97,-0.4914,-0.4934,0.0618,3,0.0067
002225.SZ,20250930,0.09,0.1462,0.6249,0.051,1,0.0039
000520.SZ,20250930,-0.0554,-0.0352,-0.3649,-0.2519,13,0.0001
001368.SZ,20250930,0.72,1.4744,1.0478,0.1587,12,0.0435
300122.SZ,20250930,-0.504,-0.2464,-0.5111,-0.6721,7,0.0056
920166.BJ,20251231,1.34,1.7384,0.2973,0.1744,2,0.1561
603225.SH,20250930,0.58,0.8623,0.4868,0.0144,1,0.0004
688618.SH,20250930,0.32,0.5166,0.6143,0.0737,6,0.0007
300085.SZ,20250930,-0.0841,-0.0362,-0.5699,-0.1609,3,0.0015
002346.SZ,20250930,0.83,1.7264,1.08,-0.1812,1,0.0356
000523.SZ,20250930,0.0356,0.0715,1.0085,-0.0696,2,0.0004
301388.SZ,20250930,0.17,0.3381,0.9891,0.0598,3,0.0121
002500.SZ,20250930,0.2,0.3953,0.9764,0.1467,7,0.0152
002311.SZ,20250930,2.49,5.2284,1.0997,0.1783,2,0.5298
688192.SH,20250930,-1.32,-0.7327,-0.4449,0.7333,2,0.0013
920640.BJ,20250930,0.2979,0.1485,-0.5016,0.1914,5,0.0045
002390.SZ,20250930,0.0803,0.1615,1.0116,-0.1001,3,0.0268
002512.SZ,20250930,-0.0936,-0.0467,-0.5011,-0.0697,3,0.0008
688677.SH,20250930,1.14,2.1887,0.9199,0.3543,1,0.0205
002573.SZ,20250930,0.0139,0.0084,-0.3988,0.0346,4,0.0003
601366.SH,20250930,0.015,0.0227,0.5113,-0.0899,7,0.0004
603882.SH,20250930,-0.17,-0.1004,-0.4095,-0.2425,2,0.0043
003029.SZ,20250930,-0.38,-0.1591,-0.5813,-0.1018,7,0.0153
603517.SH,20250930,0.46,0.8399,0.8258,-0.1619,7,0.0184
000717.SZ,20250930,-0.0277,-0.013,-0.5291,-0.034,4,0.0002
002579.SZ,20250930,0.0418,0.0222,-0.4692,0.1611,12,0.0001
002947.SZ,20250930,1.61,3.1695,0.9686,0.1411,14,0.1856
301372.SZ,20250930,0.23,0.1847,-0.1971,0.3604,4,0.0031
920476.BJ,20250930,0.22,0.1104,-0.4983,0.2176,4,0.0131
000850.SZ,20250930,0.188,0.2334,0.2413,0.0461,2,0.0021
300590.SZ,20250930,0.1348,0.0765,-0.4327,-0.1228,4,0.0018
000628.SZ,20250930,0.27,0.5378,0.992,-0.2566,6,0.0113
688132.SH,20250930,-0.47,-0.2748,-0.4152,-0.3121,4,0.0151
301148.SZ,20250930,0.51,1.0384,1.0361,-0.0435,10,0.0049
301276.SZ,20250930,0.52,0.2437,-0.5313,0.0297,15,0.0038
688552.SH,20250930,0.11,0.2295,1.0861,5.782,12,0.0334
300973.SZ,20250930,1.4864,2.6807,0.8035,0.1327,5,0.0389
003000.SZ,20250930,0.3874,0.4891,0.2625,-0.008,1,0.0097
605365.SH,20250930,0.254,0.4626,0.8211,0.0304,13,0.036
600697.SH,20250930,0.11,0.157,0.4269,0.0211,2,0.0087
002789.SZ,20250930,-2.1451,-1.2056,-0.438,-0.3982,12,0.0135
001317.SZ,20250930,-0.15,-0.0727,-0.5152,0.4176,12,0.0003
920367.BJ,20250930,0.12,0.0734,-0.3885,-0.114,6,0.0016
301083.SZ,20250930,0.1782,0.2995,0.6804,-0.1199,5,0.0171
603285.SH,20250930,0.67,0.563,-0.1596,-0.0624,4,0.0052
603538.SH,20250930,0.43,0.8725,1.029,0.1564,9,0.011
000987.SZ,20250930,0.5984,1.2025,1.0094,0.5652,5,0.0323
002871.SZ,20250930,0.46,0.9174,0.9944,0.1474,4,0.0212
000017.SZ,20250930,0.0449,0.0906,1.0175,1.0838,10,0.0027
301500.SZ,20250930,0.3577,0.2546,-0.2882,0.1425,7,0.0148
603290.SH,20250930,1.59,2.9355,0.8463,0.2385,8,0.2402
600824.SH,20250930,0.018,0.0116,-0.3556,-0.291,1,0.0003
601996.SH,20250930,-0.053,-0.0253,-0.5233,-0.1824,1,0.001
002245.SZ,20250930,0.4452,0.8974,1.0157,0.1792,7,0.1168
601718.SH,20250930,-0.042,-0.0225,-0.4645,-0.3878,4,0.0004
002862.SZ,20250930,-0.3499,-0.2028,-0.4205,0.0853,3,0.0134
002987.SZ,20250930,0.28,0.4133,0.4759,0.1168,1,0.0153
301413.SZ,20250930,0.7432,1.5227,1.0488,0.3569,14,0.0252
001373.SZ,20250930,-0.2661,-0.1753,-0.3413,-0.1302,5,0.0004
002364.SZ,20250930,0.13,0.1426,0.0966,0.2211,6,0.0002
688790.SH,20250930,-0.84,-0.4588,-0.4539,-0.1916,7,0.0263
601231.SH,20250930,0.58,1.1779,1.0309,0.0213,14,0.0177
603399.SH,20250930,-0.32,-0.1846,-0.4231,-0.2339,2,0.0135
688727.SH,20250930,0.19,0.3462,0.8223,0.2277,2,0.0102
002269.SZ,20250930,-0.03,-0.0178,-0.4052,-0.3701,2,0.0008
002807.SZ,20250930,0.5194,0.3109,-0.4014,0.0112,1,0.0001
688686.SH,20250930,1.4976,1.4231,-0.0498,0.3188,2,0.0012
002380.SZ,20250930,0.9045,1.1938,0.3198,0.1351,2,0.0171
600787.SH,20250930,0.2048,0.2636,0.2869,0.0357,6,0.0147
002826.SZ,20250930,0.44,0.8289,0.8839,-0.0073,2,0.073
300975.SZ,20250930,0.2069,0.4334,1.0948,0.3129,1,0.0136
600783.SH,20250930,0.43,0.5339,0.2417,-0.044,7,0.0168
688278.SH,20250930,1.64,3.2438,0.9779,0.2839,8,0.123
603059.SH,20250930,0.77,1.6044,1.0836,0.1846,22,0.0035
600578.SH,20250930,0.45,0.9222,1.0494,0.0225,1,0.0171
002643.SZ,20250930,0.33,0.1572,-0.5237,0.0754,3,0.0079
300805.SZ,20250930,0.08,0.1589,0.986,0.1639,2,0.0042
000063.SZ,20250930,1.11,0.7261,-0.3459,0.1323,1,0.0888
603683.SH,20250930,0.2365,0.3619,0.5301,0.0868,4,0.0062
002076.SZ,20250930,0.0029,0.0017,-0.3969,0.3644,4,0.0
000826.SZ,20250930,-0.542,-0.2831,-0.4778,-0.0795,7,0.0059
600527.SH,20250930,0.0116,0.0045,-0.6157,-0.0659,7,0.0003
300150.SZ,20250930,0.0712,0.1409,0.9785,0.0341,12,0.0007
300496.SZ,20250930,0.4983,1.0587,1.1247,0.4007,4,0.0433
000931.SZ,20250930,0.0657,0.063,-0.0413,-0.0267,8,0.0006
600243.SH,20250930,-0.01,-0.0048,-0.5218,0.0271,1,0.0002
002737.SZ,20250930,-0.06,-0.0341,-0.4317,-0.3933,2,0.0024
002487.SZ,20250930,1.39,2.8072,1.0195,0.9672,4,0.0858
601333.SH,20250930,0.206,0.2684,0.3027,0.026,5,0.0088
600518.SH,20250930,0.001,0.0006,-0.3823,0.0426,1,0.0
601956.SH,20250930,0.1684,0.1885,0.1194,0.0426,2,0.0176
300348.SZ,20250930,-0.0141,-0.0074,-0.4734,0.0071,4,0.0
688659.SH,20250930,0.03,0.0224,-0.2545,0.1196,2,0.0016
688400.SH,20250930,0.29,0.4607,0.5885,0.3691,2,0.0288
605183.SH,20250930,0.97,1.5392,0.5868,0.031,7,0.0685
002493.SZ,20250930,0.09,0.1398,0.5535,-0.051,2,0.0099
000631.SZ,20250930,0.03,0.0477,0.5909,-0.2061,8,0.004
300192.SZ,20250930,0.2809,0.5656,1.0135,-0.0327,2,0.0174
300013.SZ,20250930,-0.01,-0.0052,-0.4804,0.0235,4,0.0
001223.SZ,20250930,0.9851,2.0536,1.0847,1.2881,7,0.1002
002400.SZ,20250930,0.0551,0.1134,1.0579,0.0706,4,0.0059
300636.SZ,20250930,0.1992,0.1263,-0.3662,0.1099,6,0.001
601236.SH,20250930,0.18,0.3781,1.1004,0.0677,1,0.0045
600708.SH,20250930,-0.3108,-0.1783,-0.4264,-0.0119,6,0.009
000582.SZ,20250930,0.34,0.555,0.6324,0.124,1,0.0018
002211.SZ,20250930,-0.0246,-0.0105,-0.5745,0.4872,17,0.0001
000504.SZ,20250930,0.0159,0.0258,0.6232,-0.1078,1,0.0003
600583.SH,20250930,0.36,0.3577,-0.0063,-0.1541,4,0.006
000752.SZ,20250930,0.5494,1.1071,1.015,0.0869,8,0.0067
000099.SZ,20250930,0.3154,0.6336,1.0089,0.069,3,0.0643
600810.SH,20250930,-0.03,-0.0144,-0.5212,-0.0796,3,0.0002
000554.SZ,20250930,0.2354,0.4731,1.0098,-0.0248,7,0.0294
688788.SH,20250930,-1.2058,-0.4787,-0.603,0.1708,30,0.013
300676.SZ,20250930,-0.0514,-0.0219,-0.5742,-0.0555,5,0.0014
300281.SZ,20250930,0.021,0.0132,-0.3735,-0.1328,5,0.0005
300311.SZ,20250930,-0.1143,-0.0667,-0.4165,-0.2222,7,0.001
002427.SZ,20250930,0.0197,0.0103,-0.4755,0.0033,4,0.0013
688177.SH,20250930,-0.54,-0.2877,-0.4672,0.1507,3,0.0313
603014.SH,20250930,0.85,1.7239,1.0282,0.0232,5,0.0682
688290.SH,20250930,-0.14,-0.0684,-0.5114,-0.0619,9,0.0027
601121.SH,20250930,0.14,0.1043,-0.2548,0.2352,4,0.003
600560.SH,20250930,0.17,0.33,0.941,-0.1899,12,0.0421
300094.SZ,20250930,-0.71,-0.3195,-0.55,-0.1679,3,0.0221
600259.SH,20250930,0.38,0.2026,-0.4668,-0.4378,4,0.0004
002706.SZ,20250930,0.29,0.386,0.331,0.0975,4,0.0015
600936.SH,20250930,-0.21,-0.1291,-0.3851,0.3986,5,0.0094
001280.SZ,20250930,0.66,0.6085,-0.078,0.2118,1,0.0062
688772.SH,20250930,0.35,0.6883,0.9666,0.2789,1,0.0098
301010.SZ,20250930,0.0941,0.1786,0.8978,-0.1608,7,0.0007
002860.SZ,20250930,0.52,0.9665,0.8587,0.2011,2,0.0701
002627.SZ,20250930,0.1185,0.2359,0.9908,0.1083,1,0.0009
600369.SH,20250930,0.11,0.2277,1.0699,0.3991,11,0.0214
002741.SZ,20250930,0.1944,0.3913,1.0128,0.1155,5,0.0119
920344.BJ,20250930,-0.12,-0.0625,-0.4791,-0.0448,2,0.0025
300103.SZ,20250930,-0.0803,-0.0413,-0.4854,0.0434,2,0.0013
600707.SH,20250930,0.106,0.0537,-0.4936,-0.034,2,0.0014
002625.SZ,20250930,0.28,0.5825,1.0805,0.2865,6,0.0328
605028.SH,20250930,0.73,1.3596,0.8625,-0.0953,6,0.0798
688118.SH,20250930,-0.479,-0.2501,-0.4778,-0.1922,2,0.0033
603033.SH,20250930,-0.111,-0.0497,-0.5521,-0.1171,5,0.0003
920368.BJ,20250930,0.41,0.2219,-0.4587,-0.5537,5,0.0073
300832.SZ,20250930,1.5334,2.1479,0.4008,-0.01,10,0.1193
300921.SZ,20250930,0.12,0.2485,1.0709,-0.0873,5,0.017
600603.SH,20250930,0.27,0.1783,-0.3395,-0.1924,2,0.0118
920086.BJ,20250930,1.07,1.4537,0.3586,0.1045,5,0.0252
600858.SH,20250930,0.1694,0.1677,-0.01,0.0214,7,0.0068
300979.SZ,20250930,2.09,4.2106,1.0146,0.0354,6,0.0023
688281.SH,20250930,0.89,0.5743,-0.3547,0.1081,12,0.0027
600372.SH,20250930,0.2045,0.2218,0.0844,-0.0116,15,0.0088
600590.SH,20250930,0.0575,0.1196,1.0807,0.0634,7,0.0078
600226.SH,20250930,0.06,0.0914,0.5234,0.4092,5,0.0061
300690.SZ,20250930,0.87,1.4404,0.6556,0.159,1,0.0662
300592.SZ,20250930,0.1268,0.0691,-0.4552,0.116,1,0.0005
300161.SZ,20250930,-0.2994,-0.1896,-0.3669,-0.2117,6,0.0072
603917.SH,20250930,0.1209,0.2439,1.0172,0.1711,7,0.0021
002333.SZ,20250930,0.0652,0.1329,1.0389,-0.0431,9,0.0005
000823.SZ,20250930,0.3319,0.6765,1.0381,0.1361,2,0.0046
300286.SZ,20250930,0.82,1.7161,1.0928,0.0102,21,0.0269
300131.SZ,20250930,0.02,0.0242,0.2122,0.0125,6,0.0001
002074.SZ,20250930,1.4,2.8217,1.0155,0.2018,1,0.1564
300712.SZ,20250930,0.2014,0.1552,-0.2294,-0.1338,7,0.0083
600186.SH,20250930,0.1409,0.2909,1.0645,0.2546,1,0.0038
688678.SH,20250930,0.12,0.0838,-0.302,0.5497,2,0.0004
300137.SZ,20250930,0.01,0.0055,-0.4478,0.0522,3,0.0002
600436.SH,20250930,3.53,2.837,-0.1963,-0.0725,7,0.0979
000785.SZ,20250930,0.06,0.0375,-0.3758,-0.0314,30,0.0007
920101.BJ,20250930,1.28,0.9118,-0.2876,-0.0378,3,0.0906
002878.SZ,20250930,0.03,0.0137,-0.544,0.2491,4,0.0002
002747.SZ,20250930,0.0334,0.0667,0.9969,0.1451,20,0.0014
002631.SZ,20250930,-0.0889,-0.0427,-0.5199,-0.2908,6,0.0023
000779.SZ,20250930,0.3393,0.1936,-0.4293,0.0536,6,0.0064
002247.SZ,20250930,0.0496,0.1003,1.0217,-0.0639,5,0.0084
605255.SH,20250930,0.13,0.2381,0.8313,-0.0054,8,0.0099
688698.SH,20250930,1.06,2.2105,1.0854,0.1341,1,0.0007
002401.SZ,20250930,0.0357,0.0159,-0.5534,-0.0018,3,0.0003
920781.BJ,20250930,-0.09,-0.0475,-0.4726,-0.4841,7,0.0004
301439.SZ,20250930,0.37,0.2639,-0.2868,0.1487,13,0.0179
002982.SZ,20250930,0.11,0.1259,0.1447,0.0746,5,0.0034
688128.SH,20250930,0.94,1.1049,0.1754,0.0951,2,0.1272
605222.SH,20250930,0.54,1.0864,1.0119,-0.0246,1,0.0056
003012.SZ,20250930,0.3016,0.6276,1.0809,0.0078,30,0.0079
002296.SZ,20250930,0.4172,0.4015,-0.0377,0.2101,9,0.026
300375.SZ,20250930,0.0615,0.0547,-0.1101,0.1132,2,0.0022
601022.SH,20250930,0.41,0.5682,0.386,0.2177,1,0.0025
301327.SZ,20250930,0.82,1.7011,1.0746,0.3343,5,0.0514
002149.SZ,20250930,0.1419,0.274,0.9307,0.0051,1,0.0023
002890.SZ,20250930,0.07,0.0349,-0.5018,-0.0432,10,0.0004
002900.SZ,20250930,-0.66,-0.3623,-0.4511,-0.3437,23,0.0085
300586.SZ,20250930,-0.0523,-0.0302,-0.4218,-0.021,7,0.0004
001373.SZ,20250930,-0.2661,-0.1204,-0.5475,-0.1779,3,0.0079
600996.SH,20250930,-0.66,-0.4081,-0.3816,-0.247,12,0.007
600630.SH,20250930,0.07,0.0532,-0.2396,0.0583,5,0.0002
301042.SZ,20250930,0.2175,0.1311,-0.3971,-0.4215,2,0.0045
301320.SZ,20250930,0.1,0.0593,-0.4069,0.204,16,0.0013
300143.SZ,20250930,0.1168,0.2291,0.9619,0.0943,8,0.0209
603408.SH,20250930,0.79,1.1347,0.4363,-0.0214,7,0.0467
001201.SZ,20250930,0.04,0.0169,-0.5772,0.5294,5,0.001
603189.SH,20250930,0.02,0.018,-0.0988,-0.288,2,0.0001
600780.SH,20250930,0.4245,0.3331,-0.2153,-0.0296,1,0.0051
688607.SH,20250930,0.0,0.0,-0.4316,0.1703,3,0.0
002093.SZ,20250930,0.1975,0.3968,1.0089,0.0178,8,0.0041
002452.SZ,20250930,0.3268,0.6584,1.0146,0.0215,2,0.0109
002295.SZ,20250930,0.06,0.0321,-0.4654,0.3555,7,0.0008
600844.SH,20250930,-0.0874,-0.0456,-0.4788,0.1761,15,0.0022
688176.SH,20250930,-0.44,-0.2403,-0.4538,0.5799,1,0.003
600530.SH,20250930,0.002,0.0011,-0.426,-0.0324,5,0.0
603286.SH,20250930,-0.16,-0.0861,-0.4622,0.1251,4,0.0007
002742.SZ,20250930,-0.4115,-0.1843,-0.5522,-0.2293,4,0.0219
600980.SH,20250930,0.4436,0.8822,0.9886,0.153,4,0.0145
688700.SH,20250930,0.29,0.5651,0.9487,0.3029,11,0.0622
301638.SZ,20250930,0.06,0.0349,-0.4187,0.2979,3,0.0031
600688.SH,20250930,-0.041,-0.0203,-0.5048,-0.1228,8,0.0007
002588.SZ,20250930,0.7076,1.439,1.0337,0.1109,4,0.0619
920627.BJ,20250930,0.16,0.0755,-0.5284,-0.0617,15,0.0027
603382.SH,20250930,0.62,0.4514,-0.272,-0.1586,3,0.0122
002612.SZ,20250930,2.2346,4.613,1.0643,0.0038,2,0.3554
600784.SH,20250930,0.24,0.4767,0.9862,-0.0461,2,0.0171
603028.SH,20250930,0.005,0.0026,-0.4705,0.5453,13,0.0002
603707.SH,20250930,0.27,0.1852,-0.3142,-0.0759,3,0.0029
603863.SH,20250930,-0.42,-0.2201,-0.476,-0.3819,5,0.0071
688577.SH,20250930,0.28,0.5515,0.9697,0.0914,21,0.0218
300315.SZ,20250930,0.03,0.0443,0.4767,-0.1822,3,0.0031
300398.SZ,20250930,0.53,1.0848,1.0469,0.0661,2,0.0474
300062.SZ,20250930,0.01,0.0048,-0.5213,-0.0445,1,0.0005
000002.SZ,20250930,-2.3578,-1.1282,-0.5215,-0.2583,3,0.0164
000008.SZ,20250930,-0.0321,-0.0187,-0.4184,0.066,14,0.001
600839.SH,20250930,0.2183,0.4473,1.049,0.0699,13,0.0049
300913.SZ,20250930,0.44,0.8507,0.9334,0.0794,3,0.0057
000625.SZ,20250930,0.31,0.6216,1.0051,0.0039,4,0.0091
601888.SH,20250930,1.4752,1.5152,0.0271,-0.0453,7,0.0094
603169.SH,20250930,0.0086,0.0038,-0.5532,0.2725,2,0.0002
600570.SH,20250930,0.24,0.4953,1.0636,-0.2014,6,0.0252
688126.SH,20250930,-0.23,-0.1087,-0.5275,0.0614,11,0.0
920029.BJ,20250930,4.42,6.4556,0.4605,0.1072,2,0.0379
603009.SH,20250930,0.2737,0.543,0.9841,0.1703,4,0.0132
002988.SZ,20250930,0.5773,1.243,1.1531,0.1513,4,0.0326
600579.SH,20250930,-0.06,-0.0283,-0.5286,-0.8841,7,0.0015
301308.SZ,20250930,1.71,1.6458,-0.0376,0.2619,4,0.0459
300276.SZ,20250930,0.027,0.0558,1.0653,-0.2333,1,0.002
600058.SH,20250930,0.06,0.0314,-0.4762,-0.2262,2,0.0011
000969.SZ,20250930,0.2702,0.5427,1.0085,-0.0255,2,0.0062
605289.SH,20250930,0.19,0.3861,1.0321,0.6657,6,0.0307
002985.SZ,20250930,0.38,0.2447,-0.3559,0.333,1,0.0001
300204.SZ,20250930,-0.06,-0.0304,-0.4928,-0.3518,4,0.0004
688255.SH,20250930,0.12,0.0635,-0.4708,0.0841,3,0.0017
002451.SZ,20250930,0.016,0.0116,-0.2768,0.266,1,0.0002
603363.SH,20250930,0.16,0.082,-0.4872,-0.0624,1,0.0064
920471.BJ,20250930,-0.07,-0.0352,-0.4974,-0.2284,5,0.0007
920576.BJ,20250930,0.2062,0.1149,-0.4426,-0.1335,4,0.0082
605266.SH,20250930,0.65,1.0379,0.5968,-0.0125,1,0.073
688576.SH,20250930,0.96,1.9271,1.0074,0.1572,2,0.0019
600650.SH,20250930,0.1653,0.3444,1.0834,-0.0808,12,0.0021
003035.SZ,20250930,0.0904,0.1812,1.0047,0.1794,6,0.0026
002112.SZ,20250930,0.15,0.0793,-0.4713,-0.1598,5,0.0066
003022.SZ,20250930,0.17,0.3374,0.9847,-0.078,6,0.0283
600791.SH,20250930,-0.59,-0.334,-0.434,-0.4828,3,0.0005
600975.SH,20250930,-0.01,-0.0049,-0.5067,-0.0474,6,0.0
603195.SH,20250930,1.65,0.854,-0.4824,-0.0752,20,0.0044
300423.SZ,20250930,0.013,0.0169,0.3034,-0.3957,13,0.0009
688282.SH,20250930,-0.03,-0.0175,-0.4164,1.0373,1,0.0002
000016.SZ,20250930,-0.4076,-0.2198,-0.4608,-0.045,16,0.0132
002911.SZ,20250930,0.32,0.4349,0.359,0.0954,13,0.0297
920087.BJ,20250930,-0.0977,-0.0599,-0.3869,-0.0783,16,0.004
300234.SZ,20250930,0.0409,0.0786,0.9227,-0.3639,3,0.0002
002373.SZ,20250930,0.12,0.2374,0.9782,-0.0392,2,0.0016
300183.SZ,20250930,-0.0236,-0.0124,-0.4762,-0.1546,4,0.0001
603578.SH,20250930,-0.21,-0.1073,-0.489,0.5781,5,0.0035
688018.SH,20250930,2.428,3.6485,0.5027,0.3158,6,0.0285
603195.SH,20250930,1.65,0.8792,-0.4672,-0.059,15,0.1082
603639.SH,20250930,0.61,1.2483,1.0464,0.0522,3,0.0081
603097.SH,20250930,0.4457,0.5138,0.1529,0.3541,10,0.0366
603307.SH,20250930,1.27,1.1632,-0.0841,0.0529,3,0.0294
300463.SZ,20250930,0.0606,0.0281,-0.5358,-0.1591,9,0.0009
300433.SZ,20250930,0.57,0.5492,-0.0366,0.1843,3,0.0239
002970.SZ,20250930,1.55,3.1637,1.0411,-0.1127,4,0.018
601311.SH,20250930,0.53,0.6669,0.2583,0.0431,1,0.0071
002324.SZ,20250930,0.2963,0.5869,0.9809,0.2035,9,0.0239
600410.SH,20250930,0.33,0.6652,1.0157,0.0777,1,0.019
600023.SH,20250930,0.46,0.9191,0.9979,-0.125,3,0.0354
002195.SZ,20250930,0.0321,0.0186,-0.421,-0.006,1,0.0014
688101.SH,20250930,0.9,1.7631,0.959,0.1192,4,0.1739
600985.SH,20250930,0.4,0.1972,-0.5069,-0.451,1,0.0216
603261.SH,20250930,-0.57,-0.2709,-0.5247,-0.0855,3,0.0057
601869.SH,20250930,0.62,1.2403,1.0005,0.1737,11,0.0845
301359.SZ,20250930,0.2465,0.2342,-0.0497,0.0867,7,0.0002
300086.SZ,20250930,-0.2123,-0.1135,-0.4654,-0.0994,12,0.0037
601880.SH,20250930,0.0545,0.0574,0.0527,0.0553,5,0.0031
605122.SH,20250930,-0.21,-0.1129,-0.4622,-0.2444,11,0.0077
002385.SZ,20250930,0.06,0.0742,0.2364,0.0188,9,0.0007
605011.SH,20250930,0.36,0.2757,-0.2341,-0.0825,6,0.0241
600101.SH,20250930,0.325,0.6849,1.1073,0.1668,4,0.033
300870.SZ,20250930,2.13,2.251,0.0568,0.3198,16,0.1143
688578.SH,20250930,3.59,7.2537,1.0205,0.4447,1,0.0763
300230.SZ,20250930,0.1997,0.3325,0.6648,0.0933,14,0.005
000825.SZ,20250930,0.1,0.2053,1.0531,-0.0801,2,0.001
605180.SH,20250930,0.14,0.1274,-0.0902,0.0349,14,0.0046
600323.SH,20250930,1.97,3.6639,0.8599,0.0988,6,0.0299
001965.SZ,20250930,0.5723,1.125,0.9658,-0.0742,9,0.0378
301199.SZ,20250930,0.5272,1.0804,1.0494,-0.0329,1,0.0548
688710.SH,20250930,-0.1,-0.0508,-0.4921,-0.3425,2,0.003
920418.BJ,20250930,0.73,0.4459,-0.3892,0.0477,4,0.0404
300869.SZ,20250930,0.0234,0.0454,0.94,-0.0033,11,0.004
000988.SZ,20250930,1.32,2.6158,0.9817,0.1911,1,0.094
603182.SH,20250930,0.5,0.5642,0.1283,-0.1139,16,0.0142
688295.SH,20250930,0.07,0.0999,0.4276,0.3682,5,0.0016
603757.SH,20250930,0.85,0.9006,0.0595,0.081,5,0.0051
301039.SZ,20250930,0.33,0.4031,0.2216,-0.0894,1,0.0446
002617.SZ,20250930,0.1305,0.2724,1.0874,0.0171,5,0.0291
300768.SZ,20250930,0.15,0.1098,-0.2679,0.0668,3,0.002
000582.SZ,20250930,0.34,0.5343,0.5715,0.11,9,0.0115
002950.SZ,20250930,0.5519,1.0751,0.948,0.0494,9,0.0023
002836.SZ,20250930,0.1803,0.3598,0.9957,0.258,2,0.0018
601566.SH,20250930,0.54,1.1417,1.1142,-0.1091,1,0.0037
002873.SZ,20250930,0.0663,0.0641,-0.0325,-0.1534,5,0.0023
300860.SZ,20250930,0.05,0.0712,0.4239,-0.4879,5,0.0003
300363.SZ,20250930,0.15,0.1324,-0.1173,0.1647,1,0.0027
688775.SH,20250930,2.1,1.8175,-0.1345,0.6851,4,0.1224
920943.BJ,20250930,0.49,0.3338,-0.3188,0.0077,2,0.0104
002813.SZ,20250930,-0.5793,-0.3342,-0.423,0.3066,1,0.0161
002232.SZ,20250930,-0.0688,-0.0362,-0.4743,-0.0164,4,0.0007
600511.SH,20250930,1.9778,1.3995,-0.2924,-0.0,8,0.0574
688591.SH,20250930,0.59,1.1924,1.021,0.3119,7,0.091
300812.SZ,20250930,0.25,0.4445,0.7781,0.1579,2,0.0138
600610.SH,20250930,0.0421,0.088,1.09,-0.0988,10,0.0046
603569.SH,20250930,0.08,0.0594,-0.2577,0.1901,2,0.0014
002159.SZ,20250930,0.78,1.4091,0.8066,-0.0835,3,0.0586
688669.SH,20250930,0.0475,0.0961,1.0232,-0.0373,8,0.0038
000665.SZ,20250930,-0.34,-0.1642,-0.517,-0.1591,1,0.0006
300772.SZ,20250930,0.3203,0.1712,-0.4656,0.3516,1,0.0071
300255.SZ,20250930,-0.05,-0.0224,-0.5522,-0.1175,3,0.0007
603688.SH,20250930,0.25,0.1543,-0.3829,-0.2075,2,0.0006
301018.SZ,20250930,0.56,0.8033,0.4345,0.2315,4,0.0212
001301.SZ,20250930,2.73,5.2718,0.9311,0.5165,2,0.215
300464.SZ,20250930,0.0059,0.0031,-0.4745,-0.0726,10,0.0002
603194.SH,20250930,1.71,2.3875,0.3962,0.0665,1,0.208
688378.SH,20250930,0.13,0.075,-0.4231,-0.1689,3,0.0038
300444.SZ,20250930,0.1566,0.2544,0.6246,0.2948,10,0.0102
600796.SH,20250930,0.17,0.3428,1.0164,-0.0684,6,0.0098
301128.SZ,20250930,1.1207,2.0239,0.806,0.8093,8,0.1885
688231.SH,20250930,0.29,0.34,0.1726,0.2915,2,0.0083
603029.SH,20250930,0.43,0.9019,1.0974,0.3746,15,0.054
603310.SH,20250930,0.31,0.1707,-0.4493,-0.165,5,0.0135
300006.SZ,20250930,-0.0435,-0.0255,-0.4147,-0.0675,4,0.0005
300962.SZ,20250930,0.3402,0.6711,0.9727,0.0358,6,0.0728
000802.SZ,20250930,-0.4265,-0.2458,-0.4238,1.5164,17,0.0295
301223.SZ,20250930,0.69,1.3478,0.9534,0.156,5,0.0308
301318.SZ,20250930,0.64,1.3274,1.0741,0.1512,2,0.0266
603816.SH,20250930,1.89,3.5477,0.8771,0.1038,10,0.0658
300842.SZ,20250930,0.21,0.1028,-0.5104,0.1018,3,0.0062
603377.SH,20250930,-0.14,-0.0686,-0.5098,-0.186,3,0.0005
600262.SH,20250930,1.07,1.8208,0.7017,0.3241,7,0.1419
301188.SZ,20250930,0.22,0.4396,0.998,-0.131,5,0.032
601128.SH,20250930,1.01,2.0271,1.007,0.0923,1,0.1877
603489.SH,20250930,0.28,0.5768,1.06,-0.0083,12,0.0094
600847.SH,20250930,-0.22,-0.1255,-0.4297,0.023,2,0.0109
601778.SH,20250930,0.1,0.1994,0.9938,-0.1828,5,0.0105
301035.SZ,20250930,3.2,6.3469,0.9834,0.1256,1,0.3342
603518.SH,20250930,0.33,0.2462,-0.2539,-0.0021,4,0.015
002674.SZ,20250930,0.1341,0.074,-0.4481,-0.0045,6,0.0015
600754.SH,20250930,0.7,0.6183,-0.1167,-0.0552,4,0.0337
603719.SH,20250930,-0.31,-0.1626,-0.4754,-0.2625,6,0.0028
600048.SH,20250930,0.16,0.1449,-0.0944,-0.0633,8,0.0018
002971.SZ,20250930,0.27,0.3866,0.4319,-0.0177,8,0.0245
002952.SZ,20250930,0.077,0.0495,-0.3566,0.3088,4,0.0009
301296.SZ,20250930,0.16,0.2052,0.2827,0.6099,2,0.0067
002405.SZ,20250930,-0.3033,-0.1313,-0.5671,0.1432,2,0.0075
002791.SZ,20250930,0.05,0.1005,1.0109,-0.1053,11,0.001
603538.SH,20250930,0.43,0.9106,1.1177,0.1837,5,0.0511
688380.SH,20250930,0.38,0.7672,1.0189,0.1773,30,0.0322
600556.SH,20250930,0.0197,0.0409,1.0761,-0.1025,2,0.0016
600998.SH,20250930,0.39,0.5961,0.5284,0.0219,1,0.0401
300513.SZ,20250930,-0.2743,-0.1582,-0.4234,-0.1793,5,0.0116
920533.BJ,20250930,0.16,0.0803,-0.4984,-0.0979,1,0.0124
603236.SH,20250930,2.8,5.696,1.0343,0.3873,9,0.0108
000813.SZ,20250930,-0.0288,-0.0146,-0.4936,-0.2338,6,0.0003
300949.SZ,20250930,-0.48,-0.2826,-0.4114,-0.1277,10,0.0203
300118.SZ,20250930,-0.8321,-0.4757,-0.4284,-0.2663,30,0.0027
001277.SZ,20250930,0.9913,0.6652,-0.329,-0.1264,1,0.0056
600106.SH,20250930,0.15,0.1526,0.0172,0.0379,8,0.0165
002384.SZ,20250930,0.7,1.4631,1.0902,0.0305,1,0.0568
688100.SH,20250930,0.97,1.8734,0.9314,0.0879,2,0.2459
000637.SZ,20250930,-0.18,-0.0985,-0.4526,-0.2395,2,0.0005
002166.SZ,20250930,0.1,0.0885,-0.1148,0.0808,3,0.0082
600359.SH,20250930,0.03,0.0168,-0.4415,-0.2033,7,0.0001
688638.SH,20250930,-1.89,-0.9777,-0.4827,0.2092,11,0.0118
301186.SZ,20250930,1.39,1.5645,0.1256,0.086,3,0.0142
600926.SH,20250930,2.31,3.4822,0.5075,0.0176,1,0.0538
300810.SZ,20250930,-0.6599,-0.3308,-0.4986,-0.0034,3,0.0013
300957.SZ,20250930,0.64,0.4246,-0.3366,-0.1497,4,0.0251
688078.SH,20250930,-0.18,-0.0953,-0.4704,-0.419,17,0.0044
600830.SH,20250930,0.158,0.3274,1.0719,0.3085,10,0.0093
300679.SZ,20250930,0.88,0.7714,-0.1234,0.1669,5,0.0026
300634.SZ,20250930,0.44,0.2737,-0.3779,0.0522,2,0.0066
301098.SZ,20250930,-0.52,-0.2486,-0.5219,-0.1775,2,0.0113
300164.SZ,20250930,0.0955,0.1592,0.6671,0.0123,5,0.0186
600846.SH,20250930,0.27,0.5528,1.0474,-0.2305,2,0.0228
002381.SZ,20250930,0.13,0.0779,-0.4011,0.031,15,0.0092
300686.SZ,20250930,-0.2507,-0.1492,-0.4049,0.0733,2,0.0056
688573.SH,20250930,-1.65,-0.9935,-0.3979,-0.4711,12,0.0095
600463.SH,20250930,-0.2122,-0.1028,-0.5156,-0.0177,1,0.0037
603406.SH,20250930,0.89,1.7786,0.9985,-0.0753,5,0.0013
300115.SZ,20250930,0.34,0.4316,0.2694,0.0995,2,0.0101
688283.SH,20250930,0.22,0.3054,0.3884,0.3194,4,0.008
300965.SZ,20250930,0.4289,0.8417,0.9625,0.2633,3,0.0525
688103.SH,20250930,0.58,1.1434,0.9713,0.7136,10,0.0199
600512.SH,20250930,0.1,0.1342,0.3422,0.0824,3,0.0042
300811.SZ,20250930,1.0221,2.0873,1.0422,0.0595,6,0.0449
301098.SZ,20250930,-0.52,-0.2773,-0.4667,-0.1199,8,0.017
002822.SZ,20250930,-0.69,-0.3967,-0.4251,-0.7251,5,0.0036
000848.SZ,20250930,0.37,0.2734,-0.261,-0.1131,6,0.0023
000049.SZ,20250930,0.5866,1.1922,1.0323,0.0875,3,0.0168
920924.BJ,20250930,0.13,0.1854,0.4265,0.0673,1,0.0091
688403.SH,20250930,0.15,0.3018,1.012,0.184,4,0.0227
000949.SZ,20250930,0.0804,0.1496,0.8605,0.0466,2,0.0031
688070.SH,20250930,-0.23,-0.133,-0.4217,0.5662,9,0.0136
920058.BJ,20250930,0.86,0.6556,-0.2377,0.5297,2,0.0085
300148.SZ,20250930,0.07,0.1395,0.9933,0.237,9,0.007
688147.SH,20250930,0.55,1.0829,0.9689,0.114,2,0.0563
600561.SH,20250930,-0.04,-0.0222,-0.4445,-0.09,11,0.0031
301552.SZ,20250930,1.29,0.909,-0.2953,0.1126,12,0.0029
000795.SZ,20250930,0.183,0.3733,1.0399,-0.0031,13,0.0131
003027.SZ,20250930,0.47,0.934,0.9872,0.3608,8,0.0066
002496.SZ,20250930,-0.0021,-0.001,-0.5246,0.4015,5,0.0
600115.SH,20250930,0.09,0.0492,-0.4536,0.0357,3,0.0005
600336.SH,20250930,-0.0114,-0.0062,-0.4573,-0.1036,12,0.0002
002802.SZ,20250930,0.17,0.3478,1.0457,-0.1213,8,0.0352
300558.SZ,20250930,0.76,0.6749,-0.1119,0.1138,6,0.0119
688455.SH,20250930,-0.37,-0.1803,-0.5128,0.1491,24,0.0056
603917.SH,20250930,0.1209,0.255,1.1091,0.1611,8,0.0072
300661.SZ,20250930,0.5564,1.1335,1.0371,0.1276,2,0.043
688297.SH,20250930,0.05,0.0634,0.2672,3.1985,5,0.0045
301043.SZ,20250930,0.91,0.6753,-0.2579,-0.031,6,0.008
603100.SH,20250930,0.9,0.9516,0.0574,-0.1086,13,0.042
300040.SZ,20250930,0.0706,0.1246,0.7645,0.0225,3,0.0029
600973.SH,20250930,0.043,0.0838,0.9499,0.0667,1,0.0019
301237.SZ,20250930,-0.2935,-0.164,-0.4411,0.2182,3,0.0072
301067.SZ,20250930,-0.01,-0.0059,-0.4136,-0.1381,7,0.0004
600616.SH,20250930,-0.01,-0.006,-0.4031,-0.0516,7,0.0003
001234.SZ,20250930,0.3157,0.4,0.2672,-0.049,9,0.0177
688350.SH,20250930,0.29,0.4146,0.4297,-0.0804,1,0.0083
603068.SH,20250930,0.06,0.0312,-0.48,0.0957,11,0.0017
300396.SZ,20250930,-0.32,-0.1997,-0.376,-0.5783,8,0.0017
002981.SZ,20250930,0.732,1.4779,1.019,0.1582,3,0.1309
603986.SH,20250930,1.64,2.1472,0.3092,0.2244,4,0.0183
300159.SZ,20250930,-0.1613,-0.0691,-0.5717,-0.1339,2,0.0021
600256.SH,20250930,0.1554,0.1924,0.2383,-0.2089,3,0.0105
688345.SH,20250930,0.49,0.9873,1.0149,0.6305,3,0.0825
688657.SH,20250930,0.64,1.2163,0.9004,0.1255,4,0.0565
301177.SZ,20250930,0.26,0.4962,0.9086,0.0619,6,0.0151
688133.SH,20250930,0.07,0.1426,1.0373,-0.1244,2,0.0108
601608.SH,20250930,0.0622,0.1229,0.9761,0.006,3,0.001
301361.SZ,20250930,0.6072,1.2715,1.094,0.2896,2,0.0035
600703.SH,20250930,0.02,0.013,-0.3522,0.1928,8,0.0005
600159.SH,20250930,-0.013,-0.0075,-0.4212,-0.1373,4,0.0003
603600.SH,20250930,0.58,1.1384,0.9628,0.102,4,0.0206
688017.SH,20250930,0.5112,0.9876,0.932,0.449,14,0.0165
603007.SH,20250930,-0.04,-0.023,-0.4253,1.6998,13,0.0007
601766.SH,20250930,0.35,0.337,-0.0372,0.1513,2,0.0301
002646.SZ,20250930,0.0458,0.0269,-0.4123,-0.1747,6,0.0007
300774.SZ,20250930,0.2591,0.1999,-0.2283,0.1174,3,0.004
002693.SZ,20250930,-0.0061,-0.0026,-0.5718,0.3689,3,0.0
300827.SZ,20250930,0.62,1.1789,0.9014,0.1798,6,0.1034
920856.BJ,20250930,0.19,0.3786,0.9925,0.1098,3,0.0389
600176.SH,20250930,0.6415,1.3413,1.0908,0.2013,14,0.0389
600348.SH,20250930,0.31,0.1749,-0.4359,-0.0746,2,0.0154
002300.SZ,20250930,0.1177,0.2481,1.108,-0.0773,18,0.0009
920703.BJ,20250930,0.52,0.3395,-0.347,-0.2937,8,0.006
000989.SZ,20250930,0.1791,0.1449,-0.191,-0.2108,1,0.0027
605319.SH,20250930,0.91,1.8314,1.0125,0.1745,14,0.0831
002291.SZ,20250930,-0.4432,-0.2531,-0.4289,-0.3224,21,0.0087
603101.SH,20250930,0.1709,0.3604,1.109,-0.0138,5,0.0129
002870.SZ,20250930,0.69,1.4189,1.0564,0.0285,2,0.1056
300344.SZ,20250930,-0.0969,-0.0454,-0.5315,0.0112,11,0.0033
003028.SZ,20250930,0.68,0.5872,-0.1364,-0.0002,2,0.0309
300925.SZ,20250930,0.2,0.4116,1.0582,0.1497,1,0.0195
301063.SZ,20250930,0.48,0.9942,1.0712,0.3998,11,0.0331
920834.BJ,20250930,0.31,0.3169,0.0223,0.1179,8,0.0089
300682.SZ,20250930,0.0967,0.1987,1.0551,-0.0825,5,0.0005
600523.SH,20250930,0.29,0.4902,0.6904,0.1171,8,0.0171
600371.SH,20250930,0.0661,0.0386,-0.416,-0.497,4,0.0019
688246.SH,20250930,-1.26,-0.5904,-0.5314,-0.321,2,0.0702
603067.SH,20250930,0.58,1.2235,1.1094,0.0928,3,0.0033
002923.SZ,20250930,-0.16,-0.0817,-0.4892,0.0073,2,0.0069
688331.SH,20250930,-1.01,-0.4747,-0.53,0.4196,20,0.0081
920284.BJ,20250930,0.0694,0.0352,-0.4929,-0.2005,1,0.0013
002452.SZ,20250930,0.3268,0.6282,0.9223,0.065,5,0.0622
688373.SH,20250930,-0.3,-0.1603,-0.4656,0.0609,2,0.0033
688655.SH,20250930,-0.12,-0.0588,-0.5098,0.41,28,0.0022
603033.SH,20250930,-0.111,-0.0569,-0.4869,-0.1056,10,0.0068
002939.SZ,20250930,0.48,0.6495,0.3531,0.4373,2,0.0143
300057.SZ,20250930,-0.0978,-0.0567,-0.4205,-0.1627,6,0.0011
600845.SH,20250930,0.385,0.3534,-0.0822,-0.3553,4,0.0307
002521.SZ,20250930,0.18,0.173,-0.0391,0.0141,4,0.0069
603915.SH,20250930,0.28,0.2573,-0.0812,0.0597,21,0.0007
002424.SZ,20250930,0.04,0.0216,-0.4609,-0.2514,1,0.0001
605007.SH,20250930,0.38,0.1898,-0.5006,0.1864,5,0.0159
301063.SZ,20250930,0.48,0.9808,1.0432,0.5072,12,0.0565
300928.SZ,20250930,-0.73,-0.3791,-0.4807,-0.0612,6,0.0052
600612.SH,20250930,2.748,2.3665,-0.1388,-0.1233,16,0.1067
688039.SH,20250930,-0.2,-0.1047,-0.4765,0.2546,15,0.0005
000820.SZ,20250930,-0.013,-0.007,-0.4624,-0.1721,3,0.0
300414.SZ,20250930,0.0526,0.1108,1.1061,0.1499,2,0.0011
603703.SH,20250930,0.0175,0.0322,0.8407,0.1294,5,0.0016
300140.SZ,20250930,0.2848,0.5729,1.0116,0.0252,12,0.0442
600307.SH,20250930,-0.1135,-0.0555,-0.5106,-0.0574,15,0.002
002412.SZ,20250930,0.164,0.2418,0.4741,0.0877,2,0.0023
300644.SZ,20250930,0.9221,1.9353,1.0988,0.2417,3,0.2239
000997.SZ,20250930,0.9113,1.8564,1.0371,0.1363,1,0.0817
601128.SH,20250930,1.01,2.1287,1.1077,0.123,1,0.091
300157.SZ,20250930,0.1,0.1652,0.6519,0.007,7,0.0079
600026.SH,20250930,0.5707,0.6095,0.0679,-0.0116,7,0.0358
001223.SZ,20250930,0.9851,1.9369,0.9662,1.2529,4,0.0219
000663.SZ,20250930,-0.06,-0.0307,-0.4883,-0.0678,1,0.0002
688143.SH,20250930,0.26,0.5187,0.9949,0.5073,2,0.0367
001278.SZ,20250930,-0.3048,-0.1744,-0.4278,-0.0096,3,0.0254
688200.SH,20250930,2.86,5.6435,0.9733,0.5727,9,0.0913
600715.SH,20250930,0.001,0.0006,-0.4374,-0.1044,2,0.0001
920627.BJ,20250930,0.16,0.0722,-0.5485,-0.0071,5,0.0065
601187.SH,20250930,0.66,0.6612,0.0018,0.0364,3,0.0343
000762.SZ,20250930,-0.014,-0.0072,-0.4851,-0.6472,7,0.0003
603686.SH,20250930,0.27,0.421,0.5593,-0.0767,5,0.0692
603291.SH,20250930,0.1448,0.1241,-0.1429,0.0534,2,0.0022
605377.SH,20250930,0.37,0.3618,-0.0222,-0.1666,5,0.0259
001230.SZ,20250930,0.94,1.7954,0.91,0.0265,2,0.0323
002528.SZ,20250930,-0.0619,-0.0342,-0.4475,-0.4975,3,0.0017
600833.SH,20250930,0.2388,0.3641,0.5249,0.094,3,0.0134
600192.SH,20250930,-0.3589,-0.1883,-0.4755,-0.1067,3,0.0083
920261.BJ,20250930,0.56,0.7195,0.2848,0.1073,12,0.0205
300058.SZ,20250930,0.0553,0.0951,0.7194,0.1378,2,0.0005
688218.SH,20250930,-0.29,-0.1643,-0.4333,-0.0577,1,0.0096
002116.SZ,20250930,0.51,1.0361,1.0316,-0.0024,7,0.0216
301611.SZ,20250930,0.56,1.1281,1.0145,0.2918,3,0.0119
301169.SZ,20250930,-0.75,-0.4935,-0.342,0.0262,3,0.0021
000600.SZ,20250930,0.877,1.7077,0.9472,0.0198,2,0.1639
603486.SH,20250930,2.51,4.8864,0.9468,0.249,4,0.2255
000541.SZ,20250930,0.0918,0.1587,0.7286,-0.0556,3,0.0073
301181.SZ,20250930,0.78,0.8053,0.0325,0.0501,16,0.0138
920575.BJ,20250930,-0.82,-0.4151,-0.4938,1.1099,10,0.0104
600103.SH,20250930,0.0292,0.0361,0.237,-0.1343,2,0.0022
000915.SZ,20250930,1.7414,3.5311,1.0277,0.1791,2,0.1036
600216.SH,20250930,0.97,2.0168,1.0792,-0.055,2,0.0317
002179.SZ,20250930,0.8478,0.4549,-0.4634,0.0948,5,0.0192
920634.BJ,20250930,0.24,0.1575,-0.3436,-0.048,9,0.0119
600775.SH,20250930,-0.0982,-0.0527,-0.4633,-0.1768,10,0.0019
000517.SZ,20250930,-0.0202,-0.0095,-0.5284,-0.7371,7,0.0003
300378.SZ,20250930,0.19,0.088,-0.537,-0.0012,4,0.0009
000899.SZ,20250930,0.89,1.7692,0.9879,0.0803,2,0.0383
600784.SH,20250930,0.24,0.4912,1.0468,-0.0164,2,0.045
300490.SZ,20250930,-0.47,-0.2514,-0.4652,0.0611,2,0.0173
603757.SH,20250930,0.85,0.8203,-0.0349,0.098,4,0.0111
300844.SZ,20250930,-0.41,-0.1835,-0.5526,0.0522,2,0.0063
688198.SH,20250930,0.67,1.3898,1.0744,0.3127,1,0.0293
601368.SH,20250930,0.1533,0.1658,0.0817,-0.0091,27,0.0151
600280.SH,20250930,-0.047,-0.0271,-0.4238,-0.1631,2,0.0006
603266.SH,20250930,0.42,0.6118,0.4567,-0.1079,6,0.0166
002162.SZ,20250930,0.0034,0.002,-0.4057,-0.1584,1,0.0
688051.SH,20250930,-0.87,-0.4897,-0.4372,-0.2429,3,0.0036
688151.SH,20250930,0.01,0.0047,-0.5324,-0.283,7,0.0002
688296.SH,20250930,-0.34,-0.1964,-0.4224,-0.3421,7,0.0043
301628.SZ,20250930,1.28,1.5767,0.2318,0.2179,3,0.0447
688548.SH,20250930,0.15,0.0877,-0.4155,0.1089,1,0.0049
000069.SZ,20250930,-0.5577,-0.3704,-0.3359,-0.4139,3,0.0046
002200.SZ,20250930,-0.3749,-0.2169,-0.4215,-0.2745,3,0.021
002501.SZ,20250930,-0.02,-0.0118,-0.408,-0.1891,10,0.0002
002258.SZ,20250930,0.4763,0.9851,1.0682,0.2619,5,0.0216
688518.SH,20250930,0.32,0.655,1.047,0.0842,1,0.0478
002110.SZ,20250930,0.08,0.0743,-0.0712,-0.0449,2,0.0055
300759.SZ,20250930,0.6477,0.6056,-0.0649,0.1292,5,0.0482
301125.SZ,20250930,0.0095,0.0048,-0.4914,-0.023,6,0.0001
601018.SH,20250930,0.199,0.3564,0.7911,0.0193,13,0.0033
603679.SH,20250930,-0.3445,-0.1847,-0.4638,0.2628,3,0.0013
603559.SH,20250930,-0.16,-0.0816,-0.4901,0.2543,1,0.0007
603063.SH,20250930,0.74,1.4555,0.9669,0.2431,3,0.0853
002142.SZ,20250930,3.35,6.7235,1.007,0.101,3,0.5748
688135.SH,20250930,0.0,0.0,-0.4149,0.2526,3,0.0
601156.SH,20250930,1.26,2.0188,0.6023,0.019,8,0.0931
300784.SZ,20250930,0.77,1.446,0.8779,-0.0094,17,0.1305
301293.SZ,20250930,0.41,0.5298,0.2921,0.221,6,0.0053
301230.SZ,20250930,0.2489,0.4912,0.9736,0.3308,8,0.0086
002983.SZ,20250930,0.42,0.8553,1.0363,-0.0391,3,0.0077
603358.SH,20250930,0.86,1.6676,0.9391,0.0421,5,0.1268
300549.SZ,20250930,0.064,0.1297,1.0266,-0.0164,29,0.0009
600318.SH,20250930,0.0778,0.1005,0.2914,0.117,3,0.0042
688195.SH,20250930,0.5,0.8371,0.6743,0.2849,2,0.0034
301055.SZ,20250930,0.25,0.5178,1.0711,0.1511,3,0.0144
920112.BJ,20250930,1.84,2.7933,0.5181,0.0052,3,0.1324
600917.SH,20250930,0.09,0.0404,-0.5516,0.075,6,0.0012
002168.SZ,20250930,-0.0551,-0.027,-0.5091,0.9396,1,0.0019
688013.SH,20250930,0.9,1.827,1.03,0.1952,1,0.0542
300073.SZ,20250930,0.9686,0.5223,-0.4608,0.3775,1,0.0156
300242.SZ,20250930,-0.0467,-0.0225,-0.5181,0.5436,6,0.0004
000417.SZ,20250930,0.2208,0.1484,-0.3279,0.0291,5,0.0056
688623.SH,20250930,0.88,0.7277,-0.173,-0.1448,2,0.0422
301058.SZ,20250930,0.23,0.1257,-0.4537,0.2889,4,0.0039
600635.SH,20250930,0.176,0.3532,1.0069,-0.0022,3,0.0146
002192.SZ,20250930,0.5545,1.1482,1.0707,0.3038,1,0.0272
601158.SH,20250930,0.16,0.3025,0.8908,-0.0123,3,0.002
000525.SZ,20250930,-0.2092,-0.0891,-0.5742,-0.1601,5,0.001
300629.SZ,20250930,0.0447,0.0199,-0.5558,-0.3599,10,0.0001
002868.SZ,20250930,-0.53,-0.2572,-0.5148,-0.0962,14,0.0152
301096.SZ,20250930,0.06,0.0336,-0.4396,-0.3298,3,0.0011
000727.SZ,20250930,-0.1328,-0.0611,-0.5401,-0.0737,11,0.0027
600039.SH,20250930,0.61,1.2628,1.0701,0.0011,19,0.0027
603056.SH,20250930,-0.27,-0.1437,-0.4679,0.0418,6,0.0016
688543.SH,20250930,0.68,0.9792,0.44,-0.0232,11,0.03
000791.SZ,20250930,0.4876,0.9957,1.0421,-0.0272,2,0.0383
601158.SH,20250930,0.16,0.3086,0.9285,0.0947,8,0.009
920368.BJ,20250930,0.41,0.2594,-0.3673,-0.5782,4,0.0035
603048.SH,20250930,0.31,0.3484,0.1239,0.1845,5,0.0148
301160.SZ,20250930,1.35,1.5227,0.1279,0.0094,1,0.0915
000090.SZ,20250930,-0.0041,-0.0021,-0.4945,0.0868,2,0.0002
600602.SH,20250930,0.1062,0.1344,0.2651,0.1406,4,0.0087
688426.SH,20250930,-0.69,-0.406,-0.4116,0.3998,7,0.0076
301600.SZ,20250930,1.3,1.1321,-0.1291,-0.0444,5,0.0319
300670.SZ,20250930,-0.224,-0.1068,-0.5232,-0.2822,2,0.0093
301167.SZ,20250930,0.1288,0.2713,1.1064,-0.0835,4,0.0122
688298.SH,20250930,-1.1,-0.561,-0.49,0.0088,22,0.0124
600303.SH,20250930,-0.32,-0.1518,-0.5257,0.2726,1,0.0058
600594.SH,20250930,-0.11,-0.0668,-0.3928,-0.1501,24,0.0008
688456.SH,20250930,0.5,0.9945,0.9889,0.174,12,0.0286
002054.SZ,20250930,0.172,0.363,1.1105,-0.0212,2,0.0009
002424.SZ,20250930,0.04,0.0196,-0.5103,-0.2088,3,0.0001
600350.SH,20250930,0.454,0.9268,1.0414,-0.1738,1,0.0218
002806.SZ,20250930,-0.0505,-0.0297,-0.4117,0.1683,1,0.0007
920008.BJ,20250930,0.0842,0.045,-0.4654,-0.2763,2,0.004
002985.SZ,20250930,0.38,0.2168,-0.4294,0.3407,9,0.004
000501.SZ,20250930,0.17,0.1526,-0.1026,-0.1421,6,0.0059
300849.SZ,20250930,-0.0631,-0.0292,-0.5369,-0.0614,2,0.0016
688450.SH,20250930,-0.68,-0.3251,-0.5219,0.4391,2,0.0001
688565.SH,20250930,0.03,0.0626,1.0869,0.2001,6,0.0003
920786.BJ,20250930,0.19,0.0964,-0.4925,0.2653,1,0.0031
300945.SZ,20250930,0.39,0.8414,1.1575,0.3133,11,0.0007
301082.SZ,20250930,0.14,0.2296,0.6398,0.3451,3,0.002
688067.SH,20250930,0.43,0.5001,0.163,0.0812,2,0.0071
000809.SZ,20250930,-0.061,-0.0288,-0.5273,0.2031,6,0.0014
603948.SH,20250930,1.08,0.9404,-0.1293,-0.0922,6,0.0072
603938.SH,20250930,0.17,0.2746,0.6152,0.1887,13,0.0006
301115.SZ,20250930,0.19,0.3771,0.9846,0.0436,3,0.0003
000701.SZ,20250930,-0.1303,-0.0773,-0.4067,-0.2217,1,0.001
688335.SH,20250930,0.02,0.0091,-0.5457,0.4605,5,0.0006
600448.SH,20250930,-0.125,-0.067,-0.4638,0.1257,1,0.0017
300261.SZ,20250930,-0.0072,-0.0039,-0.4593,0.0455,2,0.0
002225.SZ,20250930,0.09,0.1467,0.6297,0.0282,1,0.0123
000153.SZ,20250930,0.2158,0.2326,0.0776,-0.0516,12,0.0188
920247.BJ,20250930,0.16,0.0959,-0.4005,0.0353,3,0.0035
002080.SZ,20250930,0.8818,1.7981,1.0391,0.2335,3,0.122
000404.SZ,20250930,0.5516,1.1123,1.0165,-0.0495,5,0.0118
300859.SZ,20250930,0.64,1.3159,1.0561,0.0272,4,0.2191
600121.SH,20250930,-0.3137,-0.1683,-0.4636,-0.1943,5,0.0099
002469.SZ,20250930,0.2365,0.47,0.9873,0.1513,1,0.0155
600734.SH,20250930,-0.0402,-0.0238,-0.4076,1.0633,1,0.0002
688090.SH,20250930,-0.05,-0.027,-0.4592,-0.1072,12,0.0026
601921.SH,20250930,0.29,0.3855,0.3292,-0.1117,24,0.0111
300427.SZ,20250930,0.1225,0.163,0.3303,0.1412,26,0.001
301282.SZ,20250930,0.41,0.6335,0.5451,0.2243,14,0.0197
603739.SH,20250930,0.24,0.5119,1.1327,0.0926,19,0.0571
002252.SZ,20250930,0.222,0.4334,0.9524,-0.0913,26,0.0095
301395.SZ,20250930,0.132,0.2735,1.0719,0.0933,2,0.0163
600094.SH,20250930,0.11,0.221,1.0089,-0.4736,4,0.0069
002277.SZ,20250930,0.0458,0.06,0.3107,-0.2455,23,0.0007
603939.SH,20250930,1.01,1.4652,0.4507,0.0068,19,0.0754
002278.SZ,20250930,0.1038,0.211,1.0323,0.1437,12,0.0122
600460.SH,20250930,0.21,0.3952,0.8819,0.0923,24,0.0042
688021.SH,20250930,0.0,0.0,-0.5072,0.3523,7,0.0
002057.SZ,20250930,0.293,0.235,-0.1978,0.2091,8,0.0012
688150.SH,20250930,0.45,0.9586,1.1301,0.1607,6,0.0323
002658.SZ,20250930,0.18,0.3669,1.0381,0.0514,20,0.0074
603214.SH,20250930,0.3778,0.4745,0.2558,0.0727,2,0.0137
002403.SZ,20250930,-0.17,-0.1022,-0.3987,-0.0981,7,0.0024
002376.SZ,20250930,0.0769,0.1556,1.0238,0.1517,5,0.0012
603950.SH,20250930,0.85,1.6964,0.9958,0.3143,1,0.0235
600032.SH,20250930,0.255,0.5134,1.0133,-0.0589,3,0.0093
688777.SH,20250930,0.55,1.1264,1.048,-0.1533,16,0.0296
600573.SH,20250930,0.394,0.8335,1.1155,-0.0263,1,0.0235
601615.SH,20250930,0.34,0.7266,1.1372,0.2812,1,0.0077
920050.BJ,20250930,1.45,1.6082,0.1091,0.4443,9,0.0796
300382.SZ,20250930,0.02,0.0103,-0.4837,0.4983,28,0.0002
301089.SZ,20250930,-0.24,-0.1333,-0.4444,-0.1539,1,0.0016
688573.SH,20250930,-1.65,-0.9137,-0.4463,-0.4998,1,0.0196
001205.SZ,20250930,0.3897,0.2518,-0.3539,-0.0704,6,0.0158
601009.SH,20250930,1.54,1.5145,-0.0165,0.1021,4,0.0528
688337.SH,20250930,0.21,0.4014,0.9113,0.0855,11,0.003
301025.SZ,20250930,0.0163,0.0261,0.5995,-0.0914,7,0.0007
603758.SH,20250930,0.31,0.6119,0.9739,-0.1622,2,0.0133
002476.SZ,20250930,0.0619,0.1184,0.9122,0.2268,6,0.001
603909.SH,20250930,0.2946,0.3815,0.2949,0.081,3,0.0164
000709.SZ,20250930,0.065,0.1337,1.0565,0.1105,3,0.0081
603990.SH,20250930,0.11,0.0523,-0.5241,-0.396,10,0.0014
002048.SZ,20250930,0.109,0.0586,-0.462,0.0752,9,0.0006
300365.SZ,20250930,0.0124,0.0154,0.2421,0.5844,5,0.0001
603086.SH,20250930,0.45,0.844,0.8756,0.0812,5,0.0423
301469.SZ,20250930,0.6144,0.317,-0.4841,0.0547,3,0.0118
688533.SH,20250930,0.83,1.5997,0.9273,0.086,2,0.006
601137.SH,20250930,1.09,2.1626,0.9841,0.0484,2,0.0739
002640.SZ,20250930,-0.0109,-0.0052,-0.5248,0.01,9,0.0005
689009.SH,20250930,25.05,50.0151,0.9966,0.696,1,2.8973
300276.SZ,20250930,0.027,0.0562,1.0809,-0.1715,6,0.0013
301456.SZ,20250930,0.41,0.5076,0.238,0.3507,7,0.0169
300307.SZ,20250930,0.15,0.0873,-0.418,-0.2069,4,0.0012
002877.SZ,20250930,0.048,0.0247,-0.4855,0.0407,4,0.0003
600096.SH,20250930,2.5833,5.4472,1.1086,-0.1893,2,0.1828
688520.SH,20250930,-0.6,-0.3433,-0.4278,-0.3213,1,0.0292
601339.SH,20250930,0.37,0.4231,0.1436,-0.0445,4,0.0035
601229.SH,20250930,1.27,1.0642,-0.1621,0.04,2,0.0198
600531.SH,20250930,0.5692,0.6429,0.1295,0.2289,4,0.0329
600667.SH,20250930,0.21,0.271,0.2907,-0.0648,5,0.0117
002631.SZ,20250930,-0.0889,-0.0493,-0.4458,-0.2451,3,0.0022
603919.SH,20250930,0.64,0.727,0.1359,-0.024,5,0.0362
600929.SH,20250930,0.0198,0.0115,-0.4185,-0.2019,12,0.0001
002630.SZ,20250930,0.0316,0.0254,-0.1977,-0.3109,2,0.0023
603738.SH,20250930,0.09,0.0474,-0.4739,0.1397,7,0.0017
600819.SH,20250930,0.13,0.1683,0.2947,-0.041,2,0.0022
603444.SH,20250930,16.85,31.1666,0.8496,0.5477,11,0.7949
920971.BJ,20250930,0.1,0.095,-0.0498,0.1181,3,0.009
002622.SZ,20250930,-0.0314,-0.0215,-0.316,-0.1391,1,0.0011
920896.BJ,20250930,0.45,0.5369,0.1931,0.2627,4,0.0598
002759.SZ,20250930,-0.2,-0.1089,-0.4555,0.2289,3,0.0029
002850.SZ,20250930,4.34,4.025,-0.0726,0.2367,30,0.2687
603089.SH,20250930,0.58,1.1974,1.0646,0.2967,2,0.0123
601901.SH,20250930,0.46,0.9269,1.0149,0.6695,3,0.0052
000839.SZ,20250930,0.0022,0.001,-0.533,-0.0598,17,0.0
920239.BJ,20250930,0.97,0.5126,-0.4715,0.2126,19,0.0001
600506.SH,20250930,0.256,0.5248,1.0499,0.0628,5,0.0015
002538.SZ,20250930,0.1819,0.2303,0.266,0.0612,7,0.0015
688809.SH,20250930,2.57,5.2521,1.0436,0.6617,3,0.0047
300004.SZ,20250930,0.07,0.1345,0.9211,-0.0458,6,0.0018
000633.SZ,20250930,0.0188,0.037,0.9689,0.5777,3,0.0018
603026.SH,20250930,-0.3,-0.1579,-0.4738,0.1301,1,0.0025
688330.SH,20250930,1.0441,0.7994,-0.2344,-0.3693,4,0.0457
603516.SH,20250930,-0.14,-0.0838,-0.4012,-0.4164,13,0.0038
688187.SH,20250930,1.98,4.0499,1.0454,0.1395,2,0.2505
300802.SZ,20250930,0.29,0.5482,0.8904,0.2094,3,0.0009
603161.SH,20250930,0.44,0.2429,-0.4478,-0.0821,2,0.015
000887.SZ,20250930,0.99,1.7968,0.8149,-0.0104,3,0.1397
300669.SZ,20250930,0.0762,0.0457,-0.4008,0.0223,9,0.0016
600727.SH,20250930,0.08,0.04,-0.4997,-0.0649,7,0.0003
301508.SZ,20250930,0.4971,1.0304,1.0727,0.0917,1,0.0049
300650.SZ,20250930,0.18,0.3713,1.0627,0.0745,2,0.0309
300506.SZ,20250930,-0.16,-0.0948,-0.4073,0.0208,11,0.0002
300720.SZ,20250930,0.1417,0.1892,0.3353,-0.0698,3,0.0124
300421.SZ,20250930,0.1757,0.2434,0.3852,0.0539,4,0.0061
300260.SZ,20250930,0.3561,0.2828,-0.2058,0.0549,4,0.0131
000969.SZ,20250930,0.2702,0.5343,0.9775,-0.012,1,0.0112
000626.SZ,20250930,0.0633,0.1244,0.9645,-0.075,15,0.0002
603922.SH,20250930,0.09,0.0667,-0.2592,-0.2571,7,0.0022
301121.SZ,20250930,0.1237,0.0694,-0.4386,0.1461,1,0.0018
003016.SZ,20250930,0.0248,0.0525,1.1164,0.0457,2,0.0045
002687.SZ,20250930,0.05,0.0523,0.0462,0.0149,3,0.0002
000690.SZ,20250930,0.38,0.7731,1.0346,0.0337,4,0.0862
601777.SH,20250930,0.0118,0.0146,0.2355,0.378,2,0.0004
002797.SZ,20250930,0.18,0.3768,1.0935,0.2535,11,0.0018
000006.SZ,20250930,-0.0052,-0.003,-0.4186,-0.582,14,0.0002
603078.SH,20250930,0.2043,0.2923,0.4306,0.1273,19,0.0031
002205.SZ,20250930,-0.118,-0.0625,-0.4706,0.1574,19,0.0006
688602.SH,20250930,-0.01,-0.005,-0.4968,0.1099,2,0.0001
600085.SH,20250930,0.859,0.9853,0.147,0.0259,1,0.0072
301232.SZ,20250930,0.61,0.6165,0.0107,0.5728,3,0.0139
000952.SZ,20250930,-0.2789,-0.1501,-0.4619,-0.1181,3,0.0086
603138.SH,20250930,-0.256,-0.1273,-0.5027,0.1876,18,0.0034
300638.SZ,20250930,0.4149,0.2637,-0.3645,-0.098,7,0.0133
300052.SZ,20250930,-0.1,-0.045,-0.5499,-0.2099,2,0.0029
300724.SZ,20250930,7.73,15.9872,1.0682,0.0494,7,0.0817
688220.SH,20250930,-0.81,-0.389,-0.5198,0.1013,4,0.0066
920685.BJ,20250930,0.23,0.1273,-0.4465,0.0621,2,0.0033
688709.SH,20250930,0.1,0.0723,-0.2766,0.241,2,0.0041
300633.SZ,20250930,0.0774,0.0402,-0.4804,-0.0131,4,0.0036
920526.BJ,20250930,0.12,0.069,-0.4251,0.0584,7,0.0004
000935.SZ,20250930,0.39,0.7985,1.0473,0.2711,3,0.0782
300989.SZ,20250930,0.05,0.0246,-0.5089,-0.061,3,0.0015
605006.SH,20250930,-0.0003,-0.0002,-0.43,0.1925,1,0.0
600894.SH,20250930,0.4638,0.8136,0.7542,-0.0289,2,0.0189
300018.SZ,20250930,0.23,0.4737,1.0595,0.2235,9,0.0179
600279.SH,20250930,0.0406,0.0803,0.9788,-0.0397,7,0.002
301155.SZ,20250930,1.59,3.3496,1.1067,2.4578,9,0.0789
600583.SH,20250930,0.36,0.3821,0.0613,-0.1244,17,0.0169
300696.SZ,20250930,0.16,0.3216,1.0099,0.784,5,0.0207
000755.SZ,20250930,0.2661,0.4313,0.6208,-0.0079,4,0.0117
002155.SZ,20250930,0.66,1.2244,0.8552,0.9604,4,0.0187
001367.SZ,20250930,0.59,0.6071,0.029,0.147,5,0.0685
002345.SZ,20250930,0.36,0.7297,1.027,0.3636,6,0.0361
601166.SH,20250930,2.85,5.9054,1.0721,-0.0021,1,0.1085
000603.SZ,20250930,0.4676,0.9166,0.9603,0.1611,5,0.0153
601919.SH,20250930,1.74,3.5841,1.0598,-0.0591,3,0.1649
300453.SZ,20250930,0.3573,0.3418,-0.0434,0.0329,2,0.0179
301598.SZ,20250930,1.324,1.9806,0.4959,0.1325,19,0.0411
002483.SZ,20250930,0.253,0.2537,0.0026,-0.1152,3,0.0004
603738.SH,20250930,0.09,0.0498,-0.4465,0.1745,1,0.0033
300455.SZ,20250930,-0.2206,-0.0936,-0.5759,-0.019,5,0.0045
603716.SH,20250930,-0.44,-0.2543,-0.422,-0.434,1,0.0
920765.BJ,20250930,-0.06,-0.0392,-0.3464,-0.0583,2,0.0017
600292.SH,20250930,0.07,0.044,-0.3716,-0.1159,4,0.0014
600722.SH,20250930,0.053,0.0484,-0.0862,-0.0024,1,0.0026
300204.SZ,20250930,-0.06,-0.033,-0.4495,-0.2914,2,0.0001
688001.SH,20250930,0.34,0.6827,1.0079,0.2234,4,0.0067
688173.SH,20250930,-0.19,-0.1103,-0.4196,1.0595,1,0.0083
301396.SZ,20250930,0.7004,1.407,1.0089,5.9533,7,0.0244
002230.SZ,20250930,-0.0288,-0.0193,-0.3285,0.1301,2,0.0004
605500.SH,20250930,0.07,0.0319,-0.5443,0.1938,2,0.0013
600201.SH,20250930,0.15,0.2366,0.5773,0.0117,1,0.0182
301138.SZ,20250930,0.5897,1.2042,1.0421,0.2432,11,0.0416
002932.SZ,20250930,0.0616,0.0369,-0.401,-0.0084,8,0.0004
001339.SZ,20250930,0.53,1.0837,1.0448,0.0196,3,0.0482
300906.SZ,20250930,0.4557,0.5788,0.2702,0.0102,3,0.0238
002080.SZ,20250930,0.8818,1.761,0.997,0.2629,1,0.0061
002666.SZ,20250930,0.1,0.2021,1.0209,0.0911,2,0.0183
600577.SH,20250930,0.21,0.4154,0.9783,0.0686,1,0.0321
000422.SZ,20250930,0.7484,1.5277,1.0412,-0.0834,5,0.0884
603030.SH,20250930,-0.07,-0.0421,-0.3992,0.1041,5,0.0014
300556.SZ,20250930,-1.01,-0.422,-0.5821,-0.0829,9,0.0327
001368.SZ,20250930,0.72,1.4916,1.0717,0.1734,2,0.0481
920037.BJ,20250930,1.97,4.0684,1.0652,0.414,2,0.336
300008.SZ,20250930,0.134,0.2687,1.0055,0.3236,4,0.0101
603408.SH,20250930,0.79,1.0762,0.3622,-0.0048,6,0.0052
000759.SZ,20250930,-0.87,-0.4594,-0.472,-0.1636,4,0.0176
003038.SZ,20250930,0.03,0.0154,-0.4878,-0.025,11,0.0006
920693.BJ,20250930,0.12,0.0609,-0.4925,0.167,7,0.001
603602.SH,20250930,0.13,0.2708,1.0833,-0.0136,2,0.0057
688015.SH,20250930,0.45,0.9117,1.0261,0.1252,2,0.0267
000688.SZ,20250930,0.406,0.8095,0.9938,0.2101,2,0.0033
601168.SH,20250930,1.24,2.4134,0.9463,0.3687,5,0.0467
002991.SZ,20250930,1.72,1.059,-0.3843,-0.0646,6,0.0155
300030.SZ,20250930,0.08,0.1559,0.9493,-0.1385,19,0.0033
603869.SH,20250930,0.08,0.1627,1.0343,0.0326,16,0.0004
600990.SH,20250930,-0.3353,-0.1701,-0.4926,-0.0303,1,0.0066
002548.SZ,20250930,-0.12,-0.0685,-0.4289,0.0345,15,0.003
300334.SZ,20250930,0.0044,0.0021,-0.5121,-0.0635,6,0.0001
600230.SH,20250930,0.115,0.2017,0.7535,-0.1322,3,0.0002
002028.SZ,20250930,2.81,4.2079,0.4975,0.278,3,0.056
600936.SH,20250930,-0.21,-0.0946,-0.5497,0.4927,3,0.0073
300177.SZ,20250930,-0.0618,-0.042,-0.321,-0.0714,1,0.0005
920436.BJ,20250930,-0.14,-0.0678,-0.516,0.969,8,0.0066
300489.SZ,20250930,-0.0653,-0.0372,-0.4296,0.5065,4,0.002
000415.SZ,20250930,-0.2219,-0.1418,-0.3608,0.5738,4,0.002
300796.SZ,20250930,0.09,0.1372,0.5248,0.1676,9,0.0116
002826.SZ,20250930,0.44,0.8739,0.9862,-0.0358,20,0.0208
300384.SZ,20250930,0.6349,0.4927,-0.2241,-0.2521,4,0.0227
300133.SZ,20250930,0.09,0.0354,-0.6063,0.1545,10,0.0002
600847.SH,20250930,-0.22,-0.107,-0.5138,-0.0377,13,0.0057
300730.SZ,20250930,-0.24,-0.1274,-0.4692,-0.3763,21,0.0071
603838.SH,20250930,-0.1123,-0.0508,-0.548,0.3336,2,0.0059
300033.SZ,20250930,2.24,1.9654,-0.1226,0.3732,3,0.0131
688152.SH,20250930,-0.18,-0.0921,-0.4881,0.054,1,0.0014
605088.SH,20250930,1.23,1.4636,0.1899,0.1082,1,0.0524
920132.BJ,20250930,0.11,0.0574,-0.4784,-0.1028,1,0.0003
920378.BJ,20250930,0.12,0.2376,0.98,0.2082,5,0.0101
920505.BJ,20250930,0.21,0.1191,-0.4326,0.0418,1,0.0107
603122.SH,20250930,-0.03,-0.0168,-0.4402,-0.219,7,0.0001
000882.SZ,20250930,-0.0501,-0.0273,-0.4543,-0.1689,4,0.0004
002311.SZ,20250930,2.49,4.9949,1.006,0.092,10,0.0767
000735.SZ,20250930,0.0024,0.0013,-0.4626,-0.4124,2,0.0
603719.SH,20250930,-0.31,-0.162,-0.4774,-0.2391,19,0.0033
301568.SZ,20250930,0.76,1.4672,0.9305,0.396,5,0.0568
301129.SZ,20250930,-0.34,-0.2264,-0.3341,0.3809,4,0.0028
002787.SZ,20250930,0.25,0.4992,0.9968,-0.0864,2,0.0001
300787.SZ,20250930,0.3081,0.6471,1.1003,0.5278,7,0.0125
688312.SH,20250930,0.66,0.99,0.5001,0.2426,8,0.0369
688336.SH,20250930,0.65,0.8964,0.3791,0.1822,30,0.0137
002976.SZ,20250930,0.17,0.0885,-0.4793,0.2079,11,0.0023
688007.SH,20250930,-0.3,-0.1211,-0.5963,-0.2125,7,0.0122
002771.SZ,20250930,-0.25,-0.1235,-0.5061,-0.1523,5,0.003
000564.SZ,20250930,0.004,0.0021,-0.4817,-0.1399,4,0.0001
600215.SH,20250930,-0.1852,-0.0847,-0.5427,-0.516,4,0.0008
600397.SH,20250930,-0.3099,-0.1745,-0.4371,-0.4149,4,0.0122
002278.SZ,20250930,0.1038,0.2078,1.0018,0.1226,8,0.0068
002024.SZ,20250930,0.0081,0.0065,-0.1927,0.0252,9,0.0002
601668.SH,20250930,0.92,1.7927,0.9486,0.0038,3,0.0212
301273.SZ,20250930,-0.5425,-0.2422,-0.5535,0.382,2,0.0043
920717.BJ,20250930,0.033,0.0154,-0.5326,-0.1623,2,0.0004
002168.SZ,20250930,-0.0551,-0.0337,-0.3883,0.9651,5,0.001
688184.SH,20250930,-1.29,-0.7111,-0.4488,-0.5579,8,0.0497
688057.SH,20250930,0.2734,0.1989,-0.2726,-0.2436,3,0.0014
301370.SZ,20250930,0.14,0.2816,1.0117,-0.0536,5,0.0058
688003.SH,20250930,-0.0788,-0.0381,-0.516,0.1206,13,0.0022
002279.SZ,20250930,-0.0334,-0.0158,-0.5272,-0.4567,16,0.0004
300582.SZ,20250930,-0.27,-0.1414,-0.4761,-0.1097,2,0.0056
603216.SH,20250930,0.25,0.3406,0.3624,-0.0066,8,0.0102
600449.SH,20250930,0.46,0.3258,-0.2917,-0.398,2,0.0223
300798.SZ,20250930,-0.0325,-0.0128,-0.6057,0.2196,1,0.0009
600172.SH,20250930,-0.3755,-0.211,-0.4381,0.1201,15,0.0046
603733.SH,20250930,1.1,1.603,0.4572,0.1683,1,0.0081
600251.SH,20250930,0.4466,0.6704,0.5012,-0.2748,9,0.0497
000898.SZ,20250930,-0.218,-0.1301,-0.4033,-0.0946,10,0.0009
300631.SZ,20250930,0.3956,0.448,0.1324,0.24,2,0.0018
300780.SZ,20250930,-0.2213,-0.1263,-0.4295,0.1709,8,0.0019
600354.SH,20250930,0.0705,0.073,0.0348,0.1899,6,0.0001
301006.SZ,20250930,0.3935,0.6677,0.6969,0.0984,1,0.0073
002061.SZ,20250930,0.27,0.5404,1.0015,0.0642,1,0.0463
603767.SH,20250930,0.08,0.0496,-0.3805,-0.0012,3,0.0002
600367.SH,20250930,0.31,0.618,0.9935,0.0203,3,0.0444
600679.SH,20250930,0.2255,0.4585,1.0334,-0.0331,11,0.0274
301314.SZ,20250930,0.19,0.2439,0.2838,0.0197,3,0.0038
600693.SH,20250930,0.1012,0.1302,0.2868,0.0677,1,0.0029
688727.SH,20250930,0.19,0.3371,0.7742,0.2104,10,0.0167
300877.SZ,20250930,0.62,1.2508,1.0174,0.0013,1,0.1093
002617.SZ,20250930,0.1305,0.2604,0.9954,-0.0005,7,0.0255
920942.BJ,20250930,0.3447,0.1598,-0.5365,-0.085,4,0.0063
300211.SZ,20250930,-0.0614,-0.0337,-0.4509,1.7712,1,0.0019
600160.SH,20250930,1.203,2.4727,1.0554,0.1297,4,0.1771
600976.SH,20250930,1.88,3.7439,0.9914,-0.1268,13,0.0133
002302.SZ,20250930,-0.1685,-0.1081,-0.3587,-0.095,4,0.0046
002461.SZ,20250930,0.4265,0.8897,1.0862,0.0687,8,0.0277
600884.SH,20250930,0.132,0.0832,-0.3695,0.1713,19,0.0062
605186.SH,20250930,0.06,0.0273,-0.5456,0.3571,5,0.0008
300655.SZ,20250930,0.1212,0.2632,1.1717,0.119,21,0.0196
600182.SH,20250930,0.3579,0.4733,0.3224,0.041,2,0.0049
301609.SZ,20250930,0.67,0.5583,-0.1667,0.1191,1,0.0115
603418.SH,20250930,2.48,2.8003,0.1291,0.3031,1,0.0394
688687.SH,20250930,0.612,1.2324,1.0138,-0.0559,2,0.0342
301596.SZ,20250930,1.2694,2.5595,1.0163,0.0709,6,0.2528
920019.BJ,20250930,0.217,0.1787,-0.1765,0.1486,10,0.0002
000045.SZ,20250930,0.1174,0.1632,0.3905,-0.046,2,0.0183
601098.SH,20250930,0.65,0.9649,0.4844,-0.125,7,0.0069
600330.SH,20250930,0.047,0.066,0.4033,-0.081,2,0.0045
920275.BJ,20250930,0.02,0.0109,-0.4564,0.0531,2,0.0002
000959.SZ,20250930,0.1229,0.2421,0.9703,-0.0518,6,0.0193
300394.SZ,20250930,1.8863,3.8054,1.0174,0.6168,4,0.1047
605588.SH,20250930,-0.26,-0.1619,-0.3771,0.0655,3,0.0078
002948.SZ,20250930,0.65,1.3202,1.0311,0.032,1,0.0027
301589.SZ,20250930,4.89,8.4761,0.7334,0.0384,10,0.5337
603535.SH,20250930,0.29,0.1553,-0.4645,-0.0706,3,0.0083
000686.SZ,20250930,0.46,0.7605,0.6533,0.4047,3,0.0441
000929.SZ,20250930,0.0591,0.0812,0.3738,0.2892,5,0.0001
601211.SH,20250930,1.44,2.8956,1.0108,1.0315,7,0.0735
000908.SZ,20250930,-0.0507,-0.0299,-0.4101,-0.0976,1,0.0009
002292.SZ,20250930,0.0342,0.0327,-0.0427,-0.075,11,0.0006
000975.SZ,20250930,0.886,1.597,0.8025,0.2723,23,0.0853
688155.SH,20250930,1.64,3.4433,1.0996,0.0531,4,0.1358
002491.SZ,20250930,-0.0532,-0.0265,-0.5021,0.1611,1,0.0006
002413.SZ,20250930,-0.07,-0.0408,-0.4168,0.3192,9,0.0017
300274.SZ,20250930,5.73,11.3132,0.9744,0.324,1,0.3603
000705.SZ,20250930,0.1678,0.2237,0.3328,-0.3847,6,0.0133
301211.SZ,20250930,0.05,0.0264,-0.471,-0.0282,9,0.0001
600419.SH,20250930,-0.0337,-0.016,-0.5249,-0.0278,19,0.0004
600775.SH,20250930,-0.0982,-0.0554,-0.4363,-0.1434,15,0.0021
002434.SZ,20250930,0.26,0.3267,0.2565,0.0163,5,0.0188
300270.SZ,20250930,-0.14,-0.0704,-0.4969,-0.3149,4,0.0087
603630.SH,20250930,0.06,0.034,-0.4337,-0.0881,2,0.0006
000524.SZ,20250930,0.1,0.2039,1.039,0.0879,7,0.012
601368.SH,20250930,0.1533,0.1581,0.0314,-0.0039,10,0.0038
002286.SZ,20250930,0.36,0.7267,1.0185,0.1569,5,0.0375
601567.SH,20250930,1.08,2.1389,0.9805,0.0633,7,0.0972
603601.SH,20250930,0.0794,0.0828,0.0434,-0.1467,12,0.0006
603586.SH,20250930,0.68,0.6413,-0.057,0.1337,2,0.0006
603883.SH,20250930,0.7,0.6344,-0.0937,-0.0381,3,0.0449
000716.SZ,20250930,0.009,0.0052,-0.4261,-0.0425,5,0.0002
688185.SH,20250930,0.06,0.028,-0.5329,0.2388,2,0.0019
688347.SH,20250930,0.15,0.1464,-0.0239,0.2023,8,0.0049
600600.SH,20250930,3.867,7.7632,1.0075,-0.0013,3,0.3754
601038.SH,20250930,0.8848,1.0345,0.1692,-0.1208,12,0.0059
920344.BJ,20250930,-0.12,-0.061,-0.4919,-0.0868,5,0.0024
300091.SZ,20250930,-0.1801,-0.0954,-0.4702,-0.4574,2,0.0001
002917.SZ,20250930,0.3883,0.8267,1.129,0.0725,3,0.0292
301510.SZ,20250930,0.11,0.1922,0.7473,0.2964,26,0.0006
920208.BJ,20250930,0.74,0.4125,-0.4426,0.0276,3,0.0164
002792.SZ,20250930,0.0481,0.1004,1.088,0.0126,15,0.0043
300263.SZ,20250930,0.2,0.3984,0.992,0.1805,9,0.0241
301330.SZ,20250930,0.55,1.1232,1.0422,0.0179,4,0.0749
002655.SZ,20250930,0.1753,0.3709,1.1158,0.2402,5,0.0215
688227.SH,20250930,-0.29,-0.1263,-0.5644,0.0952,4,0.0035
600519.SH,20250930,51.53,81.5938,0.5834,0.0544,1,0.2172
688199.SH,20250930,0.02,0.0096,-0.5203,0.0164,3,0.0008
002500.SZ,20250930,0.2,0.418,1.09,0.1019,4,0.0241
688569.SH,20250930,0.43,0.3464,-0.1945,-0.1667,2,0.0117
300476.SZ,20250930,3.78,7.8196,1.0687,0.8134,3,0.0276
603177.SH,20250930,0.06,0.0495,-0.1758,0.1604,1,0.0001
600658.SH,20250930,-0.34,-0.1791,-0.4733,-0.4847,1,0.0045
603737.SH,20250930,1.01,2.0012,0.9814,0.0422,1,0.1458
600233.SH,20250930,0.836,1.3175,0.576,0.089,4,0.0333
301628.SZ,20250930,1.28,1.7363,0.3565,0.2184,2,0.0164
603755.SH,20250930,0.6617,1.3485,1.0379,0.179,6,0.1017
002294.SZ,20250930,0.52,1.0165,0.9547,0.1349,2,0.0106
301206.SZ,20250930,0.34,0.4102,0.2064,-0.0701,13,0.0094
688302.SH,20250930,-1.0,-0.5449,-0.4551,211.8051,2,0.0385
601326.SH,20250930,0.25,0.3572,0.4287,0.002,14,0.0036
300212.SZ,20250930,-0.7426,-0.4698,-0.3674,-0.0731,12,0.0331
601881.SH,20250930,0.92,1.8046,0.9616,0.459,4,0.0151
002378.SZ,20250930,0.16,0.2212,0.3825,0.3938,10,0.0201
300771.SZ,20250930,0.29,0.5854,1.0185,0.4114,1,0.0199
600678.SH,20250930,0.0919,0.1909,1.0775,0.8079,1,0.0005
920489.BJ,20250930,0.03,0.0183,-0.3903,-0.1055,22,0.0001
688029.SH,20250930,2.72,4.38,0.6103,0.1695,8,0.3425
000960.SZ,20250930,1.0315,2.0607,0.9977,0.2095,4,0.2353
600579.SH,20250930,-0.06,-0.0335,-0.4424,-0.8893,3,0.0019
002371.SZ,20250930,7.1093,6.3107,-0.1123,0.3296,16,0.2705
603848.SH,20250930,0.36,0.1838,-0.4894,0.0079,9,0.003
688459.SH,20250930,0.1177,0.0694,-0.4105,0.0928,4,0.0007
920370.BJ,20250930,-0.13,-0.0576,-0.5568,-0.148,3,0.0005
600654.SH,20250930,0.07,0.143,1.0424,0.1962,1,0.0038
688793.SH,20250930,-0.79,-0.4618,-0.4155,-0.342,1,0.0158
300217.SZ,20250930,0.1011,0.0515,-0.4903,-0.0391,2,0.0026
300822.SZ,20250930,0.1042,0.0594,-0.4296,-0.0431,14,0.0005
920675.BJ,20250930,0.27,0.1717,-0.3642,-0.1228,3,0.0015
000738.SZ,20250930,0.3049,0.2537,-0.1678,-0.0721,4,0.0085
600802.SH,20250930,-0.017,-0.0086,-0.4921,-0.0451,5,0.0008
603165.SH,20250930,0.65,1.1985,0.8439,-0.0267,12,0.0239
600595.SH,20250930,0.3,0.3114,0.038,0.039,9,0.0194
603255.SH,20250930,0.07,0.1249,0.7848,0.1112,8,0.0052
301180.SZ,20250930,0.02,0.0403,1.0149,0.3534,9,0.0001
920132.BJ,20250930,0.11,0.0501,-0.5446,-0.0773,1,0.0006
688702.SH,20250930,0.02,0.0401,1.0047,0.0026,3,0.0028
