Date,Open,High,Low,Close,Volume
20180102 00:00,133500,139300,133200,137000,208159255
20180103 00:00,137300,138600,132000,133300,296249838
20180104 00:00,133200,133700,131300,132500,185450948
20180105 00:00,132100,133500,131500,133000,121031272
20180108 00:00,132500,132900,128600,129600,215862081
20180109 00:00,129600,132000,129200,130800,134434509
20180110 00:00,130400,134900,129200,134700,240327736
20180111 00:00,134100,135900,132700,134000,144387781
20180112 00:00,134500,136800,134100,135500,135399140
20180115 00:00,135100,143300,135000,142000,312239448
20180116 00:00,141700,143800,140200,142000,244454900
20180117 00:00,143300,148000,142000,142300,265629401
20180118 00:00,144000,147200,142800,147200,214802680
20180119 00:00,148000,151300,146800,148000,257114669
20180122 00:00,146000,149400,144300,144400,207386714
20180123 00:00,143600,149000,143300,146500,238879170
20180124 00:00,146600,150800,145000,146400,259129212
20180125 00:00,144500,144700,140000,142000,236998459
20180126 00:00,141800,143400,140200,140500,203298865
20180129 00:00,140500,142500,136000,137400,209054668
20180130 00:00,137000,138400,135500,136500,109473986
20180131 00:00,136000,140500,135300,140500,174772914
20180201 00:00,139500,143000,138400,140300,200561475
20180202 00:00,139100,141000,136300,140500,117651271
20180205 00:00,138000,145700,137300,145500,233199790
20180206 00:00,142300,143300,139300,140000,258287204
20180207 00:00,142200,143000,127600,129200,334571697
20180208 00:00,128300,129200,125300,125400,213781506
20180209 00:00,120800,120800,113800,116900,282494975
20180212 00:00,117800,118400,115600,117200,122878244
20180213 00:00,118700,122100,118400,119400,129817869
20180214 00:00,119600,120300,117600,120000,86419024
20180222 00:00,122500,125300,122500,124600,126840607
20180223 00:00,125800,127900,124500,126100,101366320
20180226 00:00,127700,128500,124500,126300,104575874
20180227 00:00,126400,127000,121900,122800,128586906
20180228 00:00,121000,121900,119300,120500,121414559
20180301 00:00,119200,121500,119000,120400,88695718
20180302 00:00,119200,120400,118500,119500,66312416
20180305 00:00,119300,120800,118000,118600,75418313
20180306 00:00,119500,121100,117700,121000,115016249
20180307 00:00,121500,123400,120400,120500,142757032
20180308 00:00,120500,121500,119500,121100,68975503
20180309 00:00,121500,122000,119800,120900,94387697
20180312 00:00,121500,121700,119500,120300,126870132
20180313 00:00,120400,122200,120000,120200,108226732
20180314 00:00,119800,120000,118300,119200,63559413
20180315 00:00,117900,118500,116600,117100,115569473
20180316 00:00,117200,118500,116400,116400,96298338
20180319 00:00,116600,118400,116100,118300,80853872
20180320 00:00,117400,118800,117200,118200,77615002
20180321 00:00,119500,121200,118500,119000,144510951
20180322 00:00,119000,119700,116200,116600,98427842
20180323 00:00,112500,113500,109200,113400,182569075
20180326 00:00,111500,112000,108600,109300,138359851
20180327 00:00,111000,111700,108600,109400,110393361
20180328 00:00,108500,111400,107900,108900,109902339
20180329 00:00,109200,111700,105500,110500,133060238
20180330 00:00,110400,110500,108800,109000,75217368
20180402 00:00,108700,109900,107000,107100,110931643
20180403 00:00,106000,106700,105100,105600,89074565
20180404 00:00,106800,110100,106000,108700,160248873
20180409 00:00,108000,111000,107300,110200,107479576
20180410 00:00,110200,114600,109700,114200,139095079
20180411 00:00,113900,119200,113800,118300,209597045
20180412 00:00,118000,118300,114200,115200,117312818
20180413 00:00,116400,117900,114500,115700,130025597
20180416 00:00,114700,114700,110300,111000,142707281
20180417 00:00,111200,114500,111100,112100,130189172
20180418 00:00,114500,116100,112800,115000,147584533
20180419 00:00,115200,116900,114200,114700,84913183
20180420 00:00,115100,115800,112000,113500,95869066
20180423 00:00,113000,116100,112600,115700,107028935
20180424 00:00,116300,119400,115800,118600,146109880
20180425 00:00,117600,118100,116300,116800,73028648
20180426 00:00,116600,116900,113100,114200,87423591
20180427 00:00,114900,115100,106300,108500,270979568
20180502 00:00,109700,110300,108000,108800,119052318
20180503 00:00,108600,108800,105700,107500,128135557
20180504 00:00,107300,108300,106600,106800,71050952
20180507 00:00,107000,108300,106400,108100,97430967
20180508 00:00,108300,111500,108000,110100,137330568
20180509 00:00,109800,110300,108800,109700,62765613
20180510 00:00,110300,110900,109100,110100,55273588
20180511 00:00,110400,111300,109600,110100,77236966
20180514 00:00,110900,112300,110300,111800,103929716
20180515 00:00,111800,111900,110200,111200,66926144
20180516 00:00,110700,110700,108900,109000,71436208
20180517 00:00,109100,109400,107800,108200,58649438
20180518 00:00,108100,109700,107600,109600,57838477
20180521 00:00,110700,111100,109300,109500,76353357
20180522 00:00,109500,109800,107900,108600,58987185
20180523 00:00,108200,108200,106200,106500,99101629
20180524 00:00,106600,106800,105800,106100,68815202
20180525 00:00,106100,106700,105500,105900,59333567
20180528 00:00,105800,106600,105100,105900,56940092
20180529 00:00,105800,106300,103500,103800,88949497
20180530 00:00,102900,102900,100500,100800,112444704
20180531 00:00,101100,101900,100200,101800,98736038
20180601 00:00,101500,102900,100700,101900,59721116
20180604 00:00,102300,103100,101500,102700,59303835
20180605 00:00,102900,103000,101100,102600,65654075
20180606 00:00,102500,102600,101000,101400,71274341
20180607 00:00,102000,104600,101800,103700,126263820
20180608 00:00,103300,103300,100600,101200,109937982
20180611 00:00,100600,101300,100000,100400,72137498
20180612 00:00,100300,100800,99500,100600,91330072
20180613 00:00,100400,100600,99500,99500,53058431
20180614 00:00,99500,101500,99200,100700,86639201
20180615 00:00,100800,102900,100600,101700,124870788
20180619 00:00,100500,101500,98200,98700,156587447
20180620 00:00,98700,99500,97600,99100,76363731
20180621 00:00,99300,100400,98600,98600,84007077
20180622 00:00,98000,98700,97700,98500,65781851
20180625 00:00,99100,99200,93800,94600,119521260
20180626 00:00,93900,94400,90900,93600,112415694
20180627 00:00,93100,94000,90300,90900,104514268
20180628 00:00,89500,90800,88700,89200,111076403
20180629 00:00,90100,91300,89600,90900,67529968
20180702 00:00,90500,90500,85500,86100,131552013
20180703 00:00,86900,87000,84500,86700,127483857
20180704 00:00,86300,87500,86100,86100,71115337
20180705 00:00,86200,87300,85500,86000,83576877
20180706 00:00,86100,87800,84500,86600,98828269
20180709 00:00,86900,90300,86800,90300,140995460
20180710 00:00,90200,90200,88900,89800,89686202
20180711 00:00,87600,88300,86800,87800,85129670
20180712 00:00,86000,89700,85800,88800,114049231
20180713 00:00,89200,89400,88200,88800,60337821
20180716 00:00,88500,89000,86900,87300,68984558
20180717 00:00,87400,87500,86600,87200,37535633
20180718 00:00,87500,88500,86900,87000,52515277
20180719 00:00,87500,88100,86900,87300,46137239
20180720 00:00,87300,92000,86100,91100,175427740
20180723 00:00,90400,94500,90000,94200,178168826
20180724 00:00,93900,95900,93300,94000,142589416
20180725 00:00,94400,94700,93300,93800,61412281
20180726 00:00,94000,94800,92100,92500,83335815
20180727 00:00,93000,93600,91800,92500,51512603
20180730 00:00,93200,94900,92600,93900,70638597
20180731 00:00,93700,94900,92500,94200,72015080
20180801 00:00,94200,95000,91100,91500,81408168
20180802 00:00,91300,91500,88800,89400,93140128
20180803 00:00,89300,91000,89100,89100,47654662
20180806 00:00,89400,91100,88900,89400,55401008
20180807 00:00,89600,91700,88800,91700,69042319
20180808 00:00,91600,91600,90400,90500,57895316
20180809 00:00,90400,93500,90200,92900,80678377
20180810 00:00,93000,93200,91600,92300,42416836
20180813 00:00,91200,91600,89000,90500,81849112
20180814 00:00,90300,90400,89400,90000,43024036
20180815 00:00,90200,90200,87500,87900,67044285
20180816 00:00,87300,88900,86400,87800,63827255
20180817 00:00,88800,89400,87800,88100,64947656
20180820 00:00,89000,90200,88700,90000,68132206
20180821 00:00,90200,92600,90100,92300,126447447
20180822 00:00,92400,93400,91300,92900,98243398
20180823 00:00,93000,94200,92300,93600,72907462
20180824 00:00,93100,102800,92900,100300,304040839
20180827 00:00,100200,104300,99700,104300,221842422
20180828 00:00,103400,104300,102400,102900,128977724
20180829 00:00,102500,103300,101500,102700,90188349
20180830 00:00,102700,103500,100800,101200,99491773
20180831 00:00,101300,103200,101000,101300,131086524
20180903 00:00,100900,103000,100900,101900,71169567
20180904 00:00,102000,105500,100700,104300,129634208
20180905 00:00,103000,103300,100500,100500,117945317
20180906 00:00,100500,101400,99500,99700,71177755
20180907 00:00,100400,101800,99300,100100,80903534
20180910 00:00,100100,100700,98400,98800,63698929
20180911 00:00,99000,100300,98100,99100,71296751
20180912 00:00,98700,99700,98200,98800,56482916
20180913 00:00,100900,101000,98400,99600,99972561
20180914 00:00,99800,99800,98100,98400,61975019
20180917 00:00,98000,98000,96800,96900,51708233
20180918 00:00,97300,101200,97000,100800,112680742
20180919 00:00,100300,103400,100300,102400,123154877
20180920 00:00,102700,103600,101900,102300,62034836
20180921 00:00,102600,107000,101800,106700,162451841
20180925 00:00,105200,106800,104800,105500,97701470
20180926 00:00,106100,109200,105200,107100,149051343
20180927 00:00,106500,108400,105700,107400,88036333
20180928 00:00,107800,112700,107800,110500,211024267
20181008 00:00,107000,107900,104500,104500,168635852
20181009 00:00,104600,107000,103900,105600,106408426
20181010 00:00,105400,106600,103800,104500,99520008
20181011 00:00,100500,101600,97000,98600,199514383
20181012 00:00,99700,103400,98700,103000,151681028
20181015 00:00,103900,104700,100900,101100,140268530
20181016 00:00,101400,105400,101200,103700,139692105
20181017 00:00,105000,105500,101400,103300,135088983
20181018 00:00,102900,102900,100600,100900,100115605
20181019 00:00,99500,107800,99200,107600,208366732
20181022 00:00,108100,114600,107800,111500,264554312
20181023 00:00,112000,112200,107300,108400,160254592
20181024 00:00,109000,113300,108000,110400,182942464
20181025 00:00,108000,112900,107100,112900,168501136
20181026 00:00,112900,113100,109600,111800,129997510
20181029 00:00,112000,112400,106200,107500,159162878
20181030 00:00,107800,110800,107300,109000,150182786
20181031 00:00,109500,109900,107500,109100,115268379
20181101 00:00,109900,110500,107600,108300,154277632
20181102 00:00,110400,111600,108300,110900,221292287
20181105 00:00,109500,110400,108200,109200,129192417
20181106 00:00,108700,109300,107300,108400,73572574
20181107 00:00,108300,109500,107500,108100,78559741
20181108 00:00,108800,109700,108200,108900,79397600
20181109 00:00,107100,107300,104000,105500,162926917
20181112 00:00,104600,105800,103800,105600,92033388
20181113 00:00,104100,106500,103800,105400,107249762
20181114 00:00,105300,105500,104200,104400,77423985
20181115 00:00,104400,106400,104200,106200,90146198
20181116 00:00,106100,107200,104900,105700,105959259
20181119 00:00,105700,108800,105700,108500,136088709
20181120 00:00,107500,108000,105200,105700,103387753
20181121 00:00,105000,106700,104800,106100,66615733
20181122 00:00,106700,106700,104800,105500,50026785
20181123 00:00,105300,105800,103100,103200,70035815
20181126 00:00,103400,104600,103000,103400,51656911
20181127 00:00,103500,103900,101600,101800,73344838
20181128 00:00,101700,103100,101600,102800,53775145
20181129 00:00,103500,103900,101900,102000,48528405
20181130 00:00,102200,103600,101700,103600,59471532
20181203 00:00,105900,106600,104700,105900,106409717
20181204 00:00,105700,106200,105300,105900,53481305
20181205 00:00,104900,105100,104000,104500,58154527
20181206 00:00,103600,103700,102300,102500,57886648
20181207 00:00,103000,103900,102700,102800,34021615
20181210 00:00,102200,102700,101300,101700,49481887
20181211 00:00,102100,102600,101700,102300,29908962
20181212 00:00,103000,103200,102000,102400,36637903
20181213 00:00,102500,104800,102000,103900,79084521
20181214 00:00,103400,103500,101600,101700,52667513
20181217 00:00,101600,103300,101000,102900,57127487
20181218 00:00,102000,103200,101000,101200,53774430
20181219 00:00,101400,101800,99000,99400,59800701
20181220 00:00,99200,99700,96300,97100,99028479
20181221 00:00,96800,97000,93300,94500,100061676
20181224 00:00,94000,94500,93100,94200,50911767
20181225 00:00,92900,94300,92100,93400,58661545
20181226 00:00,93500,94200,92700,93000,42114060
20181227 00:00,94500,94900,92800,92800,62459327
20181228 00:00,93100,94600,93100,93800,57660400
20190102 00:00,93900,94200,91600,91900,53938632
20190103 00:00,91800,93300,91500,92800,41553795
20190104 00:00,92400,98200,92200,97500,148115906
20190107 00:00,98400,98500,96300,97400,86568766
20190108 00:00,97300,97400,96200,96600,40238811
20190109 00:00,97400,100800,97000,99400,123348636
20190110 00:00,98700,102000,98600,101000,107181766
20190111 00:00,101100,102200,100500,102000,69636455
20190114 00:00,102200,102500,100700,101100,50044359
20190115 00:00,101100,102800,100900,102400,54216055
20190116 00:00,102400,105000,102300,104800,97769937
20190117 00:00,105400,105700,101700,102500,88281192
20190118 00:00,103400,104900,102800,104300,73879326
20190121 00:00,103400,104700,103200,103400,65935576
20190122 00:00,103400,104400,102600,102800,42441357
20190123 00:00,102900,104700,102900,103500,53787663
20190124 00:00,104000,105500,103700,105200,67924088
20190125 00:00,105600,110400,105500,110000,210836185
20190128 00:00,110400,111400,108800,109400,103590980
20190129 00:00,109600,110700,107700,110000,82663110
20190130 00:00,109500,111800,108600,109500,71200101
20190131 00:00,109800,112000,109400,111000,83162275
20190201 00:00,112000,112500,109600,112000,101427007
20190211 00:00,110800,112100,109700,112100,80193663
20190212 00:00,112000,113100,110300,111900,95993690
20190213 00:00,111900,114100,111200,113800,113736574
20190214 00:00,113000,113300,111900,112500,86918519
20190215 00:00,112300,112300,109000,109500,110012746
20190218 00:00,110500,113600,110400,113600,125552221
20190219 00:00,113600,116200,112400,112700,127088204
20190220 00:00,113300,115300,112500,114100,83262987
20190221 00:00,113800,115500,112800,113600,75424648
20190222 00:00,113500,115700,111500,115400,118404779
20190225 00:00,117000,126400,115700,125500,282493502
20190226 00:00,125500,125700,121500,122000,201754493
20190227 00:00,122400,126600,121500,124000,197901388
20190228 00:00,124400,126100,122700,123600,111309980
20190301 00:00,124800,127800,122000,127600,171267916
20190304 00:00,127000,133800,126200,129900,245683039
20190305 00:00,129100,132900,128400,130600,140842222
20190306 00:00,130600,131500,128400,130800,124576020
20190307 00:00,130600,130600,125500,127400,178205731
20190308 00:00,124900,127000,122500,123000,177816210
20190311 00:00,123000,124900,120500,123200,115765077
20190312 00:00,124900,126400,122400,123600,141179492
20190313 00:00,123400,125500,121300,123700,126942716
20190314 00:00,123300,126200,122700,124300,105746790
20190315 00:00,123400,126800,123400,125000,104540603
20190318 00:00,125300,129400,123200,129100,148645480
20190319 00:00,129200,129400,126100,127900,95719646
20190320 00:00,126800,128800,126200,127500,92999638
20190321 00:00,127700,128000,125800,126900,86014080
20190322 00:00,126900,127400,125000,125900,71350206
20190325 00:00,124000,124000,121000,121100,117988326
20190326 00:00,122300,122900,120100,121000,93539327
20190327 00:00,122400,124700,121800,123800,92282680
20190328 00:00,123100,123100,121000,122200,73246744
20190329 00:00,122600,128200,122100,128200,166950647
20190401 00:00,128300,135500,128300,131800,195140119
20190402 00:00,132800,134800,132300,133600,110038404
20190403 00:00,132100,134500,131500,134400,79291579
20190404 00:00,134300,140000,134300,138600,203436500
20190408 00:00,139000,144300,137200,139600,174317620
20190409 00:00,138700,139800,137500,138100,78133238
20190410 00:00,137500,138800,134000,137300,94713506
20190411 00:00,137300,139600,134900,135400,65535662
20190412 00:00,134900,135900,132100,134200,77432464
20190415 00:00,137200,140900,136600,136900,153389068
20190416 00:00,136700,145800,135500,145800,237937518
20190417 00:00,144200,145900,142300,143500,100410987
20190418 00:00,143000,143700,141100,143400,50704530
20190419 00:00,144500,148000,143000,147300,124603609
20190422 00:00,146000,148400,140800,141500,132227390
20190423 00:00,141000,142000,139700,140700,94068734
20190424 00:00,144500,146000,141600,144400,194972363
20190425 00:00,143800,146400,141300,141300,111147637
20190426 00:00,140800,142500,137000,137900,100942124
20190429 00:00,139000,143300,138600,141000,103069575
20190430 00:00,139900,140500,135900,138500,111657027
20190506 00:00,131000,133500,127100,128700,210866784
20190507 00:00,130300,130900,127200,129500,107265841
20190508 00:00,127200,129100,125000,126000,97545081
20190509 00:00,125200,125800,120500,121600,155715161
20190510 00:00,123400,127500,121000,126800,119239908
20190513 00:00,123300,125400,122300,123000,74191779
20190514 00:00,122000,127500,121600,124900,118259819
20190515 00:00,125800,131100,125700,129200,110398851
20190516 00:00,129300,129900,127800,128500,63490143
20190517 00:00,129200,129300,123600,124400,96500085
20190520 00:00,123500,125400,122500,123800,78643518
20190521 00:00,124000,127300,123600,125600,73121051
20190522 00:00,125700,125700,123200,124000,50623072
20190523 00:00,122400,124200,121400,122900,66685543
20190524 00:00,123500,124500,123100,123500,49552620
20190527 00:00,122100,124200,119300,123700,104842598
20190528 00:00,123100,125500,122600,124900,88070312
20190529 00:00,123600,125900,122600,124000,66641150
20190530 00:00,123200,123800,121100,122200,64628465
20190531 00:00,121600,124000,121100,121800,68679439
20190603 00:00,122200,123300,118200,119000,151271905
20190604 00:00,118900,119400,116000,118500,97465534
20190605 00:00,119700,121400,119200,119700,74889231
20190606 00:00,119700,120700,118900,119200,43366526
20190610 00:00,120100,124700,119800,123400,114466882
20190611 00:00,123400,127200,123000,126500,125108751
20190612 00:00,126300,126600,124400,125700,65731018
20190613 00:00,125400,126800,124300,125900,53000026
20190614 00:00,125900,126900,124500,124900,48319173
20190617 00:00,124800,127900,124800,126700,61981588
20190618 00:00,126700,128500,125900,128000,48355512
20190619 00:00,132900,133900,130100,130700,114322639
20190620 00:00,131700,139500,131200,138000,152919147
20190621 00:00,137600,138700,135800,136400,101112915
20190624 00:00,136900,138300,136100,136900,65957285
20190625 00:00,137200,137200,130700,134300,146922707
20190626 00:00,132700,135000,131900,133700,54650476
20190627 00:00,135000,138500,134500,137100,92507494
20190628 00:00,137300,137900,135800,137800,49809369
20190701 00:00,140100,141800,138700,139300,96063600
20190702 00:00,138800,142400,138600,141800,105274486
20190703 00:00,141800,142100,138700,140100,76907849
20190704 00:00,140100,142800,138800,139900,62129252
20190705 00:00,139500,139800,136900,139200,74919609
20190708 00:00,138200,138800,134500,135900,77841390
20190709 00:00,136300,137100,134400,135900,49429611
20190710 00:00,136100,137000,134900,135600,35822079
20190711 00:00,136800,137800,135300,135400,48418314
20190712 00:00,136000,142300,135800,141200,146536652
20190715 00:00,140300,141200,138400,140000,84128276
20190716 00:00,139700,139900,137100,137500,72278079
20190717 00:00,137000,138100,136100,136900,41002063
20190718 00:00,136500,138100,135600,136700,42282622
20190719 00:00,137400,140800,136800,139900,86639070
20190722 00:00,139600,140200,137600,138500,58228330
20190723 00:00,138600,138700,136500,137600,50400423
20190724 00:00,138700,140100,137900,138800,57027622
20190725 00:00,139200,142700,138500,142000,108782641
20190726 00:00,141800,142500,140800,142300,63530571
20190729 00:00,142500,144500,141800,142900,71557619
20190730 00:00,143100,145500,142900,143700,79663432
20190731 00:00,143000,143200,140800,141300,63472348
20190801 00:00,140600,141900,139400,141000,52798128
20190802 00:00,137700,138800,136600,137400,96992646
20190805 00:00,136000,136400,132700,133500,89308242
20190806 00:00,131000,134600,130300,133700,88249913
20190807 00:00,134900,136400,133700,135400,79303899
20190808 00:00,139000,145000,138500,143800,233071504
20190809 00:00,145500,148500,144300,145200,206057513
20190812 00:00,146100,151200,146000,151200,273342547
20190813 00:00,150000,150800,147400,148900,129373644
20190814 00:00,151400,152200,148000,149700,136054654
20190815 00:00,146400,149600,146000,149400,89737626
20190816 00:00,150900,151400,147800,149000,98690293
20190819 00:00,149100,149400,145200,149200,229295613
20190820 00:00,149200,152000,147700,149900,192104150
20190821 00:00,148700,148900,143800,144500,199013195
20190822 00:00,144000,144500,142000,143100,135307158
20190823 00:00,143700,147400,143500,146500,163686768
20190826 00:00,144200,145000,141500,142500,141512254
20190827 00:00,143600,144800,142400,143100,135671337
20190828 00:00,142600,142800,140500,142700,82965768
20190829 00:00,142200,142400,140800,141300,60903434
20190830 00:00,142900,143900,141000,141600,79850057
20190902 00:00,141500,145000,141100,144500,136020130
20190903 00:00,144800,145100,142500,143000,85865365
20190904 00:00,143200,145000,143100,144400,97396487
20190905 00:00,145600,148500,145500,145800,176805143
20190906 00:00,147100,148100,146200,148100,98643280
20190909 00:00,149800,150000,146000,146900,129983914
20190910 00:00,146000,146400,144100,145500,79687064
20190911 00:00,146000,147100,144600,145600,81861421
20190912 00:00,146600,147800,145300,146800,115068764
20190916 00:00,147000,147200,144000,144500,92989414
20190917 00:00,143600,144500,141800,142400,88265575
20190918 00:00,142400,144800,142400,144100,82043633
20190919 00:00,144800,148900,144800,148400,188402083
20190920 00:00,149500,154000,149300,153400,264428514
20190923 00:00,153400,154700,151800,153800,140328200
20190924 00:00,154700,155400,151800,151800,112910324
20190925 00:00,152000,158500,151900,157500,193889272
20190926 00:00,158600,160400,156600,157100,168659258
20190927 00:00,158500,160000,157000,159000,100770627
20190930 00:00,157500,158900,155700,155900,104636317
20191008 00:00,156000,162300,156000,162000,138667636
20191009 00:00,161000,165200,160200,162500,131669341
20191010 00:00,162700,162700,159900,162400,87974662
20191011 00:00,162000,169500,162000,168100,140542282
20191014 00:00,169700,176000,169200,172200,155763745
20191015 00:00,172500,173500,168200,171800,88195542
20191016 00:00,172600,174400,166300,167900,126767121
20191017 00:00,169000,170000,165500,167000,112618222
20191018 00:00,168000,170400,164300,165100,119679914
20191021 00:00,164300,169700,164300,168900,94595225
20191022 00:00,169100,169300,160300,164200,188353143
20191023 00:00,163200,166700,162300,164500,96753459
20191024 00:00,165000,170000,164400,168700,110921477
20191025 00:00,167800,169600,165800,168800,69143576
20191028 00:00,169800,170400,164800,166600,107013113
20191029 00:00,166900,169300,165600,169100,78886473
20191030 00:00,168000,169600,164200,164300,85431717
20191031 00:00,164200,164700,162400,162600,86256930
20191101 00:00,163500,170000,162800,168600,125465544
20191104 00:00,169800,172500,167700,169200,88982425
20191105 00:00,168000,174400,167900,171500,117248589
20191106 00:00,170600,172600,168800,169600,86332536
20191107 00:00,169300,170700,167500,168900,71189699
20191108 00:00,169800,170200,166400,166500,84913924
20191111 00:00,165000,165300,162000,162800,95351563
20191112 00:00,162900,163700,161600,163300,51626640
20191113 00:00,162900,164600,160600,163300,65512065
20191114 00:00,164300,164800,162500,163200,46889955
20191115 00:00,163900,165500,162400,163400,56922798
20191118 00:00,163500,165500,162300,164500,55791841
20191119 00:00,164500,164800,163100,164100,56212040
20191120 00:00,163000,163000,157700,158500,172438353
20191121 00:00,157500,158700,156300,158600,77256324
20191122 00:00,158900,159200,155500,155900,77347354
20191125 00:00,156400,158400,155400,158000,78325794
20191126 00:00,158900,158900,154900,156200,81529753
20191127 00:00,156400,156400,153900,154700,47616998
20191128 00:00,154700,155400,154400,154900,37801651
20191129 00:00,155400,155500,151800,152900,65386691
20191202 00:00,153500,154300,152300,153600,55387738
20191203 00:00,153000,154600,152100,154500,45541805
20191204 00:00,153400,154100,152100,153100,52454527
20191205 00:00,153500,154800,153000,154300,55708446
20191206 00:00,154700,157200,154600,156000,71261524
20191209 00:00,156200,156200,153500,154100,60599289
20191210 00:00,153600,153800,152500,153300,55638388
20191211 00:00,153800,156800,153000,156600,87150519
20191212 00:00,156600,156700,155300,156000,47899882
20191213 00:00,158500,161200,157700,161200,105310381
20191216 00:00,161200,161400,158700,161300,78795234
20191217 00:00,160000,166300,159800,165000,120310490
20191218 00:00,164300,166600,164100,164600,79709133
20191219 00:00,165500,167400,164400,165500,67553676
20191220 00:00,165500,166800,164400,165900,64447838
20191223 00:00,166800,166800,161700,162400,71579272
20191224 00:00,162300,165000,162300,164000,45912842
20191225 00:00,164500,165600,162400,163000,41491798
20191226 00:00,163400,164800,163200,164700,37203386
20191227 00:00,165300,169300,164300,166300,104257472
20191230 00:00,164600,166300,161000,165700,97697031
20191231 00:00,165700,166300,163100,164500,70444225
20200102 00:00,166500,169500,165500,168700,153023187
20200103 00:00,169400,173100,169200,171800,111619481
20200106 00:00,170100,173400,169100,170700,86208350
20200107 00:00,171300,172800,169500,171500,72860756
20200108 00:00,170000,170500,166300,166600,84782412
20200109 00:00,168100,169300,165300,167900,103163665
20200110 00:00,167900,168100,165200,166900,58554845
20200113 00:00,167500,170300,166100,169900,87213336
20200114 00:00,169900,172700,167600,167600,130449366
20200115 00:00,167900,168600,164500,165200,85943912
20200116 00:00,165200,165700,162000,163300,102810467
20200117 00:00,163800,165500,163500,163900,60543669
20200120 00:00,164300,166100,163500,164500,74607475
20200121 00:00,163400,163400,159300,160000,89660310
20200122 00:00,159200,161600,157100,160900,71946491
20200123 00:00,159200,159200,153900,155400,110059207
20200203 00:00,139900,147000,139900,139900,225919483
20200204 00:00,140500,146600,140200,146000,170617207
20200205 00:00,145900,148900,143200,146300,149138021
20200206 00:00,148100,148700,145100,147700,118581572
20200207 00:00,146000,146900,144100,146200,92485296
20200210 00:00,145100,145300,143000,145000,133949524
20200211 00:00,146000,149400,145600,147900,140750744
20200212 00:00,147900,148200,146000,147700,107050321
20200213 00:00,147100,148800,146100,146500,101320528
20200214 00:00,147500,151400,147000,150300,151243473
20200217 00:00,150400,153700,149300,153700,154369601
20200218 00:00,153300,153300,150100,152000,97361235
20200219 00:00,151000,153700,150800,152400,87410693
20200220 00:00,152700,156200,151000,155900,123544434
20200221 00:00,154900,157200,154500,155800,99507102
20200224 00:00,154600,154600,151500,152300,119179450
20200225 00:00,150000,151300,147800,150400,114457502
20200226 00:00,147700,152700,147000,149900,117659915
20200227 00:00,149600,151500,148900,151100,97527090
20200228 00:00,148500,150400,144600,145000,130064445
20200302 00:00,145500,149500,144600,147900,111658066
20200303 00:00,149600,149900,146300,147200,115358432
20200304 00:00,146800,147800,145100,146900,86259523
20200305 00:00,148000,156400,147300,153900,268660234
20200306 00:00,151800,152700,150200,150300,122853103
20200309 00:00,147100,147300,144200,144500,166579354
20200310 00:00,143800,148500,143800,147600,116786497
20200311 00:00,147700,148800,146200,146900,81438164
20200312 00:00,146500,148400,145300,146800,98649711
20200313 00:00,139000,145800,139000,145200,116976580
20200316 00:00,144500,144600,137500,137500,140620218
20200317 00:00,137500,139700,131300,134100,117784906
20200318 00:00,134100,135500,126500,127100,138478437
20200319 00:00,126800,127400,119100,122300,189145713
20200320 00:00,124000,126800,122600,125200,157835296
20200323 00:00,120000,123500,119300,121500,107111364
20200324 00:00,124000,126800,122700,126100,118020026
20200325 00:00,128800,130700,127000,128700,113695774
20200326 00:00,127800,133400,127200,130600,107519243
20200327 00:00,132500,133800,130800,131500,65301888
20200330 00:00,128500,130400,127600,129400,66173879
20200331 00:00,130500,130900,127800,128000,51337030
20200401 00:00,128600,131300,128200,128900,52083604
20200402 00:00,127500,129700,126600,129700,51836504
20200403 00:00,128200,128900,125500,126100,82534814
20200407 00:00,128900,129400,128100,128800,87031371
20200408 00:00,128800,129200,127200,127800,52871614
20200409 00:00,128800,128900,127200,127400,40855377
20200410 00:00,127600,129800,126500,127900,66667495
20200413 00:00,126700,127100,124700,125900,44621440
20200414 00:00,126500,128600,125700,128600,68608687
20200415 00:00,128600,129300,127800,128700,65639640
20200416 00:00,127900,127900,125400,126800,78915498
20200417 00:00,127700,130400,126500,128900,133116477
20200420 00:00,128600,130500,127700,129900,81845583
20200421 00:00,133000,137000,133000,134500,212244834
20200422 00:00,133700,134200,131600,132300,103280274
20200423 00:00,132300,133100,131100,132300,64698963
20200424 00:00,131700,132800,131100,132400,56600161
20200427 00:00,133000,136400,132500,135000,93682990
20200428 00:00,134500,135600,132700,135200,77156417
20200429 00:00,134800,141000,134500,140200,110872239
20200430 00:00,140200,143200,138800,139300,81954043
20200506 00:00,137600,138900,136100,137700,100899802
20200507 00:00,137600,137600,136000,136900,66274923
20200508 00:00,137600,140200,136800,139500,93478170
20200511 00:00,139200,141300,139000,140000,61286229
20200512 00:00,139500,140500,137200,137900,55851114
20200513 00:00,137500,137800,135300,136300,64035879
20200514 00:00,135500,135900,132200,133000,94467209
20200515 00:00,133900,134300,131400,132300,75679447
20200518 00:00,132000,133400,131200,132000,63720857
20200519 00:00,134100,134500,132700,133600,60036864
20200520 00:00,133800,136200,132700,135100,69085107
20200521 00:00,135200,135700,133600,134000,55231200
20200522 00:00,133300,133400,129200,129200,85623733
20200525 00:00,129700,129800,127600,129600,41017078
20200526 00:00,130200,130700,129400,130400,39621240
20200527 00:00,130500,131900,129600,130000,48296294
20200528 00:00,128700,131800,128100,130700,96076031
20200529 00:00,130100,130400,129200,130000,45780822
20200601 00:00,131000,133900,130800,133200,88296055
20200602 00:00,132900,136300,132800,135500,88345888
20200603 00:00,136400,138800,135000,135400,95680308
20200604 00:00,135300,136400,134100,135700,58306633
20200605 00:00,136000,136200,134300,135900,38302690
20200608 00:00,136800,138500,135800,136200,58597190
20200609 00:00,136400,137300,135300,136700,47430007
20200610 00:00,137100,137100,134000,134900,58047620
20200611 00:00,133800,133900,130000,130800,134903982
20200612 00:00,129000,130200,128700,129900,103055057
20200615 00:00,128500,129700,128000,128200,66031307
20200616 00:00,129000,129900,128600,128900,71805910
20200617 00:00,128900,129200,127600,128500,71646824
20200618 00:00,127600,128000,125900,127600,111964780
20200619 00:00,127300,128400,126100,128000,153952178
20200622 00:00,127400,127600,126200,126400,131907979
20200623 00:00,126500,126900,125200,126000,99080673
20200624 00:00,126400,128800,126000,128000,152322048
20200629 00:00,129200,129700,127100,128000,103848006
20200630 00:00,128300,128800,127200,128000,93794022
20200701 00:00,127900,131500,127400,131200,169739001
20200702 00:00,130800,134900,129700,134300,259050119
20200703 00:00,135700,143200,135600,142500,376833363
20200706 00:00,146000,156800,145900,156800,471146078
20200707 00:00,163000,166300,150300,154800,396442747
20200708 00:00,152300,160000,152300,157600,263133916
20200709 00:00,156600,156600,153100,155300,224399440
20200710 00:00,153500,154800,147600,148600,215877326
20200713 00:00,147000,150800,145000,148900,193716012
20200714 00:00,149000,151900,145500,146800,195356627
20200715 00:00,147800,148600,142300,142700,204256283
20200716 00:00,143000,145500,141200,141500,193089129
20200717 00:00,141700,142800,139500,141400,129134677
20200720 00:00,142300,147700,141000,147300,197963200
20200721 00:00,146800,146800,144000,144900,125286569
20200722 00:00,144900,146500,142700,144100,131295159
20200723 00:00,142400,142900,138100,140100,202752587
20200724 00:00,139700,139900,134200,135000,183088183
20200727 00:00,136700,136800,131000,132400,188065335
20200728 00:00,133400,134300,131800,133400,121700599
20200729 00:00,133500,136300,132100,135400,151958025
20200730 00:00,135000,135100,133700,133700,96406763
20200731 00:00,132800,135300,132500,133400,116582191
20200803 00:00,134700,136200,134300,135900,144509616
20200804 00:00,136600,141500,134800,140400,244566325
20200805 00:00,138200,138500,136200,137600,144020313
20200806 00:00,138200,139600,136500,139000,135251068
20200807 00:00,138000,139000,136200,137000,98867837
20200810 00:00,136700,140200,136200,139500,158771035
20200811 00:00,139700,146600,139700,141300,260330789
20200812 00:00,142100,145000,141500,143800,159681170
20200813 00:00,144000,144600,141400,141800,83726175
20200814 00:00,141000,145100,140600,144700,110321582
20200817 00:00,146000,153500,145500,151900,326802780
20200818 00:00,152000,153000,149100,151500,135026107
20200819 00:00,151100,153500,149600,151000,142092811
20200820 00:00,150100,151400,145300,145900,133380162
20200821 00:00,147100,147100,143200,144500,123451733
20200824 00:00,145000,147100,144100,144600,91944886
20200825 00:00,145600,146900,144600,146000,74832022
20200826 00:00,146000,146100,142800,143700,73411772
20200827 00:00,144000,144600,141100,144600,62666677
20200828 00:00,142600,151800,142600,151300,241040002
20200831 00:00,153000,156800,149900,150800,179712954
20200901 00:00,149600,152300,148800,151400,81364258
20200902 00:00,150100,155300,150100,153200,167938297
20200903 00:00,153200,153300,148400,149000,127984159
20200904 00:00,147300,150600,146000,149600,90988999
20200907 00:00,148800,152400,148300,149400,103137681
20200908 00:00,150000,154300,150000,154300,140760166
20200909 00:00,152600,155600,151300,152100,101357247
20200910 00:00,153200,154800,152000,153400,95709239
20200911 00:00,151800,153000,148200,150100,95423625
20200914 00:00,150100,153000,149200,153000,68025105
20200915 00:00,152000,154800,151500,153500,65713267
20200916 00:00,153200,155400,152100,154400,72241475
20200917 00:00,155400,157200,154000,155700,98821563
20200918 00:00,156200,160900,155200,160700,137319330
20200921 00:00,160000,160500,157100,158600,89616165
20200922 00:00,156700,158400,153900,155700,86775631
20200923 00:00,155900,158300,155100,156300,59920047
20200924 00:00,155900,156100,151200,151200,106101124
20200925 00:00,152000,153100,151100,151900,61408700
20200928 00:00,151900,153700,149800,153100,61271111
20200929 00:00,153900,154100,147600,148000,118237440
20200930 00:00,148000,152700,148000,151700,121706482
20201009 00:00,153000,155500,151300,151800,90042593
20201012 00:00,152200,160500,152100,159000,159134715
20201013 00:00,159000,161100,157700,160600,90881948
20201014 00:00,160400,161200,158000,160300,66256236
20201015 00:00,162000,169200,161500,165600,160006232
20201016 00:00,165600,173700,165400,171000,209561419
20201019 00:00,173000,181000,173000,174800,201610552
20201020 00:00,174800,176000,172500,175400,96007195
20201021 00:00,176400,180000,173300,179100,124456018
20201022 00:00,179400,185000,173000,175600,189051905
20201023 00:00,175300,187800,175300,181300,169850168
20201026 00:00,182000,182900,174500,177000,117559865
20201027 00:00,180000,180000,175000,177600,103486504
20201028 00:00,177600,179000,172900,176300,120582386
20201029 00:00,175400,179300,173500,177700,84660362
20201030 00:00,177400,183600,176000,177500,100780383
20201102 00:00,176500,180500,173300,176300,96845277
20201103 00:00,177100,183400,177000,179600,95786863
20201104 00:00,183500,184800,179600,183200,124763640
20201105 00:00,183700,185000,175400,177000,142946944
20201106 00:00,177100,177500,172200,176400,84878153
20201109 00:00,176700,180000,175400,178400,95142432
20201110 00:00,180000,185000,179300,181100,102106281
20201111 00:00,182000,183000,176000,178100,94013007
20201112 00:00,178100,179400,174500,176600,67725848
20201113 00:00,174200,174700,166900,171800,128918923
20201116 00:00,170800,174300,169000,173700,75985693
20201117 00:00,173800,179300,172500,178300,85293051
20201118 00:00,177800,185000,177500,184600,137340072
20201119 00:00,185900,189800,183000,188500,121174062
20201120 00:00,188300,189900,185200,188600,67391922
20201123 00:00,188500,196200,188000,196200,116585826
20201124 00:00,196200,196800,191700,193600,67854323
20201125 00:00,194800,197000,190500,190600,55258501
20201126 00:00,190500,196100,190300,195000,63965789
20201127 00:00,200000,200000,193800,197000,75377374
20201130 00:00,199000,208800,195900,197400,158144128
20201201 00:00,197000,205100,194000,200500,126371975
20201202 00:00,199300,200600,195200,196300,88938529
20201203 00:00,197800,198600,191700,195400,71445230
20201204 00:00,194700,194700,189700,193000,89134784
20201207 00:00,193100,193900,186800,189100,87380661
20201208 00:00,189200,190300,185300,187100,71964751
20201209 00:00,187900,190500,186800,187100,67722115
20201210 00:00,187300,188800,184500,186500,60786655
20201211 00:00,187100,188000,182200,185200,88779387
20201214 00:00,186000,190600,185000,188800,83599174
20201215 00:00,188000,188500,181500,187400,78885794
20201216 00:00,188000,191000,185800,190100,68907042
20201217 00:00,189100,190700,186000,189500,68614069
20201218 00:00,190000,191000,182300,183600,105875636
20201221 00:00,183000,186400,180300,182800,90687811
20201222 00:00,183600,186500,178800,179000,102873751
20201223 00:00,179600,180700,177900,180000,75008273
20201224 00:00,181500,184900,180500,182600,63295012
20201225 00:00,182600,182600,178000,180400,57707733
20201228 00:00,180200,188600,179600,188500,127033706
20201229 00:00,188700,193000,187000,191700,96309223
20201230 00:00,190000,192000,187200,192000,97849778
20201231 00:00,192100,195800,190200,193400,92450343
20210104 00:00,191000,191000,184400,186000,155421643
20210105 00:00,184000,184800,178000,181700,182135210
20210106 00:00,180800,195600,180000,195600,193494512
20210107 00:00,195200,199800,192300,199000,158418530
20210108 00:00,199000,201000,193100,198500,119547322
20210111 00:00,200000,206400,200000,203800,179045714
20210112 00:00,203900,210000,201800,210000,128816550
20210113 00:00,210000,210100,204000,207000,104911973
20210114 00:00,206800,208900,199500,201700,113015562
20210115 00:00,210000,219500,208200,210000,248068898
20210118 00:00,212000,227800,212000,227000,215730178
20210119 00:00,225100,228400,220500,223400,124208834
20210120 00:00,221500,229700,221200,224700,128079316
20210121 00:00,225000,228000,221500,222300,94477860
20210122 00:00,222300,222300,215100,220300,92443442
20210125 00:00,217200,226000,214300,224900,102836527
20210126 00:00,223000,233200,223000,223700,112672055
20210127 00:00,223100,234700,223100,230800,129415272
20210128 00:00,227800,231800,224500,228100,85747696
20210129 00:00,228100,235400,227100,230900,124025841
20210201 00:00,230000,249900,227000,245500,147523930
20210202 00:00,233800,241000,229100,232800,241616877
20210203 00:00,234800,251800,233800,249500,192327159
20210204 00:00,241800,252400,240400,246000,125524750
20210205 00:00,246000,253100,242700,249300,101557559
20210208 00:00,249000,249000,241000,248000,108426467
20210209 00:00,247900,248400,241700,245800,94209355
20210210 00:00,246000,249600,233800,238200,191886710
20210218 00:00,240000,245500,234800,243000,150523081
20210219 00:00,239600,241900,235700,238500,92258314
20210222 00:00,238000,238000,222600,223800,195684248
20210223 00:00,223800,226800,218200,219300,187046013
20210224 00:00,222700,222800,215600,221600,142849985
20210225 00:00,224000,225600,216800,220900,159340347
20210226 00:00,216000,219600,212100,213800,112497730
20210301 00:00,215400,216800,211800,214500,112538653
20210302 00:00,216200,221500,212600,216500,147342505
20210303 00:00,215800,230800,214600,230100,191963527
20210304 00:00,227700,234900,226500,229200,121357937
20210305 00:00,227000,229800,218600,223400,88017141
20210308 00:00,224400,226900,214800,216000,99377397
20210309 00:00,216800,219200,205800,208500,136189533
20210310 00:00,208400,209100,202800,204000,114941657
20210311 00:00,205800,213800,205600,212700,104865939
20210312 00:00,213700,217000,212000,214800,69720060
20210315 00:00,214000,221200,211100,216000,95874870
20210316 00:00,216000,221100,212700,216600,93968432
20210317 00:00,214500,215500,209000,212000,82148865
20210318 00:00,213000,217300,210000,217300,69161019
20210319 00:00,215300,216500,203700,204700,152562227
20210322 00:00,205500,215500,205300,215500,145119008
20210323 00:00,215700,216500,209600,212300,68290338
20210324 00:00,212100,212800,204500,205300,85008507
20210325 00:00,205800,208300,204000,207500,49266574
20210326 00:00,208400,214000,207600,211400,82210806
20210329 00:00,212800,216500,212000,214900,78566668
20210330 00:00,213800,219300,212100,219300,73865481
20210331 00:00,217700,220700,216000,220100,77702807
20210401 00:00,220800,221100,215000,217800,54444898
20210402 00:00,217000,217300,213600,215000,58108352
20210406 00:00,215500,220900,215100,216800,40110282
20210407 00:00,218800,219300,213100,216400,51760459
20210408 00:00,214600,217300,213300,215600,38302950
20210409 00:00,217100,217200,210800,213000,39896028
20210412 00:00,215100,215100,206300,207000,59474314
20210413 00:00,207200,208800,205900,207800,49990418
20210414 00:00,207900,209400,204200,206700,53743849
20210415 00:00,207600,207700,200800,203600,73586505
20210416 00:00,203600,204300,198100,202600,72999826
20210419 00:00,200300,212400,199100,211500,111228262
20210420 00:00,210800,219500,209200,216900,83477272
20210421 00:00,223000,231900,222900,230100,159709965
20210422 00:00,231900,232300,227800,229800,82969388
20210423 00:00,233200,236500,230700,232900,82323015
20210426 00:00,238700,242300,229000,229400,87241767
20210427 00:00,229500,231900,228600,229400,47043140
20210428 00:00,232900,234500,227800,233500,59383793
20210429 00:00,233400,237100,231100,235900,61483688
20210430 00:00,233500,234900,230100,232900,56198132
20210506 00:00,231000,237000,231000,235000,50029522
20210507 00:00,236700,243000,233900,240500,80221421
20210510 00:00,240000,240400,230200,238600,66143890
20210511 00:00,236200,237500,230600,235300,49722345
20210512 00:00,232900,236400,228800,235500,53326526
20210513 00:00,235200,235900,228400,230700,54965250
20210514 00:00,231400,234300,226000,233200,56378536
20210517 00:00,231500,238200,229500,236000,52756465
20210518 00:00,238500,241100,234000,239000,39541498
20210519 00:00,238200,241300,235200,236000,42942033
20210520 00:00,234100,238400,232700,238200,40578837
20210521 00:00,238800,240900,230300,234900,53933574
20210524 00:00,234800,236000,231900,234800,34393563
20210525 00:00,235400,247300,234500,246000,97237462
20210526 00:00,246400,251200,245000,250100,91926378
20210527 00:00,249100,251600,245200,247900,50409136
20210528 00:00,246800,247100,241600,245000,49240073
20210531 00:00,243300,245300,239100,242000,51535081
20210601 00:00,242000,242500,235000,239200,62501796
20210602 00:00,238900,239200,233800,238900,49752702
20210603 00:00,237200,241400,236800,237700,40090085
20210604 00:00,239900,249600,238000,245400,75673942
20210607 00:00,244800,244800,239300,243000,44791410
20210608 00:00,241500,245700,239500,245300,57007792
20210609 00:00,244300,248800,241800,246500,45383150
20210610 00:00,246600,250600,241500,242000,53021516
20210611 00:00,243100,243500,231200,233700,83466504
20210615 00:00,233500,234300,228000,232200,66062259
20210616 00:00,232200,234000,230100,232600,37820804
20210617 00:00,230200,236900,230200,231000,45328209
20210618 00:00,231300,232800,223900,226500,69409930
20210621 00:00,226000,226700,220100,221600,71827274
20210622 00:00,223800,230900,222500,229700,75775141
20210623 00:00,228500,234100,227200,231400,44790778
20210624 00:00,230300,231200,226800,230800,39028349
20210625 00:00,230800,236000,230600,233600,55997295
20210628 00:00,233600,233900,224800,227800,62625737
20210629 00:00,225800,227900,220000,223400,104974939
20210630 00:00,223600,229300,223500,226200,40343546
20210701 00:00,228100,235000,225200,232000,66483330
20210702 00:00,227200,227400,217600,218100,107067756
20210705 00:00,216900,221500,210900,220600,85934129
20210706 00:00,220800,230000,218500,227800,79195726
20210707 00:00,226800,230500,225000,225500,46894487
20210708 00:00,227800,227800,212000,215100,145705947
20210709 00:00,213000,216300,210200,212700,76236474
20210712 00:00,215000,215000,208900,211600,87790102
20210713 00:00,211500,213400,205400,211200,65761395
20210714 00:00,210000,210000,204100,207600,84795055
20210715 00:00,207200,217200,206300,216200,95600305
20210716 00:00,214100,218200,213000,213400,57300261
20210719 00:00,213600,214300,207800,212100,52213595
20210720 00:00,211000,212000,204700,206000,80403433
20210721 00:00,205800,208000,202000,204500,75307652
20210722 00:00,204500,206600,202400,203800,86864809
20210723 00:00,203800,203800,200000,201000,72740433
20210726 00:00,199600,199900,184300,188000,145130394
20210727 00:00,188700,189900,176000,177600,135755148
20210728 00:00,178500,180700,176800,177500,106299421
20210729 00:00,179100,182400,177800,179600,87237812
20210730 00:00,179200,180500,172400,176900,95015588
20210802 00:00,176400,181400,171800,180100,115992263
20210803 00:00,179900,181500,176600,178900,89694857
20210804 00:00,180400,180700,176000,178100,72962008
20210805 00:00,177000,180500,175800,176800,62157388
20210806 00:00,175500,179000,174500,178600,56745413
20210809 00:00,179100,192500,178400,190600,175279800
20210810 00:00,190900,199800,189000,197300,130198844
20210811 00:00,199900,205800,197000,198100,104830844
20210812 00:00,197900,203000,196300,198900,66645800
20210813 00:00,197800,199200,195000,198900,56288502
20210816 00:00,200900,202000,195700,199500,62705022
20210817 00:00,198500,202200,196100,196700,47602194
20210818 00:00,196700,212000,195500,206200,133273216
20210819 00:00,204800,206200,200200,203400,64997561
20210820 00:00,199700,200700,187000,194200,161462793
20210823 00:00,195000,200500,191100,193000,119184935
20210824 00:00,193500,199700,192100,193600,86895330
20210825 00:00,194200,194700,189500,191600,69808397
20210826 00:00,192000,192600,184100,184600,95161900
20210827 00:00,185600,188800,183100,183900,72882023
20210830 00:00,182100,182900,175500,177200,125221101
20210831 00:00,177200,179300,173100,178000,117486786
20210901 00:00,174800,179200,170100,178800,231689409
20210902 00:00,180000,187800,178000,184000,242260354
20210903 00:00,185000,185000,177000,180400,139481871
20210906 00:00,179300,186000,177800,184500,151522556
20210907 00:00,186000,195600,183500,192400,162234416
20210908 00:00,192400,195500,191000,192300,102620105
20210909 00:00,191100,191500,188000,190000,73950585
20210910 00:00,188900,207700,188400,205700,231494528
20210913 00:00,203600,205100,198100,202100,129722802
20210914 00:00,201800,202700,192700,193700,115817315
20210915 00:00,193100,209900,191900,195200,84161841
20210916 00:00,193000,195000,187300,190800,117695356
20210917 00:00,189000,190000,184100,185300,112487963
20210922 00:00,178700,180500,174200,179800,147336521
20210923 00:00,181000,183200,176500,176800,137983759
20210924 00:00,176000,176800,173400,173500,126569628
20210927 00:00,172100,176800,170600,175700,114066759
20210928 00:00,174700,181700,174500,179700,129316747
20210929 00:00,178600,184400,177100,181500,123012175
20210930 00:00,180900,182000,177100,179300,79561105
20211008 00:00,181700,188900,180200,186400,115920062
20211011 00:00,190000,197400,190000,194000,145533835
20211012 00:00,193000,197100,192000,193500,103123218
20211013 00:00,193000,199100,191700,195800,80789668
20211014 00:00,195900,199200,188900,192100,84298987
20211015 00:00,190000,199000,190000,196600,99349378
20211018 00:00,194500,195500,191000,192900,72962250
20211019 00:00,191500,196800,191500,195700,68241515
20211020 00:00,197500,197800,191900,192400,66295555
20211021 00:00,195200,200600,192500,200000,162166101
20211022 00:00,201600,205900,198000,200400,113496363
20211025 00:00,197100,202000,195000,201200,73082823
20211026 00:00,200600,204500,198600,200500,65280684
20211027 00:00,200000,201700,195900,199200,68760019
20211028 00:00,198000,199400,193700,197200,61901089
20211029 00:00,196300,197400,193200,195000,53992976
20211101 00:00,193300,197300,190100,193900,84149020
20211102 00:00,193700,194900,179900,181800,199769050
20211103 00:00,181000,182400,178500,180300,111497204
20211104 00:00,180800,181000,178000,178700,98341098
20211105 00:00,178500,180000,175700,176400,109603988
20211108 00:00,176200,178100,173600,174200,137681482
20211109 00:00,174800,176500,172600,175300,124057275
20211110 00:00,174600,174700,171600,174000,122085088
20211111 00:00,173500,184300,173200,183500,208472900
20211112 00:00,183100,186300,181100,182700,95754646
20211115 00:00,183500,186300,182000,184300,65508999
20211116 00:00,183600,185400,181700,182200,60111048
20211117 00:00,181500,183000,179800,181100,66464038
20211118 00:00,180900,181200,177300,178000,79984377
20211119 00:00,178000,182400,177000,181500,78637156
20211122 00:00,180300,182500,179000,181200,73861780
20211123 00:00,181100,183500,176800,178800,123597796
20211124 00:00,177700,179500,176600,178700,74131084
20211125 00:00,177400,177900,176300,176800,60353270
20211126 00:00,176200,176700,175200,175800,69449988
20211129 00:00,174100,175700,173600,175100,51259471
20211130 00:00,175400,176800,173500,174400,73361606
20211201 00:00,174300,177700,173700,176400,70692519
20211202 00:00,176200,178100,173700,175900,99479835
20211203 00:00,176400,177000,174100,176500,70759974
20211206 00:00,178500,185600,178000,181000,214562528
20211207 00:00,183000,186700,181500,184600,161644387
20211208 00:00,184500,185500,181600,184700,98028118
20211209 00:00,184900,190600,183700,187000,145588668
20211210 00:00,185100,187000,182700,183800,98925513
20211213 00:00,184700,188800,181800,182700,131449027
20211214 00:00,181600,181700,175200,175800,193720890
20211215 00:00,175100,176600,174000,175500,129462741
20211216 00:00,175500,177300,174600,177200,81947951
20211217 00:00,177000,177500,175700,175700,60236967
20211220 00:00,175600,176500,174500,175200,74643520
20211221 00:00,174900,177100,174800,175900,89373404
20211222 00:00,176200,176400,173000,173900,97692775
20211223 00:00,174000,174300,172100,173200,105957594
20211224 00:00,173300,173500,172100,173100,48825149
20211227 00:00,173300,173500,171600,172200,73111899
20211228 00:00,172200,173300,170900,171700,112663891
20211229 00:00,171600,171600,167000,167500,146937398
20211230 00:00,167600,169500,167200,168200,79666360
20211231 00:00,168600,169000,164000,164800,175076089
20220104 00:00,164800,166600,161800,166600,116925933
20220105 00:00,165800,172200,165500,171500,196199817
20220106 00:00,171100,172700,170000,171200,110788519
20220107 00:00,171000,172800,170600,172000,112663070
20220110 00:00,172900,174200,170300,171900,90977401
20220111 00:00,172600,175400,171400,174100,158199940
20220112 00:00,174100,174500,169000,170000,150216355
20220113 00:00,169100,172400,168200,169800,90942265
20220114 00:00,170000,170200,163000,163300,210309491
20220117 00:00,163500,164800,161200,162200,114368943
20220118 00:00,162500,165400,161600,165200,115297431
20220119 00:00,165400,166900,163600,165000,98839185
20220120 00:00,164700,174600,164200,173300,303119377
20220121 00:00,174500,175600,172100,173500,148168295
20220124 00:00,173400,173800,169800,172000,87477087
20220125 00:00,170800,170800,168100,168500,109328397
20220126 00:00,169500,171000,165400,166500,98497522
20220127 00:00,165000,165400,162500,163000,102464311
20220128 00:00,163900,164500,158200,158300,167556367
20220207 00:00,160200,164100,158900,163900,151547630
20220208 00:00,163000,169700,162600,168300,175469528
20220209 00:00,169200,170000,167100,168600,105116166
20220210 00:00,167700,170300,166700,169900,78455735
20220211 00:00,170300,173400,170300,171000,107813914
20220214 00:00,171000,171500,165100,165800,115065851
20220215 00:00,165000,166700,161000,162800,120826437
20220216 00:00,163500,165300,162100,164100,78239959
20220217 00:00,163900,165500,163200,164200,79450184
20220218 00:00,163200,167700,163100,167700,80249940
20220221 00:00,166600,166700,163200,165100,80099455
20220222 00:00,163100,164400,161600,162300,89495673
20220223 00:00,163000,163100,160400,161900,88674244
20220224 00:00,161300,161500,158000,159100,132408685
20220225 00:00,159900,160800,158700,159000,72639707
20220228 00:00,159000,159200,156200,157500,72399045
20220301 00:00,157900,159500,156200,159200,93504034
20220302 00:00,157900,158700,156600,156800,76076086
20220303 00:00,157300,158100,156300,157100,57828505
20220304 00:00,156200,156300,152800,153300,99093566
20220307 00:00,151700,151700,146600,147200,111315899
20220308 00:00,146200,148600,142500,143100,100303269
20220309 00:00,144000,144500,132200,138400,180076017
20220310 00:00,141800,147500,140900,145700,224915816
20220311 00:00,144000,149800,141500,149000,149364697
20220314 00:00,146300,149300,144500,144900,111840734
20220315 00:00,144000,144000,136000,136800,178140887
20220316 00:00,138600,144000,135100,143100,153177906
20220317 00:00,146600,147100,142400,144500,173006142
20220318 00:00,143600,148500,141400,147000,152880713
20220321 00:00,145000,148200,143900,145900,120886805
20220322 00:00,145900,152200,145000,151800,162865658
20220323 00:00,151100,151900,149000,150000,105010238
20220324 00:00,149200,153100,148100,152000,100235995
20220325 00:00,151500,152500,148200,149800,74293335
20220328 00:00,148000,150500,146300,148500,72713699
20220329 00:00,148800,149500,146000,146800,61564315
20220330 00:00,148600,152700,147600,152100,123679155
20220331 00:00,151000,155700,150600,153800,116374674
20220401 00:00,153700,157900,152000,157500,148487874
20220406 00:00,156400,165400,156300,163900,248854005
20220407 00:00,163800,166600,162000,162800,165906455
20220408 00:00,162600,164500,161300,164000,106677946
20220411 00:00,163500,164000,158000,160500,141673536
20220412 00:00,160500,162600,156600,159200,103926142
20220413 00:00,158900,160800,157200,158000,89062806
20220414 00:00,160000,162500,159200,160400,92961494
20220415 00:00,159000,165300,158600,164200,123176103
20220418 00:00,161500,162000,158100,159000,108688756
20220419 00:00,159000,159700,156200,158100,82177249
20220420 00:00,158100,160500,157000,158500,71655528
20220421 00:00,157700,159800,157000,158100,70989116
20220422 00:00,156400,161900,154000,160600,92127408
20220425 00:00,156700,159100,147800,148500,166448098
20220426 00:00,148800,149800,144500,147300,98820956
20220427 00:00,149800,156500,149600,156500,149029503
20220428 00:00,155700,159300,153700,156500,91177187
20220429 00:00,156900,157400,149700,153200,164501308
20220505 00:00,152000,154500,151500,153200,79019620
20220506 00:00,150200,152000,149100,149600,83243182
20220509 00:00,149400,149400,144600,145500,81862135
20220510 00:00,145000,146000,141100,145900,99228502
20220511 00:00,145400,148400,144400,146300,84857362
20220512 00:00,144800,145600,143300,143800,68506423
20220513 00:00,145000,146600,144900,146100,67631191
20220516 00:00,146600,147300,143500,144100,66822782
20220517 00:00,145100,147200,143200,147100,93140639
20220518 00:00,148500,148900,146700,147500,77857833
20220519 00:00,145500,147000,145000,146200,59092172
20220520 00:00,147000,150400,146700,150200,94859778
20220523 00:00,150700,150700,147600,148300,64772592
20220524 00:00,148700,148700,144000,144000,93355706
20220525 00:00,144300,144900,143000,143900,60322826
20220526 00:00,144100,144300,140700,141900,101131756
20220527 00:00,142900,143500,141100,141800,72306674
20220530 00:00,142600,142800,140400,140800,89690123
20220531 00:00,140700,141800,140000,141600,93886855
20220601 00:00,141400,141400,140000,140800,84529898
20220602 00:00,140200,140300,138800,139500,97926822
20220606 00:00,139100,141700,136400,141700,171085175
20220607 00:00,140200,142500,139900,141600,131511262
20220608 00:00,141600,141700,140100,141600,114552124
20220609 00:00,141400,144600,141000,143500,163290134
20220610 00:00,142600,143300,141300,143200,134601231
20220613 00:00,141800,141900,138800,139100,154775285
20220614 00:00,137100,141300,137100,141200,115142939
20220615 00:00,141000,151100,140600,147400,341354371
20220616 00:00,147400,148300,144200,144400,133254631
20220617 00:00,143200,145300,142000,144500,105378794
20220620 00:00,144400,144400,142600,143400,103216680
20220621 00:00,143400,146300,142300,143700,132179398
20220622 00:00,143600,143600,140800,140800,105604592
20220623 00:00,140900,142300,140600,142000,80602803
20220624 00:00,142000,142500,141100,142300,86604061
20220627 00:00,142400,145600,142200,144900,149727818
20220628 00:00,144700,146700,144100,146300,112511048
20220629 00:00,146500,149000,145500,146400,126654728
20220630 00:00,146300,150200,145500,149800,154874501
20220701 00:00,150000,150700,148400,149200,77924332
20220704 00:00,149500,149800,147500,149400,83496807
20220705 00:00,149900,152700,148200,149100,111517210
20220706 00:00,148300,149300,144600,145300,104333523
20220707 00:00,145400,146500,143800,144200,73016098
20220708 00:00,145000,146500,143700,145400,63969823
20220711 00:00,145000,145700,143600,144600,61169194
20220712 00:00,144100,147300,143800,144200,74288242
20220713 00:00,144200,144700,138900,139700,217599606
20220714 00:00,137000,137100,132900,133700,263212087
20220715 00:00,134800,135600,132200,132400,159863740
20220718 00:00,132500,134400,132100,133900,115350581
20220719 00:00,133400,134300,132800,134200,75559710
20220720 00:00,134300,134700,133500,133900,80145866
20220721 00:00,133200,133400,129900,130100,197038789
20220722 00:00,128400,129300,126200,128100,137650974
20220725 00:00,128000,128500,126700,128200,76395581
20220726 00:00,127500,129100,127100,129100,102404881
20220727 00:00,128500,128800,127300,127900,92391408
20220728 00:00,128100,129100,127800,128800,75034652
20220729 00:00,128800,129000,126500,126800,83149747
20220801 00:00,126600,126600,124000,124200,102573271
20220802 00:00,122200,123400,119400,122600,137300930
20220803 00:00,121900,122700,120100,120300,74613653
20220804 00:00,121000,121700,120200,121600,60267562
20220805 00:00,121300,123300,119800,123100,76529787
20220808 00:00,122500,123600,121600,122000,55199969
20220809 00:00,122100,122200,120800,121200,55844757
20220810 00:00,121200,122400,120200,120600,68302321
20220811 00:00,120800,123900,120400,123500,139930361
20220812 00:00,122600,124100,122000,123800,82050356
20220815 00:00,122900,123600,120900,121100,117201000
20220816 00:00,121100,122000,121000,121300,63122370
20220817 00:00,121500,124200,120700,124000,134850658
20220818 00:00,124800,125400,121600,122500,126970094
20220819 00:00,122700,127500,122300,125700,210641724
20220822 00:00,125800,126800,124100,125000,113807658
20220823 00:00,124500,124900,122800,123400,92146307
20220824 00:00,123300,125400,123300,124000,129537533
20220825 00:00,124000,126600,123000,126200,106401061
20220826 00:00,126800,127500,124600,126100,92763426
20220829 00:00,125000,125600,123100,124200,92449065
20220830 00:00,124300,125400,122800,124800,79971238
20220831 00:00,123800,127800,123600,127500,165304158
20220901 00:00,126500,127900,125800,126100,86198195
20220902 00:00,126200,126900,124300,125100,78636281
20220905 00:00,124600,126000,123700,125700,63203998
20220906 00:00,125800,126600,124300,125000,73129499
20220907 00:00,124200,124200,122800,123300,97981281
20220908 00:00,123200,124400,123000,123600,62111692
20220909 00:00,124000,127400,123600,127200,195129731
20220913 00:00,128800,130200,126600,129500,172268989
20220914 00:00,127500,128700,127000,127300,85803584
20220915 00:00,128000,131000,127700,130000,184101788
20220916 00:00,129200,129500,125600,125600,135744781
20220919 00:00,125400,126700,124800,125700,63212104
20220920 00:00,126100,126300,123200,123400,88998853
20220921 00:00,123100,124800,122000,124300,68419739
20220922 00:00,123300,123600,122500,122900,58613338
20220923 00:00,122400,124300,122300,122900,58644106
20220926 00:00,121600,122800,119900,120000,90372904
20220927 00:00,120000,121600,118100,121500,78962229
20220928 00:00,120900,122500,119200,121100,78092558
20220929 00:00,122500,122800,118200,118600,91771804
20220930 00:00,118700,119600,118300,118400,53723019
20221010 00:00,117000,117700,114600,114700,96608018
20221011 00:00,115400,115800,114100,114800,41525337
20221012 00:00,114500,116200,113500,116000,55957243
20221013 00:00,115100,115400,113100,113400,85261597
20221014 00:00,114500,116300,114000,115300,109606158
20221017 00:00,114200,115200,113400,114800,102482271
20221018 00:00,115500,116400,114600,114800,94683709
20221019 00:00,114200,114900,112800,112900,92398968
20221020 00:00,112300,113100,111600,112000,78192323
20221021 00:00,112100,112500,110700,110900,78557429
20221024 00:00,110900,111000,106100,106200,138339065
20221025 00:00,107000,108100,106000,106500,131697940
20221026 00:00,106400,107300,106100,106600,114382988
20221027 00:00,107000,107700,106600,106800,95738346
20221028 00:00,106300,107000,104100,104200,105794701
20221031 00:00,103300,104500,102200,103400,98309569
20221101 00:00,103800,106800,103600,106700,138123413
20221102 00:00,106100,106800,104800,106300,130298818
20221103 00:00,105400,105700,103800,104400,98353561
20221104 00:00,104000,108500,103900,108200,177611223
20221107 00:00,108100,109100,107300,108800,98808204
20221108 00:00,108900,109200,107800,108500,58322205
20221109 00:00,108400,110800,108200,108900,83210685
20221110 00:00,107900,109000,106900,108700,55202119
20221111 00:00,111300,116600,110100,114300,254507055
20221114 00:00,117000,122800,117000,119500,387208410
20221115 00:00,118600,121800,118300,120100,157390134
20221116 00:00,119700,120500,117900,118200,127869288
20221117 00:00,118100,118400,115800,116900,109104716
20221118 00:00,117400,117800,115700,115900,86809329
20221121 00:00,114800,115000,112200,114600,104773707
20221122 00:00,114600,119300,114400,118200,149132388
20221123 00:00,117800,120500,117200,118200,124765653
20221124 00:00,119200,119900,116900,117700,79671882
20221125 00:00,117900,122300,117700,121700,176072817
20221128 00:00,119000,119200,116900,118100,133156295
20221129 00:00,121600,129900,121300,129900,474927650
20221130 00:00,129000,133400,128200,130300,320962830
20221201 00:00,133800,136600,130700,131000,200268883
20221202 00:00,131400,131500,126900,129000,140420278
20221205 00:00,130900,135700,130100,135300,228762742
20221206 00:00,133400,136600,132500,134300,125257891
20221207 00:00,133300,133700,130300,131500,137737690
20221208 00:00,131500,135200,131200,133600,106572280
20221209 00:00,134000,137500,133500,137000,161583192
20221212 00:00,135800,135800,130600,131100,139258428
20221213 00:00,131500,133600,131400,132400,90228513
20221214 00:00,132300,134000,130800,132300,97406110
20221215 00:00,131400,132800,129400,131000,83534926
20221216 00:00,130200,134000,130200,133400,92425167
20221219 00:00,133300,134700,129500,130400,103086606
20221220 00:00,129700,130800,126700,127600,89621223
20221221 00:00,128500,129900,127400,128900,61458964
20221222 00:00,130000,131500,129000,129500,67239430
20221223 00:00,128500,130600,128000,129800,56442641
20221226 00:00,129900,130400,127100,127700,79711987
20221227 00:00,128700,132200,128700,131100,88600412
20221228 00:00,131600,133800,130000,131400,79119198
20221229 00:00,130700,131300,128500,130300,66689009
20221230 00:00,130400,132800,129600,131600,81803598
20230103 00:00,132000,138500,130500,137700,219412794
20230104 00:00,137100,144200,136300,143200,218968253
20230105 00:00,144000,147400,143700,144800,166542518
20230106 00:00,145000,147200,144800,146200,119574471
20230109 00:00,147500,148800,145200,148000,105765911
20230110 00:00,147600,148900,143900,144400,126942339
20230111 00:00,144500,147800,143900,146700,83056612
20230112 00:00,147700,147700,145300,146700,62569484
20230113 00:00,146700,149500,145500,149500,94908583
20230116 00:00,149500,152800,148500,150800,156003989
20230117 00:00,151300,151800,147700,149700,93583454
20230118 00:00,149500,151800,149100,151100,71843403
20230119 00:00,151300,152500,148700,150900,64187520
20230120 00:00,151600,152400,150000,151300,60859008
20230130 00:00,156000,157400,148900,151500,137431750
20230131 00:00,152400,155100,149600,149900,103049784
20230201 00:00,150300,150800,145100,147000,165342148
20230202 00:00,147400,147800,142700,146000,157790039
20230203 00:00,144500,145500,141600,143200,124638298
20230206 00:00,141000,141300,138600,140000,131761010
20230207 00:00,140600,143200,140300,142100,86946046
20230208 00:00,142400,143200,140300,140400,65789257
20230209 00:00,140100,143000,139600,141300,83035002
20230210 00:00,141000,141200,138600,139800,84728366
20230213 00:00,139400,139400,136000,138200,180005416
20230214 00:00,138500,139800,138000,139600,90993709
20230215 00:00,139500,139600,136200,136700,125024398
20230216 00:00,136800,139100,135000,136000,127912329
20230217 00:00,136300,137200,134300,134300,91836369
20230220 00:00,135000,141500,134900,141500,211619117
20230221 00:00,140600,142000,139200,141000,99049499
20230222 00:00,140000,141200,139400,140200,63892239
20230223 00:00,140000,143200,139800,140500,82449068
20230224 00:00,140200,140300,138000,138600,72998904
20230227 00:00,137500,138800,136800,136900,62146193
20230228 00:00,137500,138500,136100,137800,60793592
20230301 00:00,138000,141900,137400,141700,122345178
20230302 00:00,141300,144400,140600,142400,101587684
20230303 00:00,143500,143700,141400,142900,69095439
20230306 00:00,143000,143000,137200,138500,145582414
20230307 00:00,138500,141000,136500,136900,127926629
20230308 00:00,136300,136400,134000,135300,109689791
20230309 00:00,135400,135800,131300,132000,173606476
20230310 00:00,130000,132700,130000,131400,85699610
20230313 00:00,131200,132900,130000,130500,100063496
20230314 00:00,129900,130000,127300,128700,114907558
20230315 00:00,130500,131800,129400,130500,97936372
20230316 00:00,128900,130300,128000,128200,91679249
20230317 00:00,129900,130400,126500,127500,155681414
20230320 00:00,127600,128500,125500,125700,118881633
20230321 00:00,126500,127800,125000,127000,84074317
20230322 00:00,127500,128800,127100,127900,87669077
20230323 00:00,127000,129000,126300,129000,80430604
20230324 00:00,128500,128600,127600,128200,62151875
20230327 00:00,128000,128100,124600,126000,100842214
20230328 00:00,126600,127300,125500,126400,67386843
20230329 00:00,127300,127400,125000,125300,59606433
20230330 00:00,125500,127100,124100,126800,82454624
20230331 00:00,126900,127700,125100,125300,86549166
20230403 00:00,125500,126900,124600,126700,74042886
20230404 00:00,126400,127200,125900,126500,64745722
20230406 00:00,126000,126100,125000,125800,56332130
20230407 00:00,125700,126900,125000,126200,60792526
20230410 00:00,126400,127000,125800,126800,64018181
20230411 00:00,127000,127200,125200,125400,77777962
20230412 00:00,125800,125900,124500,124800,90995706
20230413 00:00,124100,126700,123000,125600,113159146
20230414 00:00,126000,129000,125800,126900,129799484
20230417 00:00,126600,129400,126000,129300,130421259
20230418 00:00,129300,132000,128900,130000,153893615
20230419 00:00,130200,130700,128300,128500,101437815
20230420 00:00,129000,129000,126200,127500,81178841
20230421 00:00,127000,128300,124800,125000,91866839
20230424 00:00,124800,125000,120300,121000,146767192
20230425 00:00,121400,123700,121200,122800,130190082
20230426 00:00,122500,122500,119900,121200,99126040
20230427 00:00,120600,123500,120000,122600,100409337
20230428 00:00,122600,127800,122200,125500,144525434
20230504 00:00,124000,128300,121900,127300,147826438
20230505 00:00,127800,131100,127500,129100,176218865
20230508 00:00,129400,134900,128400,133200,263071861
20230509 00:00,134000,136000,131300,131600,242253445
20230510 00:00,131700,132600,128000,128400,123705339
20230511 00:00,129500,131200,128000,128500,90375844
20230512 00:00,128200,128700,126100,126200,88560368
20230515 00:00,126800,128500,124500,128300,92832563
20230516 00:00,128000,129200,125700,126200,99830169
20230517 00:00,125800,126400,124400,124900,75462120
20230518 00:00,125700,126400,124300,124900,68718687
20230519 00:00,124300,124400,123200,123400,68841368
20230522 00:00,123100,124500,123100,123800,54932785
20230523 00:00,123800,124100,122100,122100,69436436
20230524 00:00,122000,122100,120100,120100,82425088
20230525 00:00,119900,120000,118100,119300,88274430
20230526 00:00,119300,121300,118400,121000,51142864
20230529 00:00,121100,121300,119500,119800,56607382
20230530 00:00,119800,119900,118000,118700,76399692
20230531 00:00,118200,118400,115800,116000,117958671
20230601 00:00,116000,116800,115000,115900,74302293
20230602 00:00,116800,119700,116400,119300,122184253
20230605 00:00,118800,120000,118200,119100,52184619
20230606 00:00,119100,120900,118200,118400,83327347
20230607 00:00,118900,120700,118800,119400,64369784
20230608 00:00,119600,122000,118600,121200,86939712
20230609 00:00,120600,120900,118500,118800,131528476
20230612 00:00,118200,119000,117600,117900,75874703
20230613 00:00,117600,118400,116900,117700,84998805
20230614 00:00,115500,117300,114600,114700,106920004
20230615 00:00,114900,116300,113900,116100,92530056
20230616 00:00,116100,116700,115700,116300,84203365
20230619 00:00,116300,116300,114100,114500,95399707
20230620 00:00,114400,114600,113500,113600,54455079
20230621 00:00,113600,114800,113400,113500,61658296
20230626 00:00,113000,113000,111500,111800,67657743
20230627 00:00,112000,113200,111700,112800,46170178
20230628 00:00,112800,113300,112200,113000,36539644
20230629 00:00,112900,112900,111700,111800,48590630
20230630 00:00,111800,113100,111500,112300,51905258
20230703 00:00,112400,115300,112300,114900,88509071
20230704 00:00,114600,114900,113200,114000,61630056
20230705 00:00,113600,114000,113000,113400,42348240
20230706 00:00,113000,113400,112100,112400,59709591
20230707 00:00,112000,112700,111800,112000,48444083
20230710 00:00,112500,112800,111700,112000,49588228
20230711 00:00,112200,112600,111900,112100,57080909
20230712 00:00,112300,113600,112200,112400,73608367
20230713 00:00,113200,114700,112700,114300,112422973
20230714 00:00,114300,115500,114000,114600,71914699
20230717 00:00,114100,114100,112600,113100,60834258
20230718 00:00,112900,113200,112200,112500,47196618
20230719 00:00,112300,113200,112300,113100,38219596
20230720 00:00,113300,114400,112900,113200,55406957
20230721 00:00,113100,113900,112800,113400,37710256
20230724 00:00,113300,113300,112400,112600,42685218
20230725 00:00,114500,117300,114400,117200,203295819
20230726 00:00,116500,117400,115600,116700,75166268
20230727 00:00,116800,118700,116500,117500,111519586
20230728 00:00,116900,123000,116700,122600,234701346
20230731 00:00,123000,125000,122300,123200,185495239
20230801 00:00,122600,123700,121300,121600,95773478
20230802 00:00,120600,122400,119300,120300,111590004
20230803 00:00,119900,123700,119500,123300,117584771
20230804 00:00,124200,125300,122100,123000,130313102
20230807 00:00,122100,122500,121200,121600,64691326
20230808 00:00,121200,122100,120000,121000,72570456
20230809 00:00,120600,122000,120500,121700,57760774
20230810 00:00,121500,122100,120600,121600,47559453
20230811 00:00,121700,122700,118900,118900,94353857
20230814 00:00,117600,117800,115900,116700,97592018
20230815 00:00,116900,118000,116000,117300,71281277
20230816 00:00,116700,118500,116100,117300,57290437
20230817 00:00,116700,117000,114600,115700,96505775
20230818 00:00,115800,117400,115300,115600,65981885
20230821 00:00,115600,115800,113200,113200,70149785
20230822 00:00,113800,114500,113100,113700,60680809
20230823 00:00,113500,114200,112400,112500,69180998
20230824 00:00,112900,113200,110500,111300,129127070
20230825 00:00,111000,113300,110800,112300,84534992
20230828 00:00,118400,119300,114900,115200,199760987
20230829 00:00,114700,114900,111300,113100,196496143
20230830 00:00,112700,112700,111300,111300,137563829
20230831 00:00,111400,112200,111200,111300,80647403
20230901 00:00,111900,113600,111900,113200,113870483
20230904 00:00,113500,115900,113300,115600,141002923
20230905 00:00,115000,115100,113600,113900,80417716
20230906 00:00,113300,114600,113000,114300,63484051
20230907 00:00,114000,114400,113200,113300,54004157
20230908 00:00,112800,113200,112300,112700,47902967
20230911 00:00,113000,114000,112700,113400,65448558
20230912 00:00,113500,113500,112500,112800,49548506
20230913 00:00,112900,113200,112100,112500,49021797
20230914 00:00,112800,113300,112500,112900,55165017
20230915 00:00,113500,114000,112000,112200,89047613
20230918 00:00,112200,112400,111400,112300,50132501
20230919 00:00,112200,112300,111600,112100,50366432
20230920 00:00,112000,112200,111500,111500,55887241
20230921 00:00,111400,111400,110400,110500,84393011
20230922 00:00,110300,112500,110300,112400,91148430
20230925 00:00,112400,113200,111900,112200,76121125
20230926 00:00,112200,112600,111400,111600,44498035
20230927 00:00,111500,112200,111500,111700,49031061
20230928 00:00,111900,112400,111800,112000,52069678
20231009 00:00,111600,111700,110600,111100,69582809
20231010 00:00,111900,112000,110200,110200,82074851
20231011 00:00,110900,110900,109600,109800,72411569
20231012 00:00,111100,111600,110400,111100,85305750
20231013 00:00,110300,110700,109500,110000,68448308
20231016 00:00,110000,110300,109500,110100,50162432
20231017 00:00,110100,110500,109600,110200,49352505
20231018 00:00,109900,110200,109100,109500,65182492
20231019 00:00,109100,109200,105900,106000,118896083
20231020 00:00,105500,106700,105100,106000,52613912
20231023 00:00,105900,106000,104300,105000,53040448
20231024 00:00,105400,106100,104400,105500,76065269
20231025 00:00,105100,105400,103600,103800,141144968
20231026 00:00,103100,104200,103000,104100,59999147
20231027 00:00,103800,104800,103300,104500,91977136
20231030 00:00,104000,104700,103500,104500,80568955
20231031 00:00,104300,104900,104100,104600,65285523
20231101 00:00,105500,105600,104500,104800,56730035
20231102 00:00,105000,106000,104700,104800,61942995
20231103 00:00,104900,105200,104300,104800,70546347
20231106 00:00,105100,106900,105100,106900,100706221
20231107 00:00,106600,106600,105800,106000,64086612
20231108 00:00,105800,106000,104500,105000,87781875
20231109 00:00,104600,105200,104300,104900,63913648
20231110 00:00,104500,104700,102900,103000,104504417
20231113 00:00,103100,103300,102200,102500,77004310
20231114 00:00,102400,103300,102300,102700,59685888
20231115 00:00,103700,104500,103400,103700,110914015
20231116 00:00,103800,103900,102300,102400,92262194
20231117 00:00,102200,102500,101200,101500,90336217
20231120 00:00,101500,102200,101000,101900,63952831
20231121 00:00,102300,103500,102200,102800,104116573
20231122 00:00,102600,103100,101400,101600,73748951
20231123 00:00,101500,101600,100700,101500,84665587
20231124 00:00,101100,101300,100800,101000,68469456
20231127 00:00,100900,100900,99700,100100,83618785
20231128 00:00,99900,100200,99500,99500,78617469
20231129 00:00,99500,99700,97000,97200,146759662
20231130 00:00,96900,97300,96200,96800,90176457
20231201 00:00,96500,96800,95800,96600,77805699
20231204 00:00,96700,96800,96100,96300,60543785
20231205 00:00,96100,96200,94700,94800,78737848
20231206 00:00,94400,95700,94000,95000,75305592
20231207 00:00,94900,94900,93800,94400,58538019
20231208 00:00,94100,94500,93000,93000,102115150
20231211 00:00,92200,93800,91300,93500,113366281
20231212 00:00,93100,95000,93000,94200,85501642
20231213 00:00,93800,93900,91500,91600,106130165
20231214 00:00,92100,92800,91500,91500,74290056
20231215 00:00,92000,93500,91900,92100,98893942
20231218 00:00,91800,92400,90900,91300,65442562
20231219 00:00,91200,91700,90700,91000,64407088
20231220 00:00,91100,91500,90300,90300,71563363
20231221 00:00,90100,91900,89900,91700,101704676
20231222 00:00,91900,92800,91100,92000,100564502
20231225 00:00,91800,92000,91400,91900,41397088
20231226 00:00,91900,92000,90700,91000,54189633
20231227 00:00,91000,91300,90200,91200,64153435
20231228 00:00,91100,94700,90800,94500,166159184
20231229 00:00,94200,94800,93500,93900,85385279
20240102 00:00,93900,94200,92100,92100,115836645
20240103 00:00,91900,92200,91500,92000,73361031
20240104 00:00,91900,91900,90800,91100,86419399
20240105 00:00,91000,94400,90700,92700,199162216
20240108 00:00,92300,93000,91100,91500,112115619
20240109 00:00,91600,91900,90900,91800,76619388
20240110 00:00,91600,91900,90900,90900,85862091
20240111 00:00,90800,92200,90300,91700,93468637
20240112 00:00,91300,92700,91100,91900,77258215
20240115 00:00,91600,92900,91300,92100,74513266
20240116 00:00,91900,93500,91600,93400,143831258
20240117 00:00,93300,93900,92300,92300,148229621
20240118 00:00,92100,92400,90000,92000,175513247
20240119 00:00,91600,92000,91000,91700,96398142
20240122 00:00,91600,92600,90400,91000,158031966
20240123 00:00,90500,91800,89600,91600,113554458
20240124 00:00,92300,93400,90700,93300,175912316
20240125 00:00,93300,95400,92700,95000,216251395
20240126 00:00,94700,96700,94400,96200,227228706
20240129 00:00,96900,98800,95800,97000,237625184
20240130 00:00,96100,97000,94900,95000,157912214
20240131 00:00,94600,95600,93800,94600,135721747
20240201 00:00,94100,94800,93400,94100,105525987
20240202 00:00,94200,94700,90700,92700,163421431
20240205 00:00,91900,94300,91100,93800,180359190
20240206 00:00,93000,96800,92900,96800,199540954
20240207 00:00,96200,96700,94800,96100,206201497
20240208 00:00,95800,96700,95200,96700,165681384
20240219 00:00,97600,98100,96500,98100,160524265
20240220 00:00,97900,98400,97300,98200,112356398
20240221 00:00,97800,108000,97700,108000,505528460
20240222 00:00,106500,109100,106200,109000,492232512
20240223 00:00,108800,112400,108400,108500,356747950
20240226 00:00,107800,108800,105000,105300,286260888
20240227 00:00,104900,106000,104600,105000,198190492
20240228 00:00,105100,107000,104000,104900,308269265
20240229 00:00,104200,105900,104100,105900,184534423
20240301 00:00,105900,106000,104300,104900,182810290
20240304 00:00,104500,105000,103200,103300,165592954
20240305 00:00,103000,104700,102600,104300,181731907
20240306 00:00,104000,104500,103300,103300,134564016
20240307 00:00,103300,106400,103300,103800,201616589
20240308 00:00,103500,104400,103000,103800,111397428
20240311 00:00,103800,104700,103400,104700,121067298
20240312 00:00,104800,105900,104100,105600,164126237
20240313 00:00,105300,105500,103000,103300,176803911
20240314 00:00,103000,103800,102000,102300,140939973
20240315 00:00,105500,107500,105000,106000,375020789
20240318 00:00,105600,106100,104900,105400,167139651
20240319 00:00,105300,105400,103900,104000,129321558
20240320 00:00,103800,104700,103700,104500,87266316
20240321 00:00,104500,105200,104200,104700,86446625
20240322 00:00,104500,104500,103100,103600,102814174
20240325 00:00,103500,104900,103200,104000,95320221
20240326 00:00,104500,106600,104200,106000,174002146
20240327 00:00,105600,106300,105100,105300,127413599
20240328 00:00,105100,105700,103800,104900,130218892
20240329 00:00,104500,105700,104300,105200,87275898
20240401 00:00,105200,106500,105100,106400,119108796
20240402 00:00,106300,106800,105300,105500,108545826
20240403 00:00,105300,105500,104200,104600,98184585
20240408 00:00,104200,104900,103700,104300,90636052
20240409 00:00,104300,104700,103600,104000,85715673
20240410 00:00,103800,104100,102700,102800,124639082
20240411 00:00,102400,102900,101200,102500,101021340
20240412 00:00,102200,102700,100400,100600,130545371
20240415 00:00,100700,103200,100600,102900,145320260
20240416 00:00,102800,103900,102200,102800,147803643
20240417 00:00,102600,106300,102100,106200,223264057
20240418 00:00,105800,110300,105600,108000,316591426
20240419 00:00,107100,108200,106600,106900,145767502
20240422 00:00,106400,108100,104500,105000,200981837
20240423 00:00,105100,106500,104600,105400,124002700
20240424 00:00,105200,105700,104600,105300,94156774
20240425 00:00,105000,106200,104800,106100,111381224
20240426 00:00,105900,106700,104800,106000,160762751
20240429 00:00,105600,109000,105200,108100,216917737
20240430 00:00,108000,108800,107300,107900,132455653
20240506 00:00,109600,111100,108400,108900,178410057
20240507 00:00,108700,108900,107600,108800,108705665
20240508 00:00,108400,108800,107100,107300,122179127
20240509 00:00,107100,108200,107100,107600,106946063
20240510 00:00,107700,109600,107600,109400,176783561
20240513 00:00,109000,110100,108100,109700,140249860
20240514 00:00,110000,110600,108800,109100,107578391
20240515 00:00,109000,109200,108100,108300,86829660
20240516 00:00,108500,112100,108300,111700,307629165
20240517 00:00,111800,114200,111300,114200,284174885
20240520 00:00,114300,115300,113100,113800,217021030
20240521 00:00,113200,116200,113100,115500,203004941
20240522 00:00,115600,117400,114600,115600,211553138
20240523 00:00,115300,115900,113700,114000,184162290
20240524 00:00,113700,114900,113000,113100,139827584
20240527 00:00,113100,115300,113100,115100,145436143
20240528 00:00,115000,115800,113600,114000,120432285
20240529 00:00,113800,114500,112300,112600,144481111
20240530 00:00,112400,113400,110600,111200,132549635
20240531 00:00,111400,111900,111100,111100,82670676
20240603 00:00,111200,111300,109100,109800,132669675
20240604 00:00,109500,110500,109100,110200,98100495
20240605 00:00,110400,110700,108700,108700,101896775
20240606 00:00,109000,109800,108800,109000,104933153
20240607 00:00,109200,110100,108900,109900,117012604
20240611 00:00,109800,110200,107900,108700,133762854
20240612 00:00,108500,109100,107800,108800,95742635
20240613 00:00,108900,109300,108000,108000,120350779
20240614 00:00,101500,102300,99900,101800,163799047
20240617 00:00,101300,101600,100800,101000,68121702
20240618 00:00,101100,101600,100400,100800,70065308
20240619 00:00,101000,102100,100800,101500,79618418
20240620 00:00,101600,101700,100500,100500,62962757
20240621 00:00,100500,100900,99500,100000,83054528
20240624 00:00,99700,100700,98800,99800,94708154
20240625 00:00,99900,101300,99800,100800,76999281
20240626 00:00,100600,101300,100200,100800,62859871
20240627 00:00,100600,102100,100000,101300,92888197
20240628 00:00,101000,102600,100900,101500,91808992
20240701 00:00,100900,103500,100400,103500,134305149
20240702 00:00,103000,104800,102800,104000,138438570
20240703 00:00,104000,104300,102900,103100,71306746
20240704 00:00,103000,103800,102500,102600,73504424
20240705 00:00,102600,102900,99200,99700,171335386
20240708 00:00,99400,100200,98500,99300,86865962
20240709 00:00,99400,101000,99100,100700,103248530
20240710 00:00,100700,102000,100500,101400,87386511
20240711 00:00,102100,102300,100700,101300,72139225
20240712 00:00,101200,103100,101200,103100,121416369
20240715 00:00,103100,103500,102600,103300,86941247
20240716 00:00,103300,103700,102400,103000,94300811
20240717 00:00,103000,104200,102800,104000,122016835
20240718 00:00,103800,104300,103000,104100,108706102
20240719 00:00,103800,104200,102900,103700,89872324
20240722 00:00,103600,103800,101900,102300,99448087
20240723 00:00,102500,103300,101600,101800,102015363
20240724 00:00,101800,102400,101200,101300,72451757
20240725 00:00,101200,101500,100000,100900,85640443
20240726 00:00,101000,101200,99700,100300,92955195
20240729 00:00,100200,101400,99700,101100,78155243
20240730 00:00,101000,101300,100300,100800,61326795
20240731 00:00,100800,102800,100700,102700,109690634
20240801 00:00,102500,103200,101700,102700,73388377
20240802 00:00,102200,102500,101300,101400,59022876
20240805 00:00,101100,102200,100500,100500,75897852
20240806 00:00,100700,101200,98900,99300,126553691
20240807 00:00,99500,99800,99100,99300,51760842
20240808 00:00,99200,99800,99000,99400,50041067
20240809 00:00,99600,101000,99400,100400,73027396
20240812 00:00,100200,100500,99800,100100,35301346
20240813 00:00,100200,100300,99200,99500,62207720
20240814 00:00,99400,99800,99100,99200,43638038
20240815 00:00,99200,100600,98700,100300,77624747
20240816 00:00,100800,102100,100500,101300,126036761
20240819 00:00,101300,103000,101200,102900,148298526
20240820 00:00,103200,104300,102800,103400,156918665
20240821 00:00,103000,103800,102100,103500,103488781
20240822 00:00,103400,104500,103200,103800,110903039
20240823 00:00,103900,105000,103200,104700,107190571
20240826 00:00,105000,105500,104200,104900,74067524
20240827 00:00,104700,105200,103700,104300,72313658
20240828 00:00,104100,104300,102800,103300,94254754
20240829 00:00,103100,103800,101100,101300,119767631
20240830 00:00,101100,102600,101100,101600,129405908
20240902 00:00,101200,102100,100900,101100,96883550
20240903 00:00,101100,101300,100000,100800,91658122
20240904 00:00,100500,101500,100000,100200,84799233
20240905 00:00,100300,100800,99800,100700,59420876
20240906 00:00,100600,102100,100500,100800,87886543
20240909 00:00,100500,100700,98400,98500,163917451
20240910 00:00,98600,99200,97800,99000,76790114
20240911 00:00,98800,98800,96300,96500,110872704
20240912 00:00,96500,97700,96100,97400,58183405
20240913 00:00,97300,98200,97000,97000,56646190
20240918 00:00,97200,97800,96600,97700,44361099
20240919 00:00,97900,98400,96800,98100,68429311
20240920 00:00,98100,99000,97800,99000,79729714
20240923 00:00,98900,100900,98700,100400,89690755
20240924 00:00,101100,103700,100800,103700,163821319
20240925 00:00,105200,107000,104500,105000,216069398
20240926 00:00,105000,111500,105000,111500,308645720
20240927 00:00,113500,115600,110300,114200,384001637
20240930 00:00,116200,123000,115600,122100,543028364
20241008 00:00,134300,134300,123400,128800,588897778
20241009 00:00,126300,126300,116600,116800,426934506
20241010 00:00,116200,122600,116000,119800,342642168
20241011 00:00,120000,121700,115800,117200,207089057
20241014 00:00,119800,121800,117900,120200,240059509
20241015 00:00,119400,122300,118800,119000,207284077
20241016 00:00,118000,121800,117700,120600,191449353
20241017 00:00,120700,122300,119300,119500,165370809
20241018 00:00,119100,121800,116800,120400,260465416
20241021 00:00,119400,119400,116300,118100,280665467
20241022 00:00,117600,119300,117200,117900,161778713
20241023 00:00,118200,118900,117500,118600,151186604
20241024 00:00,118100,118600,117200,117500,88529942
20241025 00:00,117700,117800,116900,117100,110575468
20241028 00:00,116800,116800,115300,116400,116948698
20241029 00:00,116200,117400,115300,115400,119802482
20241030 00:00,115000,115800,112700,113200,148240279
20241031 00:00,113300,114400,112400,113800,125020539
20241101 00:00,113800,115500,113400,114300,158981111
20241104 00:00,114300,114600,112600,114600,113151611
20241105 00:00,114200,116600,113900,116500,166541840
20241106 00:00,116200,116400,114700,115500,146228636
20241107 00:00,115000,119300,114800,119100,224284379
20241108 00:00,119400,120100,117000,117200,189510415
20241111 00:00,116300,116800,114700,116000,148695164
20241112 00:00,115800,118400,115100,115400,171766255
20241113 00:00,115000,117000,114800,116100,108626328
20241114 00:00,115900,117000,115300,115400,115978311
20241115 00:00,115000,116100,114200,114400,121578351
20241118 00:00,116300,120400,116200,117500,379732445
20241119 00:00,117500,119600,115500,116800,243003665
20241120 00:00,116700,117500,116100,116400,128657248
20241121 00:00,116200,116500,115600,115900,88340806
20241122 00:00,115900,116100,112800,112800,162531744
20241125 00:00,112800,113400,111400,111800,116602032
20241126 00:00,111800,113100,111400,112700,83107820
20241127 00:00,112400,113900,111500,113900,89517805
20241128 00:00,113900,114200,113200,113400,73316854
20241129 00:00,113700,114600,113400,113800,102848758
20241202 00:00,113900,114000,113100,113900,97543366
20241203 00:00,113700,115000,113500,114900,108255936
20241204 00:00,114400,115300,113700,114600,100747059
20241205 00:00,114400,115000,114100,114400,68710883
20241206 00:00,114400,117000,114300,116600,172626927
20241209 00:00,116300,117200,115900,116700,96406316
20241210 00:00,119000,119500,117500,117900,216780724
20241211 00:00,117900,118300,117200,117300,96769145
20241212 00:00,117300,118700,117100,118500,98623459
20241213 00:00,117900,118000,115600,115600,134379289
20241216 00:00,115600,116600,115300,115700,80571778
20241217 00:00,115700,116500,115200,115300,80211995
20241218 00:00,115800,117400,115700,116500,101658966
20241219 00:00,115900,116400,115400,115900,69737904
20241220 00:00,115900,117000,115800,116200,71464627
20241223 00:00,116400,118400,116400,117300,165940476
20241224 00:00,117200,118700,117200,118600,135083691
20241225 00:00,118600,120200,118400,119200,147528294
20241226 00:00,119200,119300,117800,118600,100007470
20241227 00:00,118700,119000,116600,118300,129001228
20241230 00:00,117800,119700,117800,119500,135184636
20241231 00:00,119300,119900,117000,117000,147536733
20250102 00:00,117300,117700,113900,114300,181959699
20250103 00:00,114400,115400,113600,113800,115468044
20250106 00:00,113800,114800,112200,114400,108553630
20250107 00:00,114200,115300,113700,115100,74786288
20250108 00:00,115000,116300,114000,115000,106238601
20250109 00:00,115000,115000,113500,114000,75148330
20250110 00:00,114000,114600,112800,113000,79813351
20250113 00:00,112500,112600,110800,112000,93496618
20250114 00:00,112000,114000,111900,113800,82462895
20250115 00:00,113800,115800,113600,114800,103163082
20250116 00:00,115500,115900,114700,115700,87296399
20250117 00:00,115300,115500,114200,114500,68976486
20250120 00:00,115000,115200,114000,114200,83202913
20250121 00:00,114500,114500,113200,113300,90206894
20250122 00:00,113200,113300,110800,110900,134712922
20250123 00:00,111700,114000,111700,113200,151492027
20250124 00:00,113200,113900,112200,113400,94494421
20250127 00:00,113800,115500,113800,114700,115193471
20250205 00:00,115000,115200,113300,113700,84343370
20250206 00:00,113500,114500,113000,113600,95560325
20250207 00:00,113600,114500,113100,113800,140749262
20250210 00:00,113800,115000,113600,114300,102659093
20250211 00:00,114000,114700,113700,114200,84452003
20250212 00:00,114100,114300,113400,114200,98880683
20250213 00:00,114200,115500,114000,115000,135863927
20250214 00:00,114900,115500,114300,115500,97305774
20250217 00:00,116000,118000,115500,117800,206196542
20250218 00:00,117600,119600,117600,118100,199661049
20250219 00:00,118000,118100,116800,117100,117774895
20250220 00:00,117100,117600,116500,116600,78439627
20250221 00:00,116900,117100,115500,116400,97396897
20250224 00:00,116300,116900,115600,115900,94995617
20250225 00:00,115600,115800,114600,114700,91715602
20250226 00:00,114700,116000,114700,115200,84164552
20250227 00:00,115300,116300,114600,116200,97730975
20250228 00:00,115800,116800,115000,115300,94908806
20250303 00:00,115200,115600,114500,115100,83045695
20250304 00:00,114700,115500,114400,115100,68317873
20250305 00:00,115200,116700,114800,116600,108064544
20250306 00:00,116900,117000,116000,116300,87740771
20250307 00:00,116300,116900,116000,116700,83553669
20250310 00:00,116600,116700,115500,115900,66383393
20250311 00:00,115400,116100,115200,116100,60897527
20250312 00:00,116000,118700,115600,118500,187731840
20250313 00:00,118100,119100,117800,118400,131237121
20250314 00:00,118200,120000,118200,119700,172241765
20250317 00:00,116300,116700,114600,115000,460361210
20250318 00:00,115200,115400,114800,114900,160529000
20250319 00:00,114800,115300,114600,115200,136245491
20250320 00:00,115100,116100,114900,114900,110115724
20250321 00:00,114900,115200,113900,114200,137638897
20250324 00:00,114100,114400,113400,113800,116457734
20250325 00:00,113800,114300,113600,114300,73560888
20250326 00:00,114200,114300,113700,113800,74086307
20250327 00:00,113700,114100,113500,113900,55334940
20250328 00:00,113900,114000,113400,113500,64494555
20250331 00:00,113600,113800,112600,112600,111612564
20250401 00:00,112700,113000,112200,112700,68147042
20250402 00:00,112500,114100,112500,113700,93264176
20250403 00:00,113100,113900,113000,113400,64391391
20250407 00:00,110000,110500,104800,107000,254556048
20250408 00:00,106800,108500,106600,108200,146398771
20250409 00:00,107300,108300,106600,108000,106439405
20250410 00:00,108600,109300,108200,109000,86654805
20250411 00:00,108700,109000,108300,108900,58387902
20250414 00:00,109500,110400,109200,109300,78599345
20250415 00:00,109200,109700,109000,109500,72275410
20250416 00:00,109300,110100,109100,110000,84282217
20250417 00:00,109500,110800,109300,110600,82391931
20250418 00:00,110400,111900,110300,111800,72709815
20250421 00:00,110000,111300,109700,110200,111418418
20250422 00:00,110200,110600,109800,110400,83112887
20250423 00:00,110400,110500,109700,110100,58638293
20250424 00:00,110000,110600,109900,110300,68925613
20250425 00:00,110400,110500,109900,110100,63754686
20250428 00:00,110000,110400,109600,110000,64201837
20250429 00:00,110000,110200,109500,109800,64904494
20250430 00:00,109600,109700,108900,109100,86983492
20250506 00:00,109200,110000,108900,109600,85467127
20250507 00:00,110100,110400,109700,110300,112627001
20250508 00:00,110000,110800,109900,110800,105661366
20250509 00:00,110700,111700,110600,111500,99989747
20250512 00:00,111600,112200,111300,111600,89560460
20250513 00:00,111900,113300,111500,112900,126103062
20250514 00:00,112900,114700,112500,114300,168351358
20250515 00:00,114300,115000,113800,113900,103546026
20250516 00:00,113700,114300,113100,113800,91474445
20250519 00:00,114000,114700,113600,113700,83139060
20250520 00:00,114000,114700,113700,113900,64363480
20250521 00:00,114000,115900,113900,114800,132827810
20250522 00:00,114500,115600,114400,115500,100296806
20250523 00:00,115500,116000,114300,114600,96264311
20250526 00:00,114400,115000,114000,114200,69915858
20250527 00:00,114500,115400,114200,114900,80191514
20250528 00:00,115000,115500,114400,115300,65817947
20250529 00:00,115200,115500,114500,114600,91980676
20250530 00:00,114700,115800,114400,115600,113084931
20250603 00:00,115400,119100,115300,118100,219247966
20250604 00:00,118200,118800,117800,118400,116795950
20250605 00:00,118800,119100,116600,116700,116680349
20250606 00:00,117000,117900,116800,117000,68235251
20250609 00:00,117300,117500,116500,117100,77325468
20250610 00:00,117200,118900,117100,118100,142813180
20250611 00:00,118200,119300,117900,118500,109466664
20250612 00:00,115600,117000,115200,116800,129022047
20250613 00:00,116800,117400,115600,115800,109549419
20250616 00:00,115700,117900,115300,117900,117443827
20250617 00:00,117900,118800,117100,117600,89002734
20250618 00:00,117800,118100,116600,117700,68352111
20250619 00:00,117600,117800,116500,117000,83224716
20250620 00:00,117000,118600,116700,118400,130919782
20250623 00:00,118100,119700,116700,119300,138917048
20250624 00:00,119000,120100,118400,119300,130852531
20250625 00:00,119300,120800,118300,120600,167511647
20250626 00:00,120500,124800,120100,124100,217457766
20250627 00:00,123700,125800,121300,122000,237760015
20250630 00:00,121400,121700,119600,120700,150481965
20250701 00:00,120600,123300,120600,123000,135434108
20250702 00:00,123100,124100,122300,123200,120041184
20250703 00:00,123300,124200,122800,123500,79408597
20250704 00:00,123500,127200,123000,126000,177533267
20250707 00:00,126000,128200,126000,127800,149540653
20250708 00:00,127500,128400,126500,126900,109098597
20250709 00:00,126600,129000,126600,128400,120596330
20250710 00:00,128200,133300,127900,131800,248141553
20250711 00:00,131900,133000,128900,129100,244374350
20250714 00:00,128700,131700,128600,129800,187289585
20250715 00:00,129900,130400,127100,127300,181053131
20250716 00:00,127300,127600,125000,126400,192786379
20250717 00:00,126100,127000,125400,125900,94464140
20250718 00:00,126200,127500,126000,127000,124120611
20250721 00:00,126400,127100,125500,126100,107902662
20250722 00:00,126000,126000,123200,124900,193522916
20250723 00:00,124600,126300,124500,125300,137052000
20250724 00:00,125300,125300,123300,123500,195935057
20250725 00:00,123300,124600,123200,123500,110826666
20250728 00:00,123500,125300,123200,124600,123824278
20250729 00:00,124600,125100,123400,123400,101281801
20250730 00:00,123500,126400,123400,124900,171516360
20250731 00:00,125100,125500,122200,122300,169008125
20250801 00:00,122400,123300,121500,122800,101218698
20250804 00:00,122400,123800,122100,123000,103268969
20250805 00:00,123000,125000,122800,124700,113207820
20250806 00:00,124700,125200,124000,124600,69044765
20250807 00:00,124400,125300,123900,124700,72205305
20250808 00:00,124800,125300,123900,124000,82979591
20250811 00:00,124000,124200,122700,123000,93435315
20250812 00:00,123000,124000,123000,123300,68005619
20250813 00:00,123700,124000,122300,122600,111981305
20250814 00:00,122700,123400,121900,122000,124104129
20250815 00:00,122300,122300,119400,120800,194850295
20250818 00:00,120600,121500,120300,120800,123905837
20250819 00:00,121000,121200,120200,120600,89285989
20250820 00:00,120600,121200,119800,120700,104873853
20250821 00:00,120500,121900,120300,121500,121741825
20250822 00:00,121500,121700,119800,120600,164425977
20250825 00:00,121200,125300,121000,124500,304508753
20250826 00:00,124500,125000,123000,123600,138359861
20250827 00:00,123200,123600,120500,120600,186004950
20250828 00:00,120900,121400,119700,120800,165358793
20250829 00:00,120500,122200,120300,120500,180512568
20250901 00:00,120500,120500,118500,118900,185845902
20250902 00:00,118500,119900,118400,119800,149271566
20250903 00:00,119800,120100,117400,117500,136723249
20250904 00:00,117600,117700,116000,117400,129530002
20250905 00:00,117300,117400,116300,117200,81966156
20250908 00:00,117100,117800,116700,117000,92443104
20250909 00:00,117100,117800,116800,117500,86053917
20250910 00:00,117400,117900,117100,117700,79266839
20250911 00:00,117700,118500,117100,118500,96393163
20250912 00:00,118300,118800,117000,117200,94038510
20250915 00:00,117000,117200,116300,116500,84038656
20250916 00:00,116600,117100,116100,116400,70804849
20250917 00:00,116400,116700,115800,116400,77112893
20250918 00:00,116500,116600,113800,114100,138616040
20250919 00:00,114100,115100,113700,114500,83465123
20250922 00:00,114400,114700,113700,113800,59640232
20250923 00:00,113700,115800,113200,115200,134143022
20250924 00:00,115100,116200,114300,114600,113958347
20250925 00:00,114300,114700,113600,114000,77327594
20250926 00:00,113900,114400,113200,114000,75323875
20250929 00:00,114000,114800,112700,113700,117601243
20250930 00:00,113700,113700,112900,113400,83247947
20251009 00:00,113300,114100,112700,114000,104746906
20251010 00:00,113700,114900,113600,114300,108794775
20251013 00:00,113200,114600,112800,114000,116880173
20251014 00:00,113900,116000,113600,115700,184342836
20251015 00:00,113400,114200,112600,114000,127106103
20251016 00:00,113800,115500,113600,115400,126193687
20251017 00:00,115000,115800,113800,114000,103966632
20251020 00:00,114100,114500,112700,114200,95264110
20251021 00:00,114000,114700,113900,114300,76116462
20251022 00:00,114000,115400,114000,115200,83370319
20251023 00:00,115200,117100,115000,116300,137311158
20251024 00:00,116000,116800,115500,115600,98047530
20251027 00:00,115400,116100,114400,115200,123948526
20251028 00:00,115300,115800,114200,114700,82156818
20251029 00:00,114600,114600,113600,113900,96621364
20251030 00:00,113800,114700,113600,113800,94377015
20251031 00:00,113800,114000,113000,113200,97019293
20251103 00:00,113400,114400,113000,114300,95232643
20251104 00:00,114200,116400,114000,115900,150300748
20251105 00:00,115900,116000,115000,115200,79492605
20251106 00:00,115000,115800,114700,115100,76658546
20251107 00:00,115200,115800,115000,115500,73485055
20251110 00:00,115200,116400,114500,116300,82720833
20251111 00:00,116200,116900,115700,116700,88650887
20251112 00:00,117000,117900,116500,116800,114132538
20251113 00:00,116800,117200,115700,117000,97899103
20251114 00:00,116700,118400,116600,117500,131699498
20251117 00:00,117500,117500,116200,116700,99523287
20251118 00:00,116500,116900,115700,115900,67007735
20251119 00:00,115800,118300,115700,118000,133499619
20251120 00:00,117900,119900,117400,118500,163703985
20251121 00:00,118000,118800,116600,116900,146535888
20251124 00:00,117000,117300,116000,116000,111711880
20251125 00:00,116100,118000,115800,118000,102808052
20251126 00:00,118100,118500,116500,116900,82130109
20251127 00:00,116600,117100,115800,117100,101184710
20251128 00:00,116700,116800,115800,116100,88435845
20251201 00:00,116000,117000,115300,116900,103732271
20251202 00:00,116800,117300,115900,116400,76805993
20251203 00:00,116400,117000,115400,115500,94460109
20251204 00:00,115500,115800,114600,114900,88608988
20251205 00:00,114900,115400,114000,115300,89076609
20251208 00:00,114900,116000,114800,115200,85589893
20251209 00:00,115200,115400,114300,114300,73395745
20251210 00:00,114400,114600,112900,113300,104406472
20251211 00:00,113500,113900,113000,113700,92526129
20251212 00:00,113700,114300,113000,113500,119189472
20251215 00:00,113400,115400,113300,115100,94083253
20251216 00:00,114900,115500,114400,114800,64735136
20251217 00:00,114700,115800,114200,115300,70149533
20251218 00:00,115100,116500,114800,116400,79046654
20251219 00:00,116300,116500,115800,116200,64988619
20251222 00:00,116100,116100,115100,115200,74236916
20251223 00:00,115200,116000,115000,115600,66626574
20251224 00:00,115500,115800,114900,115400,50524356
20251225 00:00,115400,116200,115200,115600,54745523
20251226 00:00,115600,115900,115300,115400,43633984
20251229 00:00,115400,116200,115000,115600,64829542
20251230 00:00,115300,115600,114500,114800,58258433
20251231 00:00,114800,114900,114000,114100,59062037