Date,Open,High,Low,Close,Volume
20180611 00:00,301700,362000,301700,362000,78829
20180612 00:00,398200,398200,398200,398200,26579
20180613 00:00,438000,438000,438000,438000,45030
20180614 00:00,481800,481800,481800,481800,74267
20180615 00:00,530000,530000,530000,530000,256510
20180619 00:00,583000,583000,583000,583000,1117428
20180620 00:00,641300,641300,641300,641300,1310382
20180621 00:00,705400,705400,705400,705400,1231660
20180622 00:00,720000,727100,634900,665500,128170599
20180625 00:00,682000,716000,672200,691900,69981999
20180626 00:00,678900,755500,671000,741800,62553547
20180627 00:00,742100,749300,717700,740900,44138862
20180628 00:00,733000,753900,674400,682100,53080981
20180629 00:00,686800,743000,677700,719600,45698575
20180702 00:00,707900,714800,691100,700000,32470182
20180703 00:00,702000,711900,658500,692900,33910064
20180704 00:00,681500,681500,655000,659200,26282197
20180705 00:00,650000,718800,648800,688100,34337783
20180706 00:00,688100,745000,687000,708800,49213427
20180709 00:00,708000,715700,691100,715500,31068979
20180710 00:00,750000,758900,716600,724000,36484401
20180711 00:00,700000,789400,695800,770600,49120805
20180712 00:00,760300,847700,756000,847700,43085212
20180713 00:00,820000,884700,810300,827000,48202055
20180716 00:00,827000,847500,801000,839000,29515196
20180717 00:00,831100,841700,796600,822800,28615349
20180718 00:00,822800,843700,801100,822800,27113839
20180719 00:00,820000,851500,806700,828900,25074483
20180720 00:00,825000,911800,820100,909300,42695635
20180723 00:00,890000,905400,875500,886200,25014352
20180724 00:00,885000,929600,875000,917700,26501025
20180725 00:00,910000,950800,825900,825900,45719348
20180726 00:00,805000,826000,766000,782000,39286999
20180727 00:00,780000,786400,756700,760500,22809584
20180730 00:00,765000,773400,750000,768500,18041846
20180731 00:00,767800,767900,705100,722200,28128307
20180801 00:00,720000,736300,710200,714200,17933649
20180802 00:00,704000,732900,700500,725600,19853529
20180803 00:00,717600,731400,686600,696000,17288867
20180806 00:00,690000,710800,676000,696500,15706945
20180807 00:00,704800,744600,700000,737900,19964947
20180808 00:00,735000,735800,711100,715200,14770817
20180809 00:00,714000,756600,703000,740600,18474864
20180810 00:00,736000,744900,730200,744400,11673860
20180813 00:00,730000,741900,720300,740100,10949557
20180814 00:00,738000,738900,714400,715700,11735618
20180815 00:00,709800,720300,690000,691100,12916705
20180816 00:00,680000,698800,662100,689900,10715293
20180817 00:00,699000,705100,681000,681600,8224837
20180820 00:00,678800,691100,660000,689500,10922929
20180821 00:00,689700,707800,680200,695700,10208839
20180822 00:00,690600,702500,672100,674700,8999917
20180823 00:00,676500,696500,670800,691000,12193136
20180824 00:00,678100,712000,677000,688000,13360932
20180827 00:00,685800,709800,678900,704600,12915092
20180828 00:00,706100,743200,704000,730100,18813962
20180829 00:00,726000,735000,718100,730200,10333837
20180830 00:00,731900,740000,696300,699900,13681809
20180831 00:00,684900,692000,650100,655000,15901213
20180903 00:00,648000,648000,610000,632600,15910805
20180904 00:00,632000,642500,627600,638500,8067558
20180905 00:00,636000,639800,613900,613900,9689281
20180906 00:00,606000,626500,603200,618400,8854073
20180907 00:00,624900,648800,622100,633200,12748586
20180910 00:00,635600,637900,610000,613500,6545100
20180911 00:00,614000,631600,614000,625700,6629327
20180912 00:00,628000,652500,626100,645000,12115986
20180913 00:00,656400,661000,633900,648000,9852036
20180914 00:00,663000,690000,658600,659000,15831828
20180917 00:00,645700,654800,635900,637100,7131416
20180918 00:00,630000,664100,629900,663600,7789233
20180919 00:00,659900,685600,654500,673300,9502594
20180920 00:00,670100,699000,670100,679900,10200717
20180921 00:00,686300,699000,678600,691900,7748207
20180925 00:00,684000,693000,677100,683300,4204191
20180926 00:00,686600,735000,686600,728900,16061574
20180927 00:00,722500,749500,717000,725500,13694667
20180928 00:00,721100,750900,721100,730000,11921098
20181008 00:00,718800,718800,678000,684500,13116724
20181009 00:00,689100,691600,641000,649000,13389377
20181010 00:00,656100,658000,636000,649000,7163213
20181011 00:00,618800,634700,595100,604500,12809465
20181012 00:00,604500,631600,603800,628600,8600315
20181015 00:00,688000,691500,678800,691500,19801487
20181016 00:00,700000,703600,679400,688500,10452197
20181017 00:00,697700,717800,692100,700000,14232165
20181018 00:00,687000,714000,655200,680300,10810902
20181019 00:00,670100,742600,670100,737700,14125112
20181022 00:00,740900,811000,740900,791000,18106362
20181023 00:00,781000,799600,761000,780000,12736627
20181024 00:00,778400,794700,761200,770000,10042803
20181025 00:00,750000,815800,745100,809100,13372207
20181026 00:00,806900,806900,730100,746000,17691702
20181029 00:00,749400,754000,706000,707600,12719771
20181030 00:00,706500,753500,698800,750000,12887554
20181031 00:00,752900,774300,742000,745000,9794351
20181101 00:00,752000,768200,732100,736100,9723959
20181102 00:00,761400,786300,760500,784800,13705894
20181105 00:00,784800,824800,778000,793900,13063517
20181106 00:00,790300,824000,760000,815700,12165834
20181107 00:00,802000,823800,782100,790400,12658732
20181108 00:00,798400,803800,768900,773100,8044866
20181109 00:00,770000,790500,766600,777500,6063937
20181112 00:00,770000,838000,767000,832500,14889918
20181113 00:00,820000,825100,798000,816300,14287007
20181114 00:00,804100,830000,797500,810000,10790715
20181115 00:00,804100,822000,799000,813500,7576857
20181116 00:00,816800,817600,786200,801100,9809408
20181119 00:00,795900,814800,790000,793500,7259001
20181120 00:00,787100,792000,775600,777700,7722096
20181121 00:00,775000,797500,765000,786500,7314829
20181122 00:00,782000,794400,776000,779100,4071768
20181123 00:00,779100,779500,739000,739800,10403744
20181126 00:00,738000,748800,728000,746200,7610013
20181127 00:00,746800,768500,737600,756000,7953332
20181128 00:00,757500,794800,752500,786800,9918840
20181129 00:00,795000,815000,780300,780300,9736251
20181130 00:00,780100,809900,780100,800300,9067577
20181203 00:00,825200,834900,805600,808500,12645226
20181204 00:00,802000,830800,800400,823000,9579665
20181205 00:00,810000,826000,806000,813700,7391554
20181206 00:00,808000,822800,790000,790100,11385399
20181207 00:00,791800,804600,791800,797000,5642133
20181210 00:00,794500,803700,768000,782900,7606831
20181211 00:00,785000,791800,778200,785600,3450062
20181212 00:00,793400,819800,790000,815000,9472483
20181213 00:00,819200,822700,805800,821100,7244428
20181214 00:00,819300,824800,793100,793400,7090513
20181217 00:00,788000,804900,770000,801600,6864481
20181218 00:00,790000,805900,786800,795500,4885589
20181219 00:00,791600,817000,783400,795000,7092653
20181220 00:00,793800,793900,762300,773400,9773738
20181221 00:00,775400,785000,756000,785000,8873743
20181224 00:00,776800,792400,770100,780300,5938803
20181225 00:00,770400,777400,756500,772000,6588306
20181226 00:00,772000,779000,755300,759000,4925282
20181227 00:00,772000,774800,757800,757800,4881471
20181228 00:00,756900,766200,738000,738000,5629239
20190102 00:00,742500,749700,735300,736600,4394096
20190103 00:00,725100,745400,725100,738300,4494903
20190104 00:00,733300,772400,732300,769600,7905331
20190107 00:00,769400,776500,763000,774200,5969559
20190108 00:00,772200,794500,772000,793300,8574990
20190109 00:00,770000,782100,751800,779800,12379879
20190110 00:00,776400,778500,760200,762800,8394273
20190111 00:00,766000,767500,748000,752900,6136703
20190114 00:00,753000,763300,743000,760800,4848795
20190115 00:00,760000,774800,748500,773700,5873635
20190116 00:00,769000,772000,764100,766700,2573862
20190117 00:00,769500,776900,764100,766600,3718809
20190118 00:00,771600,771600,740000,754000,6503927
20190121 00:00,750300,756300,742600,752400,5241159
20190122 00:00,750000,756700,740300,742700,4258858
20190123 00:00,742600,756600,740100,754400,4884798
20190124 00:00,750000,758600,747000,751700,3798418
20190125 00:00,756400,787900,751700,774400,9118956
20190128 00:00,781000,782600,760200,760700,4628893
20190129 00:00,762600,773900,741000,766800,5236313
20190130 00:00,743300,773600,736100,762000,7707782
20190131 00:00,762700,777700,760500,761200,4412755
20190201 00:00,766700,791700,762000,784000,6214411
20190211 00:00,789900,813800,789800,810000,8343327
20190212 00:00,805000,816000,800300,810000,4989121
20190213 00:00,808000,835700,803700,817000,7877177
20190214 00:00,815000,888800,813500,847200,12723314
20190215 00:00,844000,860000,824000,824200,10515313
20190218 00:00,831500,848800,825600,844600,8778720
20190219 00:00,846600,847800,818000,822900,9425786
20190220 00:00,828000,845000,821000,831700,6067442
20190221 00:00,827000,848700,823000,833300,8228772
20190222 00:00,830000,853000,821100,843700,8960036
20190225 00:00,857700,916600,857700,913200,15411302
20190226 00:00,900000,908000,876800,885000,11324211
20190227 00:00,877000,893900,853000,860500,9103790
20190228 00:00,860100,891800,860100,877000,7239918
20190301 00:00,911000,928800,894000,900300,9619284
20190304 00:00,915000,951600,907300,923900,14036947
20190305 00:00,923800,929800,912000,926000,8615692
20190306 00:00,931200,938000,893800,912000,10432922
20190307 00:00,908500,908500,866800,878900,13707148
20190308 00:00,860000,883000,847200,849700,11069663
20190311 00:00,847300,881800,845500,879200,9354658
20190312 00:00,916000,938500,892100,910700,14763435
20190313 00:00,909900,909900,877100,880800,7577721
20190314 00:00,879800,904800,873200,889500,7982575
20190315 00:00,900100,914000,889700,898300,7821543
20190318 00:00,898900,900000,879000,892800,7275762
20190319 00:00,891500,918800,880000,886000,6817028
20190320 00:00,885000,885000,858200,871700,8814118
20190321 00:00,870000,884000,859500,871200,8135960
20190322 00:00,871200,871200,852100,865800,6018992
20190325 00:00,879700,905800,870200,890000,12990646
20190326 00:00,880200,884900,849000,853000,9719783
20190327 00:00,855000,865400,823000,834100,9492122
20190328 00:00,833400,843600,821000,832000,5857193
20190329 00:00,834200,850000,826500,850000,7124126
20190401 00:00,851600,869600,850000,863500,9239090
20190402 00:00,863500,864300,843300,849800,10241327
20190403 00:00,848000,852000,838800,844800,7184038
20190404 00:00,846300,851600,840000,841700,6679609
20190408 00:00,847100,849000,811000,822900,11376979
20190409 00:00,847600,852500,829000,839100,11942266
20190410 00:00,838100,838100,817000,822400,10840837
20190411 00:00,822500,826000,805800,807200,8953765
20190412 00:00,809200,826100,809100,819800,5935673
20190415 00:00,828000,830100,809500,809700,5995060
20190416 00:00,805000,822700,803700,822700,5718722
20190417 00:00,835000,862800,835000,861100,20500478
20190418 00:00,861200,863000,844200,846500,7061781
20190419 00:00,845200,849900,829000,832000,6296775
20190422 00:00,832100,836000,810300,812300,6649229
20190423 00:00,805000,806500,750100,781700,11525936
20190424 00:00,781800,798600,774000,797800,5134374
20190425 00:00,785900,808600,781000,791000,5297314
20190426 00:00,790000,803500,789800,793500,3491801
20190429 00:00,809900,813700,791500,797800,4788277
20190430 00:00,798000,805800,791500,797600,3109077
20190506 00:00,768700,776600,750600,757000,6543106
20190507 00:00,760000,774200,756200,758500,3711940
20190508 00:00,749000,761700,737000,746100,3499581
20190509 00:00,740000,750900,726300,727000,4813423
20190510 00:00,734800,744900,707200,741000,5407424
20190513 00:00,730500,732600,712600,715900,4632721
20190514 00:00,719200,732000,719100,721600,4332993
20190515 00:00,725000,751500,725000,749800,6619534
20190516 00:00,748000,748400,739000,743300,3737156
20190517 00:00,747100,747100,719200,722500,3600307
20190520 00:00,713700,720800,678900,696900,4523747
20190521 00:00,702200,711800,698800,701500,3194938
20190522 00:00,707200,709200,692500,693700,2782387
20190523 00:00,688000,692500,673000,674800,4401686
20190524 00:00,678200,682000,669900,678500,2931112
20190527 00:00,679900,696400,676800,692000,4369021
20190528 00:00,692000,718800,688000,718800,5318129
20190529 00:00,702100,712900,700500,705700,3295113
20190530 00:00,704900,704900,689000,698100,2872644
20190531 00:00,703000,704700,693600,694400,2516679
20190603 00:00,686000,696700,680000,681600,3252837
20190604 00:00,684000,684000,668000,668700,3166678
20190605 00:00,673700,693500,673600,690700,5009314
20190606 00:00,688100,688900,666600,669400,3748486
20190610 00:00,678500,702700,669100,676000,8845244
20190611 00:00,640200,689400,640000,681900,24107111
20190612 00:00,672700,695000,672700,686500,15350806
20190613 00:00,686000,722600,679000,710100,21548752
20190614 00:00,710700,741800,708000,721800,20433297
20190617 00:00,722500,738300,711000,719600,12070489
20190618 00:00,719000,723800,704000,710500,8180108
20190619 00:00,729800,732400,691200,696800,14281497
20190620 00:00,696800,702400,682500,690600,12816110
20190621 00:00,710000,710000,688500,690900,11818586
20190624 00:00,690900,691300,679100,688600,6605850
20190625 00:00,688400,692000,678100,688300,7638790
20190626 00:00,684400,705600,682900,699800,9448365
20190627 00:00,698200,707100,694500,699300,10948902
20190628 00:00,689000,694300,680000,688800,5721215
20190701 00:00,700000,710000,693100,703200,13077230
20190702 00:00,702800,723800,699600,710400,16251996
20190703 00:00,705100,730100,702800,718000,22100168
20190704 00:00,719900,722800,705500,710500,8084414
20190705 00:00,711000,715000,700200,710800,8893749
20190708 00:00,705300,705300,678900,688600,8304330
20190709 00:00,688800,708900,685000,708600,9602729
20190710 00:00,711000,734700,710000,722500,15931512
20190711 00:00,735000,735200,719000,724200,7067279
20190712 00:00,727900,742300,725100,738800,9417205
20190715 00:00,745100,745800,730000,736600,11271492
20190716 00:00,734100,736600,713100,728200,9607041
20190717 00:00,724500,738400,722800,729900,4317237
20190718 00:00,724600,728000,713300,715000,4517044
20190719 00:00,717100,729500,715700,725000,5735854
20190722 00:00,725000,736000,715100,730800,8765702
20190723 00:00,734000,769500,726200,758700,16470705
20190724 00:00,762000,769300,754000,756800,11968548
20190725 00:00,757000,767500,753000,758100,11840107
20190726 00:00,753600,777700,753600,766600,11526351
20190729 00:00,765200,774000,760100,766800,7037596
20190730 00:00,769000,784900,761400,777600,9645886
20190731 00:00,776000,776000,760000,760000,6622124
20190801 00:00,759000,769300,752800,758000,6750326
20190802 00:00,739900,756000,737500,752800,7166010
20190805 00:00,747000,752000,728800,730000,8991667
20190806 00:00,708000,726900,705100,721500,8493825
20190807 00:00,725000,745500,724400,733300,8604899
20190808 00:00,740000,741800,728000,730800,3874396
20190809 00:00,739700,739700,715100,719300,4732689
20190812 00:00,718100,734000,715300,733700,4253610
20190813 00:00,728200,742900,725800,734700,5309490
20190814 00:00,740000,750900,735000,735000,6324864
20190815 00:00,719500,742000,717100,741700,4622234
20190816 00:00,740000,742000,730300,732200,6954025
20190819 00:00,737000,762000,732200,762000,10512285
20190820 00:00,761800,763500,751600,754300,6819064
20190821 00:00,752200,769500,752200,758000,6533092
20190822 00:00,760000,760000,750000,756000,4917499
20190823 00:00,755900,755900,719200,739000,16565181
20190826 00:00,728900,737300,725000,727700,9127893
20190827 00:00,733600,745300,731100,733000,9605221
20190828 00:00,741700,742700,723600,725200,8640082
20190829 00:00,725100,725300,710300,710800,10076080
20190830 00:00,714600,728800,705600,722700,11896719
20190902 00:00,721900,731400,718900,729600,9806682
20190903 00:00,727100,729000,708400,712000,13019463
20190904 00:00,708800,713800,699000,711800,11710654
20190905 00:00,712100,723900,712100,713000,12301592
20190906 00:00,714500,723000,714500,718600,8292198
20190909 00:00,725100,770000,720600,770000,25802948
20190910 00:00,773300,777500,764500,772200,18827878
20190911 00:00,779000,810800,773600,777700,21230612
20190912 00:00,782000,797000,773000,780000,15404790
20190916 00:00,789900,793000,763200,767000,13527921
20190917 00:00,765800,765800,742100,745200,14317599
20190918 00:00,750500,754600,744500,745900,10085597
20190919 00:00,745900,760000,745900,753800,14132303
20190920 00:00,755200,761200,746000,748600,12802741
20190923 00:00,748700,748800,723000,729900,12309884
20190924 00:00,731400,739200,720600,727300,12842670
20190925 00:00,726000,737800,718500,729600,13395325
20190926 00:00,732000,733500,710200,714500,13092362
20190927 00:00,714500,718900,710600,714600,7143729
20190930 00:00,718000,720700,711600,715000,6760707
20191008 00:00,716100,719800,702000,702600,8735710
20191009 00:00,700100,700300,683800,691000,13221857
20191010 00:00,700700,716400,697600,709000,12285154
20191011 00:00,711700,721400,703300,714600,9492562
20191014 00:00,719000,720000,705000,708500,12203588
20191015 00:00,708500,721000,706600,709700,8935077
20191016 00:00,710100,713300,695000,696900,8123690
20191017 00:00,697000,699700,688900,693000,7245504
20191018 00:00,696000,703200,693600,700900,7628238
20191021 00:00,702800,702800,690000,696400,5043168
20191022 00:00,700000,709200,700000,707200,6927358
20191023 00:00,707000,711500,700500,707600,6317648
20191024 00:00,709300,719500,708800,716300,9043248
20191025 00:00,717000,717500,705600,710200,5389714
20191028 00:00,700500,708200,696800,708100,9966286
20191029 00:00,708900,708900,691300,692800,9865652
20191030 00:00,690000,697200,683800,695200,7561367
20191031 00:00,693800,698300,686800,687100,5626806
20191101 00:00,685200,694000,684200,693300,5613492
20191104 00:00,696000,699900,691000,699300,8286601
20191105 00:00,703100,743500,699300,734800,23782533
20191106 00:00,762700,788800,753500,759000,44148150
20191107 00:00,753000,769100,741300,753000,21663334
20191108 00:00,759000,772000,750000,756200,19035838
20191111 00:00,747800,754000,737000,737000,9991343
20191112 00:00,740000,753000,735500,744500,9084273
20191113 00:00,748000,748900,737900,739400,6735241
20191114 00:00,744000,748500,738100,741000,6725875
20191115 00:00,742900,742900,716000,726000,10722051
20191118 00:00,728800,731900,721500,728700,4495507
20191119 00:00,732800,769700,728800,769400,18631350
20191120 00:00,768300,781000,762000,763000,11246809
20191121 00:00,767000,781000,763000,771500,12442467
20191122 00:00,820000,846000,794600,805000,42347174
20191125 00:00,813500,836500,810000,835800,28083768
20191126 00:00,829900,896000,819000,880000,39148358
20191127 00:00,874500,888600,859700,872500,19444274
20191128 00:00,867000,896000,861500,874100,14522464
20191129 00:00,871200,889000,853800,874100,12922196
20191202 00:00,882000,883200,858000,871000,11901718
20191203 00:00,870000,872500,845900,864000,15689440
20191204 00:00,863600,887600,851800,867000,16878594
20191205 00:00,870200,934600,869600,920000,26362986
20191206 00:00,917000,933900,911000,930000,13437736
20191209 00:00,935000,935000,909000,928900,14749903
20191210 00:00,920000,944400,913000,933500,12694910
20191211 00:00,933500,941900,905000,914900,13325522
20191212 00:00,914600,929000,892200,897000,14878693
20191213 00:00,915300,934000,903200,930000,18289816
20191216 00:00,925400,928700,912800,923000,18217880
20191217 00:00,948000,971900,944400,953900,27739358
20191218 00:00,944600,945000,921700,931900,18640537
20191219 00:00,935000,935800,915200,932500,10843349
20191220 00:00,932400,948800,927100,927800,10357947
20191223 00:00,920000,953900,915600,929000,14142900
20191224 00:00,932000,1000900,932000,995000,29704390
20191225 00:00,993500,1054800,981500,1053000,23307715
20191226 00:00,1050000,1069800,1026800,1051200,14841677
20191227 00:00,1051200,1100000,1031500,1042000,24054959
20191230 00:00,1065700,1105000,1050000,1100000,23577964
20191231 00:00,1098600,1103500,1055400,1064000,21500700
20200102 00:00,1072100,1088500,1057000,1075200,20611589
20200103 00:00,1075200,1101900,1059700,1095500,18084178
20200106 00:00,1113000,1145000,1078000,1090900,26500200
20200107 00:00,1090100,1096400,1074100,1085000,13507544
20200108 00:00,1090100,1115000,1071000,1096000,19224068
20200109 00:00,1120000,1155000,1100100,1150000,20164351
20200110 00:00,1142000,1142000,1116800,1133100,14428007
20200113 00:00,1160000,1184800,1142000,1169000,21597445
20200114 00:00,1195100,1207500,1151800,1157000,21768473
20200115 00:00,1157000,1175800,1122100,1153000,17758720
20200116 00:00,1160000,1165000,1138500,1164000,12934158
20200117 00:00,1163600,1175600,1140000,1150800,14662407
20200120 00:00,1149900,1250800,1129000,1232000,24892200
20200121 00:00,1225100,1230000,1204600,1216500,14267108
20200122 00:00,1216500,1338200,1193800,1338200,34991561
20200123 00:00,1325000,1370000,1251000,1305700,35986224
20200203 00:00,1265600,1434800,1265000,1353600,52634602
20200204 00:00,1457700,1489000,1400100,1489000,35913583
20200205 00:00,1581700,1637900,1563000,1637900,53082382
20200206 00:00,1550100,1698900,1529900,1698900,57918993
20200207 00:00,1660000,1693300,1589500,1602000,45499480
20200210 00:00,1610000,1685800,1600000,1652600,37540921
20200211 00:00,1672000,1680000,1576000,1584000,33994559
20200212 00:00,1535500,1618400,1520300,1596500,32586206
20200213 00:00,1559900,1593800,1536900,1563400,31360960
20200214 00:00,1589000,1599000,1488600,1499000,43961853
20200217 00:00,1490000,1561600,1488800,1541000,34447133
20200218 00:00,1541000,1590000,1528500,1566200,28230513
20200219 00:00,1650000,1651000,1528900,1532000,41816783
20200220 00:00,1565000,1650000,1530000,1600000,51844020
20200221 00:00,1578000,1625000,1552200,1599000,33805137
20200224 00:00,1570000,1598500,1524800,1544100,36523081
20200225 00:00,1497400,1655000,1488400,1618500,51602630
20200226 00:00,1587000,1608500,1507000,1528600,33827986
20200227 00:00,1551000,1566600,1488000,1494800,33200245
20200228 00:00,1399900,1450000,1355100,1356700,50844719
20200302 00:00,1388000,1419500,1349500,1399900,31815002
20200303 00:00,1460000,1496900,1439000,1457800,29691061
20200304 00:00,1439900,1458800,1397800,1437000,20594614
20200305 00:00,1465400,1478300,1420000,1452200,22463328
20200306 00:00,1420100,1473000,1415000,1435200,15980869
20200309 00:00,1389900,1409000,1330000,1334500,29425285
20200310 00:00,1336100,1416900,1330100,1405300,29274470
20200311 00:00,1430000,1485800,1388000,1407800,33923207
20200312 00:00,1362000,1367700,1313200,1342000,33385759
20200313 00:00,1261000,1338000,1260100,1321000,27455284
20200316 00:00,1280000,1288800,1188900,1190600,49048485
20200317 00:00,1210000,1229300,1112500,1179500,39220328
20200318 00:00,1189000,1235000,1160000,1173500,31338376
20200319 00:00,1190000,1195000,1116900,1150400,33156307
20200320 00:00,1180000,1197000,1132200,1158600,22514220
20200323 00:00,1108000,1115700,1050100,1074800,30761809
20200324 00:00,1106000,1128800,1070000,1115700,29116996
20200325 00:00,1162000,1221800,1160000,1210000,38592846
20200326 00:00,1190100,1223500,1183000,1196300,19437090
20200327 00:00,1222100,1233300,1173600,1187100,17499077
20200330 00:00,1160000,1206400,1107000,1193100,26165539
20200331 00:00,1202700,1231300,1178600,1203900,19485192
20200401 00:00,1231000,1255600,1190800,1204000,29895088
20200402 00:00,1175000,1236000,1167100,1236000,20958836
20200403 00:00,1246500,1250000,1198000,1210000,18220415
20200407 00:00,1236000,1260900,1230200,1247000,18372889
20200408 00:00,1239000,1254900,1226000,1230000,11946973
20200409 00:00,1239800,1244800,1198100,1202100,16052778
20200410 00:00,1211500,1230700,1179300,1184600,14569554
20200413 00:00,1149000,1169900,1130800,1146900,12458136
20200414 00:00,1180000,1261600,1175000,1261600,38893873
20200415 00:00,1298000,1318900,1272300,1280000,32564492
20200416 00:00,1282700,1337100,1268200,1329500,21638110
20200417 00:00,1360800,1405800,1351000,1369500,29252182
20200420 00:00,1364000,1367500,1318800,1345100,18700233
20200421 00:00,1319900,1328600,1270000,1305200,19391746
20200422 00:00,1273300,1323000,1273000,1308500,14686885
20200423 00:00,1329000,1329000,1286000,1299000,12537857
20200424 00:00,1300000,1360000,1300000,1316900,16991648
20200427 00:00,1330200,1360000,1320800,1339100,14365453
20200428 00:00,1370000,1401000,1316200,1383000,22691656
20200429 00:00,1361300,1401900,1360100,1387200,11954408
20200430 00:00,1440000,1485100,1440000,1443800,23338521
20200506 00:00,1390000,1468000,1387500,1457900,19146391
20200507 00:00,1463000,1472000,1410000,1432000,16078680
20200508 00:00,1430000,1452200,1408900,1440800,14133880
20200511 00:00,1442000,1459800,1350600,1376200,28536431
20200512 00:00,1390600,1398800,1357300,1390000,16027660
20200513 00:00,1373300,1396500,1368800,1382600,12154242
20200514 00:00,1378500,1382500,1355000,1356000,11433488
20200515 00:00,1399400,1476900,1389600,1454800,32212118
20200518 00:00,1450000,1450000,1396900,1418100,16088936
20200519 00:00,1432000,1458000,1425200,1432600,10425183
20200520 00:00,1500000,1554000,1490100,1493000,32969279
20200521 00:00,1518100,1535500,1465800,1474600,15487607
20200522 00:00,1466200,1468600,1410000,1428100,14817295
20200525 00:00,1426800,1444100,1405500,1443000,10378205
20200526 00:00,1457700,1504100,1452000,1500300,17486531
20200527 00:00,1499600,1550000,1499000,1515000,18104917
20200528 00:00,1499900,1509000,1435000,1478400,17424709
20200529 00:00,1470000,1478300,1445000,1455300,14142791
20200601 00:00,1474700,1530300,1463600,1509500,15176562
20200602 00:00,1540000,1548900,1469800,1494600,13703028
20200603 00:00,1500000,1511200,1478100,1485000,11363532
20200604 00:00,1498000,1541300,1486000,1500000,13757396
20200605 00:00,1495500,1513500,1472600,1512000,9862700
20200608 00:00,1537400,1545500,1504600,1514000,10560379
20200609 00:00,1545000,1559700,1531000,1539600,15069925
20200610 00:00,1599000,1599000,1535000,1566800,19821016
20200611 00:00,1600000,1700800,1581300,1639800,36817709
20200612 00:00,1601800,1625000,1588800,1593000,25244551
20200615 00:00,1562300,1612600,1555100,1577000,15945246
20200616 00:00,1610000,1632800,1580100,1600000,13129741
20200617 00:00,1590400,1605000,1560100,1578000,12529134
20200618 00:00,1578000,1595700,1560000,1589500,9656214
20200619 00:00,1599800,1688000,1591500,1659000,25019327
20200622 00:00,1657500,1713000,1645000,1650000,19041226
20200623 00:00,1660000,1691300,1635200,1688900,15947506
20200624 00:00,1705200,1735800,1693000,1715000,14660407
20200629 00:00,1705000,1725000,1690100,1710400,11604049
20200630 00:00,1730000,1794700,1730000,1743600,16251433
20200701 00:00,1785000,1819000,1678800,1694000,28657478
20200702 00:00,1720000,1721800,1645100,1672000,27047963
20200703 00:00,1700000,1707400,1670300,1676000,24026447
20200706 00:00,1682000,1800000,1675900,1778000,30715268
20200707 00:00,1880000,1955800,1875000,1955800,25360423
20200708 00:00,1979900,1988200,1899800,1975700,28889036
20200709 00:00,1970000,2067700,1960000,2050200,27903552
20200710 00:00,2029800,2071600,2006000,2039000,16829333
20200713 00:00,2116000,2242900,2116000,2241100,30326879
20200714 00:00,2140000,2207000,2088600,2159500,33329626
20200715 00:00,2190000,2205700,2021100,2070300,27435061
20200716 00:00,2080000,2128800,1964000,1967700,27254968
20200717 00:00,1970100,2011800,1880800,1957000,30378591
20200720 00:00,2040900,2111100,1990900,2053000,28999908
20200721 00:00,2099900,2099900,2030000,2070000,18656592
20200722 00:00,2050000,2111900,2030300,2078900,19165779
20200723 00:00,2070000,2155100,2060000,2135000,25589954
20200724 00:00,2090000,2099000,1958500,1986800,34398314
20200727 00:00,1980000,2009800,1899900,1913000,25155581
20200728 00:00,1960500,2005000,1955100,1975200,20148990
20200729 00:00,1975200,2050000,1952700,2041800,18998583
20200730 00:00,2050000,2069800,2024000,2053500,14353072
20200731 00:00,2060000,2153000,2055000,2121700,20704980
20200803 00:00,2138800,2158000,2100500,2156000,15106133
20200804 00:00,2143000,2229800,2103200,2106900,19958062
20200805 00:00,2107400,2128000,2065500,2103500,12730060
20200806 00:00,2168800,2178800,2080000,2115000,14565688
20200807 00:00,2090000,2143000,2021100,2042900,18055246
20200810 00:00,2042000,2053000,1980800,2006800,13078744
20200811 00:00,2007500,2046000,1981300,1984200,12233213
20200812 00:00,1999000,2002600,1882000,1957300,25272741
20200813 00:00,2008000,2019800,1944700,1959900,13061210
20200814 00:00,1977000,2004500,1959900,2003700,11970002
20200817 00:00,2000000,2003700,1942000,1966200,19707410
20200818 00:00,1996000,2050000,1958800,1992800,22122398
20200819 00:00,1978000,1978000,1900000,1901900,18714680
20200820 00:00,1870000,1910000,1850000,1884200,13020138
20200821 00:00,1913600,1939400,1900000,1922300,14655272
20200824 00:00,1942000,2080000,1922400,2020100,25806984
20200825 00:00,2020100,2060000,1989600,1999200,14549072
20200826 00:00,1990100,1999800,1929400,1944000,15240258
20200827 00:00,2025000,2085000,1990000,2049500,28397772
20200828 00:00,2063200,2095000,2036800,2083000,16967122
20200831 00:00,2096600,2107600,2050100,2063500,13514481
20200901 00:00,2065000,2150000,2050100,2142500,19716189
20200902 00:00,2133600,2141300,2080000,2113100,14608611
20200903 00:00,2100000,2110000,2058900,2099000,12452889
20200904 00:00,2022200,2056600,2005800,2042600,14773663
20200907 00:00,2029000,2048500,1800000,1864000,44789699
20200908 00:00,1850000,1880000,1795100,1869000,22073272
20200909 00:00,1790000,1875000,1779900,1843200,18934368
20200910 00:00,1850000,1895000,1845000,1849600,14826421
20200911 00:00,1860000,1893000,1833500,1873000,11765001
20200914 00:00,1905000,1949800,1900000,1927800,14289637
20200915 00:00,1955000,1970000,1928200,1947000,11703665
20200916 00:00,1967900,1969000,1905000,1922600,11837864
20200917 00:00,1922400,2019500,1910000,1984000,18130771
20200918 00:00,1989100,2000000,1952300,1980300,10548691
20200921 00:00,2019000,2080000,1968600,1979300,16068319
20200922 00:00,2000000,2042000,1979300,2005000,12339378
20200923 00:00,1996000,1998200,1911000,1970000,15719429
20200924 00:00,1936500,1958000,1901100,1908200,10668028
20200925 00:00,1936000,1947000,1905900,1915000,6801208
20200928 00:00,1934500,1969500,1918100,1929100,8233195
20200929 00:00,1954900,2062500,1954300,2049900,20243551
20200930 00:00,2053000,2110100,2038000,2092000,15990837
20201009 00:00,2199900,2288800,2197700,2248700,23959241
20201012 00:00,2280000,2350000,2273000,2347800,18938222
20201013 00:00,2348800,2385800,2290000,2356700,10746666
20201014 00:00,2370000,2440000,2348000,2373000,13770183
20201015 00:00,2411100,2441000,2370000,2386000,9953526
20201016 00:00,2395000,2400000,2243100,2281000,20304062
20201019 00:00,2313300,2361000,2280000,2294100,13002499
20201020 00:00,2306300,2416000,2289400,2416000,13596634
20201021 00:00,2400600,2406300,2276800,2323300,16167925
20201022 00:00,2302000,2338000,2270000,2318800,9055157
20201023 00:00,2325100,2387600,2244500,2250000,11593811
20201026 00:00,2259700,2336300,2193300,2331500,10802773
20201027 00:00,2350000,2387000,2320000,2372100,9101539
20201028 00:00,2276500,2454700,2266600,2402600,22415826
20201029 00:00,2370200,2440200,2323200,2400000,17435230
20201030 00:00,2410200,2566000,2383000,2471700,22958747
20201102 00:00,2470000,2655000,2445100,2601400,18946131
20201103 00:00,2600000,2600000,2471800,2560200,18456665
20201104 00:00,2550000,2600000,2500000,2555500,11061672
20201105 00:00,2610000,2685000,2609600,2685000,15795924
20201106 00:00,2713800,2752300,2600000,2635000,15658385
20201109 00:00,2680000,2729000,2611000,2664300,13228570
20201110 00:00,2653200,2718800,2555500,2659200,14417544
20201111 00:00,2641100,2674800,2508400,2508400,15758398
20201112 00:00,2600000,2600000,2525800,2542500,9716864
20201113 00:00,2581200,2607700,2530000,2532100,11377678
20201116 00:00,2538900,2577000,2474300,2549000,12312065
20201117 00:00,2573000,2600000,2465000,2506800,13674853
20201118 00:00,2501200,2520600,2368200,2405000,19283321
20201119 00:00,2410100,2435500,2371100,2421000,9758010
20201120 00:00,2444900,2536000,2444800,2520800,12303462
20201123 00:00,2520800,2597000,2501000,2530000,12091293
20201124 00:00,2580000,2591000,2500100,2547000,9791966
20201125 00:00,2566000,2568800,2444000,2462200,11709894
20201126 00:00,2466000,2466000,2392000,2453400,8629485
20201127 00:00,2454200,2487700,2380000,2420000,8433221
20201130 00:00,2440000,2440000,2340200,2428000,12666236
20201201 00:00,2388000,2466500,2380000,2461700,9491971
20201202 00:00,2460000,2460000,2366000,2436900,11965310
20201203 00:00,2436900,2469700,2383700,2459900,10688561
20201204 00:00,2450600,2513000,2443500,2497200,9233784
20201207 00:00,2509000,2648300,2509000,2614600,17112954
20201208 00:00,2655000,2698900,2645000,2660300,11636158
20201209 00:00,2687300,2726000,2620800,2660000,15363649
20201210 00:00,2631500,2675000,2590000,2648200,9985664
20201211 00:00,2633100,2675200,2617000,2665600,12893673
20201214 00:00,2665700,2687300,2621000,2660000,10724116
20201215 00:00,2680000,2793700,2644500,2785000,17781261
20201216 00:00,2802000,2863000,2770000,2860600,14288803
20201217 00:00,2842000,2878000,2820100,2848100,8812326
20201218 00:00,2855000,2929500,2832200,2899900,9512618
20201221 00:00,2967500,3250000,2933000,3250000,19810397
20201222 00:00,3199900,3303300,3117000,3136400,16874400
20201223 00:00,3136700,3293000,3071800,3180000,17390320
20201224 00:00,3170000,3186600,3085000,3110000,9478596
20201225 00:00,3090000,3152000,3060100,3127900,9539934
20201228 00:00,3152000,3200000,3110000,3167800,11973062
20201229 00:00,3167900,3188000,3033800,3080000,12174791
20201230 00:00,3200000,3479400,3200000,3400000,22881682
20201231 00:00,3449800,3539000,3417100,3511100,15200521
20210104 00:00,3581000,4111100,3581000,4041000,22480807
20210105 00:00,3950000,4038000,3860100,4020000,22745201
20210106 00:00,4080000,4160000,3910100,4067700,18668114
20210107 00:00,4009900,4150000,3968800,4132300,17389487
20210108 00:00,4190000,4249900,3974000,4045000,21006685
20210111 00:00,4098800,4098800,3860000,3900000,23005038
20210112 00:00,3855000,4044000,3800000,4011700,16559671
20210113 00:00,4000000,4105000,3729800,3850000,27261967
20210114 00:00,3752000,3840000,3680200,3690100,19606569
20210115 00:00,3679900,3839800,3650000,3805500,19822928
20210118 00:00,3767400,3918000,3757700,3839000,14201178
20210119 00:00,3840000,3860000,3645500,3661100,16286661
20210120 00:00,3738000,3933800,3709100,3914000,21341613
20210121 00:00,3870000,3990000,3800000,3913000,17479166
20210122 00:00,3915000,4102800,3915000,4080000,19044156
20210125 00:00,4063000,4183400,3923400,3969500,21741425
20210126 00:00,3968100,3968100,3837600,3855000,15104374
20210127 00:00,3920000,3932000,3720000,3905200,14838511
20210128 00:00,3800000,3830100,3680000,3699000,18182027
20210129 00:00,3760100,3770000,3425600,3541100,27601326
20210201 00:00,3530000,3569000,3462000,3503300,17525081
20210202 00:00,3520100,3699900,3373700,3678000,25086475
20210203 00:00,3790000,3875600,3750500,3809800,21107294
20210204 00:00,3849100,3938000,3795000,3885000,21630174
20210205 00:00,3950000,3969900,3728500,3734500,18411695
20210208 00:00,3750000,4048000,3730100,4040000,24402658
20210209 00:00,4112000,4150000,4008000,4102000,16203746
20210210 00:00,4139900,4166000,4060000,4126600,16282957
20210218 00:00,4220000,4220000,3868800,3970000,23824929
20210219 00:00,3900000,3960000,3742000,3875000,18690354
20210222 00:00,3875000,3958000,3749000,3750000,16720351
20210223 00:00,3700000,3765400,3608800,3765400,13604746
20210224 00:00,3750000,3780000,3394000,3470000,30272084
20210225 00:00,3538500,3538500,3350000,3371000,24575702
20210226 00:00,3230000,3330000,3177900,3222300,22950635
20210301 00:00,3315100,3456200,3282800,3446000,20539402
20210302 00:00,3530000,3532000,3410600,3496000,15281131
20210303 00:00,3460500,3496300,3403600,3496300,10464433
20210304 00:00,3450000,3450000,3229100,3255700,18103403
20210305 00:00,3130100,3268800,3083300,3200000,17307341
20210308 00:00,3230000,3347200,3008800,3050000,21295514
20210309 00:00,3000000,3105000,2890000,3000000,27357719
20210310 00:00,3160000,3222800,3130000,3145000,23763768
20210311 00:00,3160000,3334800,3113000,3312800,20964281
20210312 00:00,3369100,3450000,3313000,3414600,18952041
20210315 00:00,3400000,3400000,3070000,3123000,23040352
20210316 00:00,3170000,3249900,3135000,3230000,13712397
20210317 00:00,3178800,3362000,3131000,3330000,14672578
20210318 00:00,3340000,3431100,3335100,3358000,11366956
20210319 00:00,3250000,3329900,3110000,3165000,18971590
20210322 00:00,3190000,3210000,2988900,3078000,23171883
20210323 00:00,3050000,3106400,3001200,3039100,15116923
20210324 00:00,3050000,3051000,2850000,2887900,25208186
20210325 00:00,2805100,2933500,2800500,2915500,18439889
20210326 00:00,2950000,3140500,2930000,3136200,23710285
20210329 00:00,3135000,3197700,3050100,3116000,15563243
20210330 00:00,3116100,3209800,3080000,3189800,12640386
20210331 00:00,3188900,3261600,3130000,3221700,16054553
20210401 00:00,3238000,3354900,3233000,3299900,11333813
20210402 00:00,3329500,3361800,3268800,3324000,9262891
20210406 00:00,3350000,3380000,3190900,3258000,10463817
20210407 00:00,3329100,3329100,3121500,3200000,13393147
20210408 00:00,3140000,3216600,3110000,3198500,7870973
20210409 00:00,3240100,3240100,3100000,3120000,9323686
20210412 00:00,3182600,3250400,3131000,3150100,14059546
20210413 00:00,3133000,3330000,3131000,3247600,14021091
20210414 00:00,3312600,3474900,3286800,3460000,18504345
20210415 00:00,3399600,3415000,3331700,3370000,12474137
20210416 00:00,3400000,3404000,3246000,3338400,11536269
20210419 00:00,3350000,3645000,3313500,3640000,20547682
20210420 00:00,3579800,3687900,3535000,3590000,14283434
20210421 00:00,3511600,3579000,3478000,3556900,12399643
20210422 00:00,3660000,3666000,3536300,3623600,10791346
20210423 00:00,3623600,3730000,3600100,3715000,11536538
20210426 00:00,3736000,3800000,3472000,3490000,25623665
20210427 00:00,3500000,3508000,3402600,3486000,15180979
20210428 00:00,3530100,3750000,3520000,3670300,23632614
20210429 00:00,3708100,3819000,3678700,3799900,18086320
20210430 00:00,3730000,3920000,3679200,3881700,25865106
20210506 00:00,3900000,3900000,3685000,3840000,18968026
20210507 00:00,3840000,3875500,3661300,3672800,15138529
20210510 00:00,3648000,3739900,3600000,3682100,12455280
20210511 00:00,3620000,3699000,3530000,3666000,11412084
20210512 00:00,3670000,3690700,3555900,3615000,13360160
20210513 00:00,3543000,3587800,3497000,3511000,11347605
20210514 00:00,3535200,3605000,3431700,3590000,17657660
20210517 00:00,3600000,3758800,3599900,3731800,19330918
20210518 00:00,3720000,3792000,3664600,3691000,8962010
20210519 00:00,3665000,3800000,3630000,3750500,11746435
20210520 00:00,3778000,3838900,3701000,3777400,12843969
20210521 00:00,3827700,3872800,3689700,3755700,14056597
20210524 00:00,3800000,3885500,3761800,3879600,16961148
20210525 00:00,3894400,3960000,3857000,3955300,14957705
20210526 00:00,3950000,3999800,3846600,3854200,12698850
20210527 00:00,3875100,3900000,3818500,3840000,7959838
20210528 00:00,3900000,4215000,3900000,4096000,27715051
20210531 00:00,4160000,4355700,4140000,4341000,20006312
20210601 00:00,4200000,4310000,4165200,4253400,15875357
20210602 00:00,4291000,4336900,4192700,4245000,11571216
20210603 00:00,4260000,4282800,4100000,4147800,12375991
20210604 00:00,4190000,4395000,4151600,4322100,18010150
20210607 00:00,4238500,4239900,4000000,4075000,21529447
20210608 00:00,4040000,4248500,4040000,4095900,16631690
20210609 00:00,4090000,4160000,4030000,4093700,9358239
20210610 00:00,4100900,4446600,4100900,4346300,19350231
20210611 00:00,4430000,4578400,4300600,4519800,19796063
20210615 00:00,4530000,4559000,4355000,4450000,10252153
20210616 00:00,4409100,4438000,4170100,4201800,13969365
20210617 00:00,4242500,4377400,4242500,4345100,10272398
20210618 00:00,4371900,4552000,4371900,4500000,15600042
20210621 00:00,4518000,4559000,4402200,4528000,12082314
20210622 00:00,4501800,4539900,4402200,4502300,8847005
20210623 00:00,4540800,4720100,4515000,4684500,12445699
20210624 00:00,4731300,4748800,4620100,4673000,9213246
20210625 00:00,4730000,4770000,4590000,4762300,9955534
20210628 00:00,4762200,5029800,4683100,4939000,14643927
20210629 00:00,5136500,5196000,5042200,5085100,15340180
20210630 00:00,5090100,5420000,4980000,5348000,14455682
20210701 00:00,5368000,5400000,5180100,5295000,11324700
20210702 00:00,5241300,5351600,5096600,5195900,13871718
20210705 00:00,5150000,5286800,5080700,5192700,14351499
20210706 00:00,5200000,5409700,5019100,5152300,18055540
20210707 00:00,5200000,5425000,5071300,5425000,18145691
20210708 00:00,5509900,5715000,5426400,5591600,15879012
20210709 00:00,5589900,5589900,5345500,5458800,15660730
20210712 00:00,5561100,5770000,5561100,5657900,15476312
20210713 00:00,5600000,5796000,5520000,5630100,13637065
20210714 00:00,5550000,5618800,5410000,5513700,12587871
20210715 00:00,5450000,5688800,5410500,5680000,13733347
20210716 00:00,5670000,5670000,5281300,5310000,17849493
20210719 00:00,5400000,5416800,5160000,5235000,18012945
20210720 00:00,5150000,5392700,5150000,5280400,13000547
20210721 00:00,5300200,5560800,5260100,5557800,18204911
20210722 00:00,5566000,5636900,5456900,5570800,10883599
20210723 00:00,5550000,5639900,5460000,5470100,9332873
20210726 00:00,5440000,5529300,5225000,5397800,12728980
20210727 00:00,5430200,5591900,4950000,4950000,17846033
20210728 00:00,4960000,5333000,4960000,5250500,21724743
20210729 00:00,5460000,5577400,5290000,5568000,18620249
20210730 00:00,5650000,5822000,5400000,5504000,20181013
20210802 00:00,5570000,5749900,5328800,5520000,18297279
20210803 00:00,5550000,5560000,5230000,5310000,12238308
20210804 00:00,5340000,5709900,5250000,5690000,17400431
20210805 00:00,5660000,5660000,5465300,5570000,12979233
20210806 00:00,5647900,5670000,5390000,5438800,14371245
20210809 00:00,5320000,5325000,5029900,5160000,18583111
20210810 00:00,5110100,5191900,4990000,5105000,18016853
20210811 00:00,5100000,5230000,5048800,5172500,11236434
20210812 00:00,5120100,5129900,4940000,5020000,17116184
20210813 00:00,4800000,5299000,4800000,5020500,27725763
20210816 00:00,4940000,5038900,4698800,4770000,22043980
20210817 00:00,4850000,4948000,4772400,4800000,15610638
20210818 00:00,4865400,5029000,4774100,4950000,15957481
20210819 00:00,5020000,5097300,4840000,5030000,14453518
20210820 00:00,4990000,4992000,4825000,4941100,12527606
20210823 00:00,5050000,5232200,5020100,5219000,16224431
20210824 00:00,5164000,5401000,5151200,5230000,13313712
20210825 00:00,5240000,5322000,5112000,5302400,9530347
20210826 00:00,5399800,5589400,5208900,5210000,16798255
20210827 00:00,5200000,5240000,5020000,5075000,11958157
20210830 00:00,5074500,5258000,4988600,5052400,15714333
20210831 00:00,5119400,5119400,4858500,4948700,14762087
20210901 00:00,4920000,4940000,4715000,4887100,14462675
20210902 00:00,4920000,4961100,4857800,4935000,11464887
20210903 00:00,4980000,5038800,4808800,4865000,11282023
20210906 00:00,4930000,5180000,4830000,5161000,14791957
20210907 00:00,5150000,5266600,5100000,5140100,9422232
20210908 00:00,5190000,5235800,5000000,5030000,9739395
20210909 00:00,5095000,5189800,4908000,5072000,11016209
20210910 00:00,4934400,5037800,4906800,5021000,11296936
20210913 00:00,5021000,5121000,4960000,5028000,8968966
20210914 00:00,5071200,5410000,5029200,5299000,23383657
20210915 00:00,5300000,5319900,5118100,5253500,10501454
20210916 00:00,5230000,5230000,4980000,4980000,11260408
20210917 00:00,4970000,5090000,4921300,5030000,8193837
20210922 00:00,4946000,5010000,4881000,4933100,6423920
20210923 00:00,5048600,5048600,4918000,4929900,7971421
20210924 00:00,4948700,5125100,4905000,4999800,10262492
20210927 00:00,5050000,5198000,4997900,5135000,14496264
20210928 00:00,5120000,5179500,4982000,5004300,9222505
20210929 00:00,4960000,5118000,4940000,5025100,9395464
20210930 00:00,5050000,5325000,5020100,5257300,16714235
20211008 00:00,5340000,5500700,5229000,5340000,12516925
20211011 00:00,5350000,5376000,5180600,5210000,7830888
20211012 00:00,5215800,5226200,4988800,5050000,9590683
20211013 00:00,5050000,5225000,5040000,5222600,7652244
20211014 00:00,5250000,5348800,5250000,5323000,7841554
20211015 00:00,5320000,5788700,5281000,5690000,22951299
20211018 00:00,5810000,5952400,5700000,5950200,18670216
20211019 00:00,6040000,6149800,5850000,5906000,15088955
20211020 00:00,5950000,6133800,5870000,5895000,12466583
20211021 00:00,5900000,5990000,5800000,5960000,10142297
20211022 00:00,6059800,6059800,5903300,6014000,11021603
20211025 00:00,6120000,6251600,6033300,6107700,14052090
20211026 00:00,6357600,6384800,5959300,5979900,14827692
20211027 00:00,5979900,6150400,5931700,6150400,13548574
20211028 00:00,6250000,6350000,6029300,6072000,17282868
20211029 00:00,6152900,6454900,5989400,6392200,20268702
20211101 00:00,6410000,6790000,6311300,6500000,22179659
20211102 00:00,6550000,6657600,6480000,6580000,13140789
20211103 00:00,6510000,6560200,6280000,6400000,12760630
20211104 00:00,6480000,6550000,6360500,6468500,9201009
20211105 00:00,6390000,6497800,6339900,6340900,8555085
20211108 00:00,6370000,6649800,6310000,6608000,12269565
20211109 00:00,6677400,6680000,6531300,6632800,6674583
20211110 00:00,6511300,6564700,6350000,6480000,12739826
20211111 00:00,6510000,6651300,6501000,6558500,7701413
20211112 00:00,6570000,6618600,6339200,6410000,11420150
20211115 00:00,6409900,6409900,6079600,6200000,14007599
20211116 00:00,6200000,6251200,6070000,6149700,8433513
20211117 00:00,6230000,6304300,6175600,6258800,7561643
20211118 00:00,6258800,6366600,6135900,6260000,7527274
20211119 00:00,6310000,6390000,6200500,6390000,8456790
20211122 00:00,6449900,6810000,6421100,6810000,15308991
20211123 00:00,6803100,6803100,6660000,6720000,9931174
20211124 00:00,6701700,6758000,6503400,6588000,8550354
20211125 00:00,6530000,6585000,6452900,6540000,5822028
20211126 00:00,6510000,6688000,6510000,6580000,5850222
20211129 00:00,6540000,6845000,6530000,6798000,11465261
20211130 00:00,6847600,6856600,6733300,6800000,7188131
20211201 00:00,6800000,6849900,6641100,6720000,6984571
20211202 00:00,6719800,6892000,6690000,6880000,9178956
20211203 00:00,6889600,6920000,6710000,6870000,8078164
20211206 00:00,6761000,6802000,6560000,6572800,11261215
20211207 00:00,6620000,6630000,6122000,6290000,22139147
20211208 00:00,6347900,6447800,6262500,6390000,11886602
20211209 00:00,6390000,6400000,6229000,6338000,13427209
20211210 00:00,6222200,6533600,6211800,6399500,21384418
20211213 00:00,6399000,6606600,6300800,6583600,16082778
20211214 00:00,6573400,6573400,6439800,6510100,8781080
20211215 00:00,6494300,6610000,6469500,6490000,7048016
20211216 00:00,6573000,6573000,6470800,6550600,6150222
20211217 00:00,6510100,6539900,6397000,6511900,13649081
20211220 00:00,6490000,6490000,6076800,6102100,15511352
20211221 00:00,6060000,6146900,5940800,6040700,12565780
20211222 00:00,6088000,6170000,6030000,6102400,8361840
20211223 00:00,6189800,6308000,6120800,6220700,7971819
20211224 00:00,6240000,6252500,5630000,5768000,24608084
20211227 00:00,5742000,5879900,5735000,5786000,10183543
20211228 00:00,5780000,5872800,5699100,5850000,9659574
20211229 00:00,5850000,5859900,5697800,5755500,9963963
20211230 00:00,5770000,5962900,5755700,5900000,12420946
20211231 00:00,5983000,6059900,5820000,5880000,9371117
20220104 00:00,6060000,6070000,5610000,5688800,17456845
20220105 00:00,5664000,5668800,5400000,5475000,16657881
20220106 00:00,5385100,5470000,5317900,5414700,13882602
20220107 00:00,5500000,5560000,5280000,5399000,13169468
20220110 00:00,5349800,5490000,5242400,5384000,14862906
20220111 00:00,5411100,5499000,5364100,5367000,8472277
20220112 00:00,5510000,5699600,5509000,5650400,19164163
20220113 00:00,5710000,5820000,5547400,5650000,13899742
20220114 00:00,5570600,5808000,5560000,5774000,11612818
20220117 00:00,5888600,6085000,5788000,6068500,14352844
20220118 00:00,6068500,6077700,5860000,5868000,10701672
20220119 00:00,5895000,5950000,5585000,5699900,14487439
20220120 00:00,5660000,5780000,5633500,5691300,8065361
20220121 00:00,5630000,5796000,5520000,5694900,9917398
20220124 00:00,5640000,5922600,5590100,5809900,11562129
20220125 00:00,5732100,5833300,5650000,5656000,7199229
20220126 00:00,5718000,5906000,5665000,5875000,11603676
20220127 00:00,5850000,5949900,5700000,5749900,12948188
20220128 00:00,5946000,6040000,5704400,5926000,24331734
20220207 00:00,6060000,6099800,5741800,5794400,14528859
20220208 00:00,5794400,5794400,5218200,5408600,20650297
20220209 00:00,5390000,5509000,5270000,5472000,11494712
20220210 00:00,5518000,5520000,4998900,5181000,29233587
20220211 00:00,5060000,5135800,4890000,4899900,23979847
20220214 00:00,4860000,5128900,4850600,5080000,19628564
20220215 00:00,5190000,5303300,5110000,5270000,15150828
20220216 00:00,5280000,5424300,5239900,5308000,12706794
20220217 00:00,5299800,5435000,5255800,5350000,10747219
20220218 00:00,5300000,5350000,5229800,5275000,11384779
20220221 00:00,5265000,5265000,5054700,5100000,15630631
20220222 00:00,5066500,5080000,4923700,5040000,13632851
20220223 00:00,5060000,5190500,5024800,5190000,15433230
20220224 00:00,5080000,5215800,5010000,5077000,16160023
20220225 00:00,5210000,5350000,5208900,5288000,16967238
20220228 00:00,5240000,5365000,5240000,5333600,9965701
20220301 00:00,5392000,5480800,5300000,5361800,9749032
20220302 00:00,5310000,5317900,5088800,5138400,13412932
20220303 00:00,5172000,5188000,5069700,5129900,8698927
20220304 00:00,5050000,5090000,4880000,4917900,16283350
20220307 00:00,4750000,4850000,4540100,4548900,24599264
20220308 00:00,4639800,4664600,4430100,4554500,22754060
20220309 00:00,4560000,4740000,4480000,4734700,23457419
20220310 00:00,4900000,5055500,4853100,4908100,23961693
20220311 00:00,4808300,4950000,4741000,4935500,17102172
20220314 00:00,4830000,4872300,4630000,4630000,16291014
20220315 00:00,4610000,4812900,4506000,4632000,21268688
20220316 00:00,4762000,5034700,4684900,5031000,28223653
20220317 00:00,5175000,5350000,5151000,5245000,27630079
20220318 00:00,5190000,5244700,5040000,5105000,16391807
20220321 00:00,5200000,5342000,5176000,5200000,13634076
20220322 00:00,5200000,5200000,5070000,5130000,10228257
20220323 00:00,5200000,5229800,5099000,5152900,8410966
20220324 00:00,5099500,5176800,4983800,5140000,8480580
20220325 00:00,5119200,5181800,5020000,5020700,9283639
20220328 00:00,5088800,5088800,4780800,4870000,14946512
20220329 00:00,4870000,5000000,4820000,4869000,11235947
20220330 00:00,4920000,5190000,4920000,5190000,16216979
20220331 00:00,5151500,5180000,5031500,5123000,9623922
20220401 00:00,5080000,5245000,5051300,5189000,9518241
20220406 00:00,5165200,5180000,5030000,5081700,8542810
20220407 00:00,5005500,5050000,4870500,4952200,11958082
20220408 00:00,4927000,5048700,4890000,4950000,9357130
20220411 00:00,4752700,4780000,4521000,4590000,20738205
20220412 00:00,4607700,4727800,4605000,4720000,12498201
20220413 00:00,4658900,4818000,4620000,4660000,9523122
20220414 00:00,4750000,4760000,4540000,4598000,13752370
20220415 00:00,4511400,4569900,4327700,4508600,19989104
20220418 00:00,4420000,4519800,4353000,4510000,11957617
20220419 00:00,4504600,4595800,4384500,4402600,14382133
20220420 00:00,4390100,4430000,4057800,4070000,31199615
20220421 00:00,4118800,4175000,3989000,4091100,21116568
20220422 00:00,4080000,4231800,4050000,4153400,20136651
20220425 00:00,3978000,4061000,3900000,3901000,21316508
20220426 00:00,3861100,3920000,3770000,3770000,18510510
20220427 00:00,3670000,4087600,3667400,4070500,31612406
20220428 00:00,3999800,4025000,3820000,3875000,25917727
20220429 00:00,3940000,4099800,3750200,4093500,33647657
20220505 00:00,3650000,3852800,3530000,3760000,60277207
20220506 00:00,3620000,3867300,3618200,3759900,24080095
20220509 00:00,3740000,3769600,3637100,3685000,16668032
20220510 00:00,3593000,3850000,3571400,3791700,24437791
20220511 00:00,3799700,4187800,3795000,4097500,31753974
20220512 00:00,4044000,4092000,3978800,4035100,13420805
20220513 00:00,4070000,4184500,4005100,4148000,14854635
20220516 00:00,4169900,4278000,4070100,4070100,14387809
20220517 00:00,4099800,4245800,4082500,4225600,13889853
20220518 00:00,4244400,4260000,4144400,4190000,10712014
20220519 00:00,4144500,4219000,4086600,4190000,12632956
20220520 00:00,4280000,4320000,4175000,4269000,15826754
20220523 00:00,4269000,4269000,4100000,4167000,13791772
20220524 00:00,4136600,4136700,4018300,4020400,15012680
20220525 00:00,4045000,4060600,3945000,3989800,13934882
20220526 00:00,3984900,4018300,3888800,3900100,14059810
20220527 00:00,3960000,4091400,3921300,3944000,18780191
20220530 00:00,4022900,4072000,3988000,4018000,12529544
20220531 00:00,3999000,4119900,3935000,4080000,17799522
20220601 00:00,4101000,4310000,4060000,4250300,19178459
20220602 00:00,4227800,4437800,4210100,4368000,17447774
20220606 00:00,4370000,4690100,4370000,4659900,19037806
20220607 00:00,4651900,4669900,4508000,4590000,12759509
20220608 00:00,4560000,4600000,4259900,4600000,40541428
20220609 00:00,4450100,4480000,4305000,4313500,20255738
20220610 00:00,4279700,4558000,4279700,4540000,24766336
20220613 00:00,4440100,4541800,4382600,4430300,18621582
20220614 00:00,4382200,4426000,4287000,4418200,17481068
20220615 00:00,4520000,4780000,4461100,4656600,37861947
20220616 00:00,4660000,4741100,4545100,4603000,24020226
20220617 00:00,4523000,4906800,4512200,4860600,28293869
20220620 00:00,4938300,5161100,4938300,5065200,25114285
20220621 00:00,5040000,5128800,4961100,5078500,14566608
20220622 00:00,5140000,5222500,5069000,5070000,14663173
20220623 00:00,5150000,5369700,5118800,5369700,17713862
20220624 00:00,5480000,5635000,5297900,5635000,19301235
20220627 00:00,5639900,5649700,5449900,5490000,16623983
20220628 00:00,5450000,5493600,5251000,5440000,18643267
20220629 00:00,5329900,5425000,5259900,5325400,14582986
20220630 00:00,5325200,5398000,5266700,5340000,13076119
20220701 00:00,5329800,5360000,5177000,5226400,12292780
20220704 00:00,5100100,5256700,5100000,5220000,12193209
20220705 00:00,5245000,5361700,5126800,5238700,15459404
20220706 00:00,5271100,5334800,5145800,5220000,13081352
20220707 00:00,5318500,5545500,5310000,5500000,24601436
20220708 00:00,5550000,5649700,5352300,5410000,16577009
20220711 00:00,5342400,5355000,5163000,5185000,13807042
20220712 00:00,5190000,5253000,4996200,5036900,15130247
20220713 00:00,5083000,5432300,5017700,5390000,24564472
20220714 00:00,5355000,5620000,5302500,5560100,19955644
20220715 00:00,5495000,5634500,5330000,5330000,15862819
20220718 00:00,5420000,5520500,5303500,5516600,14371055
20220719 00:00,5505600,5505600,5240000,5246100,16308711
20220720 00:00,5299800,5351400,5228600,5260000,7835906
20220721 00:00,5230000,5380500,5182200,5210000,8807088
20220722 00:00,5377200,5439900,5260400,5320000,14281747
20220725 00:00,5320000,5339500,5190000,5217500,8648858
20220726 00:00,5217800,5280000,5152500,5220000,7969269
20220727 00:00,5215000,5221000,5112000,5152000,9335528
20220728 00:00,5185000,5267000,5130200,5156000,9267516
20220729 00:00,5239500,5240000,5031100,5086000,11912482
20220801 00:00,5078700,5358000,5046000,5349200,16299226
20220802 00:00,5222800,5324400,5194500,5238700,12143004
20220803 00:00,5240000,5338800,4988000,5040000,17025569
20220804 00:00,5070000,5090900,4951000,5009000,11365073
20220805 00:00,5000000,5139000,4950000,5056500,12183074
20220808 00:00,4960000,5061800,4890000,5015000,8964693
20220809 00:00,5010000,5186000,4975000,5115600,11307870
20220810 00:00,5101000,5128000,5000000,5039800,8049083
20220811 00:00,5041400,5130200,4940000,5100000,9800710
20220812 00:00,5102000,5120000,4979200,5020000,7383805
20220815 00:00,5048900,5230000,5028800,5161000,13757541
20220816 00:00,5199000,5380000,5181800,5238000,16097367
20220817 00:00,5274800,5499700,5239800,5470000,18350657
20220818 00:00,5470000,5600000,5424500,5448000,14280044
20220819 00:00,5490000,5496900,5300200,5320000,10769608
20220822 00:00,5340000,5556600,5272000,5515300,14305361
20220823 00:00,5499800,5646600,5454500,5568900,13156177
20220824 00:00,5730300,5750000,5220000,5240000,30068394
20220825 00:00,5250000,5265300,5050900,5140000,18017523
20220826 00:00,5130000,5189800,5030000,5067800,12216984
20220829 00:00,5029900,5067800,4963200,5020000,11260993
20220830 00:00,5020000,5020000,4858000,4915000,15616079
20220831 00:00,4816900,4898000,4745200,4830000,17450158
20220901 00:00,4800000,4850000,4666600,4675400,15476559
20220902 00:00,4748800,4760000,4617800,4662600,11560877
20220905 00:00,4620100,4720000,4590100,4683600,9110009
20220906 00:00,4680000,4683600,4438800,4552000,27524567
20220907 00:00,4514900,4764900,4500000,4739200,21677712
20220908 00:00,4683500,4710000,4485000,4495000,21552631
20220909 00:00,4526000,4544300,4465000,4522200,12246752
20220913 00:00,4590000,4602000,4468500,4569100,10202890
20220914 00:00,4500000,4530000,4282800,4343000,25893786
20220915 00:00,4343000,4350000,4112000,4143500,25383594
20220916 00:00,4143000,4183000,4090000,4100000,14963208
20220919 00:00,4096300,4216000,4090400,4136700,13964359
20220920 00:00,4180000,4300000,4150000,4210100,16569030
20220921 00:00,4170000,4234600,4133700,4203000,8809861
20220922 00:00,4153000,4200000,4060000,4149900,9642094
20220923 00:00,4159600,4248000,4100500,4173400,12018488
20220926 00:00,4130400,4350000,4130400,4286600,18835151
20220927 00:00,4338900,4353300,4230100,4295000,11561928
20220928 00:00,4270000,4288300,4127900,4167900,10697441
20220929 00:00,4242200,4255000,4150800,4190000,8894778
20220930 00:00,4192800,4202000,4005000,4008900,11814011
20221010 00:00,4020000,4045000,3912300,3928600,11465353
20221011 00:00,4040000,4163000,4028900,4163000,18444138
20221012 00:00,4160000,4382800,4134900,4378300,18514747
20221013 00:00,4340000,4382800,4290100,4320000,10443411
20221014 00:00,4380000,4423400,4285800,4369100,13565344
20221017 00:00,4330000,4330000,4207500,4293500,10537258
20221018 00:00,4330300,4388800,4284400,4295400,9101920
20221019 00:00,4300200,4420000,4296800,4313400,12333044
20221020 00:00,4202800,4236700,4040000,4150000,17120183
20221021 00:00,4080000,4169600,4072000,4130000,8259882
20221024 00:00,4066200,4140000,3990100,4040200,14532727
20221025 00:00,4030000,4080700,3919800,4017000,14039050
20221026 00:00,4050000,4085600,3980800,4010600,14072386
20221027 00:00,3980000,4020700,3900000,3903000,15281736
20221028 00:00,3853000,3875000,3650000,3655000,24071225
20221031 00:00,3600000,3802200,3565800,3728800,16554600
20221101 00:00,3765000,3888800,3681200,3862000,19916486
20221102 00:00,3850000,3963900,3800100,3915000,14266969
20221103 00:00,3900000,3940000,3810300,3841200,14717451
20221104 00:00,3858000,4083100,3840000,4044000,20971141
20221107 00:00,4080000,4145400,4050000,4105000,14778112
20221108 00:00,4105000,4228000,4035000,4098000,12080878
20221109 00:00,4060000,4075800,3950000,3970600,10941091
20221110 00:00,3930000,3940000,3840000,3853000,12924178
20221111 00:00,4010000,4056900,3942200,4024800,19481969
20221114 00:00,4041000,4080000,3855500,3871800,18481701
20221115 00:00,3881600,3974800,3780000,3961800,17273987
20221116 00:00,3930100,3941800,3832800,3840700,13603663
20221117 00:00,3816200,3819900,3700100,3751200,14217164
20221118 00:00,3780000,3870000,3710000,3807900,16407334
20221121 00:00,3751200,3858500,3743000,3824000,8038709
20221122 00:00,3800000,3828700,3730000,3750000,9836241
20221123 00:00,3750000,3828900,3735000,3795200,8829427
20221124 00:00,3831200,3832200,3750100,3766200,8546530
20221125 00:00,3730600,3750000,3710000,3722000,6138945
20221128 00:00,3650000,3723100,3600200,3703100,11114051
20221129 00:00,3720100,3814000,3675000,3779000,11717222
20221130 00:00,3790000,3850000,3721700,3850000,14041956
20221201 00:00,3971500,4021500,3949200,3952500,20937498
20221202 00:00,3970000,3992900,3918000,3918800,8292566
20221205 00:00,3918800,3968700,3880000,3923100,12098474
20221206 00:00,3891200,4040400,3890000,4000200,13661164
20221207 00:00,4000000,4216800,3990000,4183100,24410839
20221208 00:00,4183200,4250000,4140100,4204700,10433749
20221209 00:00,4215800,4257000,4205000,4246000,9353940
20221212 00:00,4211000,4235300,4141400,4143500,8789953
20221213 00:00,4150000,4159000,4020500,4054100,11270707
20221214 00:00,4100000,4119500,3992800,4023000,9197282
20221215 00:00,4021100,4241700,4010000,4238000,17298775
20221216 00:00,4185100,4228000,4138800,4180100,8942249
20221219 00:00,4190000,4301000,4180600,4204000,10105860
20221220 00:00,4200000,4206000,4090000,4095200,8120795
20221221 00:00,4100000,4124700,4045100,4068200,5403052
20221222 00:00,4109900,4109900,4000000,4020000,7390460
20221223 00:00,3969000,4028300,3941000,3984800,7385760
20221226 00:00,3984800,4072500,3911000,4039200,11512345
20221227 00:00,4022300,4059900,3966600,4035700,8139710
20221228 00:00,3980600,3983000,3802800,3940000,18529322
20221229 00:00,3910000,3978000,3904000,3939600,9897472
20221230 00:00,3985000,4020000,3930000,3934200,7405249
20230103 00:00,3920000,3925700,3817200,3896400,10482036
20230104 00:00,3865000,3870000,3820500,3840100,19602262
20230105 00:00,3880000,4101700,3850100,4075100,26043260
20230106 00:00,4060000,4249800,4040600,4166600,18392495
20230109 00:00,4228800,4228800,4140000,4166000,12840302
20230110 00:00,4176600,4350000,4133000,4320000,18260652
20230111 00:00,4305000,4360000,4240000,4278600,12241806
20230112 00:00,4320000,4387800,4296800,4335000,11136798
20230113 00:00,4440000,4525200,4300000,4395000,20757496
20230116 00:00,4385000,4495000,4351100,4466300,16809099
20230117 00:00,4469300,4518700,4436100,4456100,9895801
20230118 00:00,4485100,4508800,4431100,4485000,7344325
20230119 00:00,4453300,4515000,4421900,4467700,7309990
20230120 00:00,4467700,4522000,4442600,4520000,10765650
20230130 00:00,4793700,4905600,4674700,4706500,21174307
20230131 00:00,4698800,4775000,4624400,4652000,13954034
20230201 00:00,4709900,4793600,4704800,4768000,11502167
20230202 00:00,4788700,4797000,4648800,4661000,13455712
20230203 00:00,4640000,4662000,4513800,4562000,12020001
20230206 00:00,4520000,4535200,4410900,4506000,10752918
20230207 00:00,4504900,4538000,4446600,4481000,7211237
20230208 00:00,4496000,4534500,4450000,4472100,7329853
20230209 00:00,4472100,4559900,4415000,4529900,8031440
20230210 00:00,4530000,4556800,4450100,4459500,8397790
20230213 00:00,4509800,4615700,4470100,4600000,13418543
20230214 00:00,4690000,4693000,4457900,4510500,12812190
20230215 00:00,4531000,4570000,4480000,4486000,7773387
20230216 00:00,4519900,4545000,4380000,4432000,10091069
20230217 00:00,4420000,4420000,4200000,4201900,21469551
20230220 00:00,4160000,4218800,4063300,4204700,16829872
20230221 00:00,4174800,4224900,4120000,4150100,13184596
20230222 00:00,4090000,4141000,4066700,4094700,12363920
20230223 00:00,4100000,4151300,4074000,4132300,9537265
20230224 00:00,4110000,4118000,4040200,4054000,9989388
20230227 00:00,4027300,4054800,4001000,4011000,9220633
20230228 00:00,4039900,4083000,4015000,4039000,9323092
20230301 00:00,4031000,4141800,4030300,4117800,12602005
20230302 00:00,4095000,4110000,3962000,4008000,16145270
20230303 00:00,4023000,4057100,4000000,4023200,8203090
20230306 00:00,4021700,4088700,3920100,4084200,16626662
20230307 00:00,4040000,4089900,4018300,4022000,9918350
20230308 00:00,4000100,4029300,3951100,3977300,8129373
20230309 00:00,3962000,4012800,3882400,3970100,8136684
20230310 00:00,4016900,4099300,3959000,4057900,19142596
20230313 00:00,4030300,4066600,3900000,3920000,18833197
20230314 00:00,3908800,3910000,3780000,3872300,18484663
20230315 00:00,3930000,3957400,3836200,3880000,12968291
20230316 00:00,3840000,3899100,3835000,3851100,10113155
20230317 00:00,3890000,3899900,3755000,3759800,20144747
20230320 00:00,3745400,3846000,3680000,3799500,15836974
20230321 00:00,3822000,3941800,3787000,3937800,17292373
20230322 00:00,3987400,4086600,3970200,3992000,17687241
20230323 00:00,3980000,4019200,3944300,3983800,10028867
20230324 00:00,3984000,4022600,3900000,3935800,11765252
20230327 00:00,3911100,3986000,3844200,3965000,16115721
20230328 00:00,3940000,3961800,3902000,3926000,7590561
20230329 00:00,3952100,4042800,3930300,4001800,13754611
20230330 00:00,4009900,4020000,3973500,4001100,8681922
20230331 00:00,4045000,4149800,4045000,4060500,19607572
20230403 00:00,4061100,4068000,3960000,3987100,16763218
20230404 00:00,3999900,3999900,3818100,3880000,20089701
20230406 00:00,3840000,3895500,3801500,3880200,10581589
20230407 00:00,3861500,3940000,3843600,3905100,10058114
20230410 00:00,3938900,4021100,3880000,4020100,17237941
20230411 00:00,4000100,4098700,3980000,3999500,14366294
20230412 00:00,4000000,4000000,3920000,3920100,8736733
20230413 00:00,3900000,3913600,3850000,3882600,10046445
20230414 00:00,3879000,4023700,3875000,3972900,15923654
20230417 00:00,3963300,4100000,3958000,4078800,17663158
20230418 00:00,4078900,4180000,4072900,4090000,14060517
20230419 00:00,4145000,4148400,4060000,4103700,11622355
20230420 00:00,4103000,4103000,3960000,3960000,15843790
20230421 00:00,4045000,4149200,3990000,4049900,25275978
20230424 00:00,4051000,4060000,3928800,3968800,17377384
20230425 00:00,3980000,3980000,3800000,3859000,16898929
20230426 00:00,2130000,2279500,2100100,2245000,39707529
20230427 00:00,2240000,2324800,2223100,2310000,33969078
20230428 00:00,2340000,2373300,2268900,2308500,27104800
20230504 00:00,2310000,2325000,2245500,2255200,19409080
20230505 00:00,2250000,2300000,2237200,2270000,16740879
20230508 00:00,2300000,2337900,2260600,2308100,22753135
20230509 00:00,2303800,2303800,2240500,2258300,19653772
20230510 00:00,2258000,2342500,2212100,2325200,28956810
20230511 00:00,2325500,2429800,2312000,2404000,34747371
20230512 00:00,2419900,2445600,2379800,2379800,22309979
20230515 00:00,2410100,2440000,2351000,2382900,26706471
20230516 00:00,2384000,2409700,2367700,2390000,13973953
20230517 00:00,2390000,2416800,2360600,2400000,18246432
20230518 00:00,2413000,2413700,2310400,2324000,24123880
20230519 00:00,2317500,2341800,2300000,2300000,19472168
20230522 00:00,2290000,2325000,2270000,2303000,14679114
20230523 00:00,2308800,2317100,2251500,2254200,19613196
20230524 00:00,2248000,2285100,2237200,2252500,14785735
20230525 00:00,2248500,2276800,2224900,2240900,13753272
20230526 00:00,2242000,2245000,2175000,2200000,18211695
20230529 00:00,2222000,2222200,2156000,2170600,16537161
20230530 00:00,2170000,2249900,2160100,2249900,26467083
20230531 00:00,2250500,2268900,2201600,2211700,18869744
20230601 00:00,2226400,2280000,2215100,2229000,15941049
20230602 00:00,2249000,2299900,2240000,2284400,23181483
20230605 00:00,2259000,2259000,2163900,2198000,33595114
20230606 00:00,2180100,2223000,2169800,2192800,17242526
20230607 00:00,2163800,2165000,2044500,2073000,50093939
20230608 00:00,2127500,2133000,2070000,2080100,23857940
20230609 00:00,2085500,2131300,2085500,2120400,24261728
20230612 00:00,2119500,2140000,2089000,2119500,18131632
20230613 00:00,2110100,2139300,2106800,2131000,13243699
20230614 00:00,2171500,2176300,2130000,2134000,16362927
20230615 00:00,2149900,2308800,2148900,2308800,50495682
20230616 00:00,2320000,2341700,2283000,2311000,29639828
20230619 00:00,2329900,2329900,2260000,2278800,18707081
20230620 00:00,2278700,2313100,2257700,2280000,17960501
20230621 00:00,2288100,2305000,2249000,2249100,17118438
20230626 00:00,2199100,2269500,2196800,2251700,15910609
20230627 00:00,2239800,2263000,2211800,2234700,13420648
20230628 00:00,2222200,2265000,2220000,2245000,13558644
20230629 00:00,2235100,2269100,2225000,2225000,9930233
20230630 00:00,2239900,2299900,2203500,2287900,21551522
20230703 00:00,2319500,2339500,2285500,2298800,15554352
20230704 00:00,2285000,2300500,2276800,2292500,10155673
20230705 00:00,2292600,2304100,2255000,2275100,8636414
20230706 00:00,2270000,2284800,2239700,2248500,10283568
20230707 00:00,2248000,2248500,2216000,2222500,9808377
20230710 00:00,2230000,2300000,2230000,2288000,16093831
20230711 00:00,2296500,2299900,2265800,2290900,9158787
20230712 00:00,2285000,2294000,2265000,2269900,8693260
20230713 00:00,2282100,2350000,2282100,2300000,22257672
20230714 00:00,2301500,2309300,2265500,2282800,13004091
20230717 00:00,2270100,2280000,2236000,2256500,10452522
20230718 00:00,2278000,2278800,2245000,2255000,8575776
20230719 00:00,2240000,2249500,2185800,2195000,17600182
20230720 00:00,2190000,2266900,2190000,2210500,14441648
20230721 00:00,2208500,2229800,2197600,2215900,8393526
20230724 00:00,2171500,2208800,2141400,2189800,13719339
20230725 00:00,2249000,2276400,2210200,2263500,19286245
20230726 00:00,2251200,2270000,2236600,2266600,15456786
20230727 00:00,2310000,2328800,2268800,2269800,20859235
20230728 00:00,2269800,2310000,2250500,2300500,18803095
20230731 00:00,2340000,2395000,2331000,2377500,29902754
20230801 00:00,2374000,2391000,2345000,2355000,15615168
20230802 00:00,2370000,2394900,2355000,2365000,14147185
20230803 00:00,2360000,2399700,2355300,2391400,16180526
20230804 00:00,2450000,2499600,2411100,2455100,31569675
20230807 00:00,2445000,2469400,2433100,2464900,14927749
20230808 00:00,2459800,2493300,2448800,2471400,15066676
20230809 00:00,2455000,2476800,2431400,2470000,11684661
20230810 00:00,2479000,2513300,2441200,2465000,14040964
20230811 00:00,2489500,2489500,2415000,2415000,17204064
20230814 00:00,2392000,2399800,2302100,2329000,25693218
20230815 00:00,2328800,2346000,2294000,2313000,14610073
20230816 00:00,2315200,2343800,2301100,2326000,14009045
20230817 00:00,2349900,2365000,2288800,2352500,20442773
20230818 00:00,2352900,2391200,2344200,2358700,16769998
20230821 00:00,2339900,2358700,2322000,2329600,10780439
20230822 00:00,2348000,2351800,2275100,2307500,15188941
20230823 00:00,2307000,2319000,2270000,2275000,11874911
20230824 00:00,2288800,2315400,2265000,2289500,14157716
20230825 00:00,2279300,2299700,2258100,2283400,11185129
20230828 00:00,2415000,2439600,2295000,2305000,22311515
20230829 00:00,2312000,2430000,2309200,2385000,29174995
20230830 00:00,2394000,2420000,2375000,2375000,14591637
20230831 00:00,2371000,2385000,2361300,2365500,9671527
20230901 00:00,2366000,2395100,2346000,2364000,9101132
20230904 00:00,2382100,2387600,2334000,2376500,14052387
20230905 00:00,2370000,2395000,2361600,2368200,11581665
20230906 00:00,2360500,2371700,2328000,2344200,12474783
20230907 00:00,2330000,2337500,2265100,2265100,19266090
20230908 00:00,2250000,2272000,2205000,2229400,16499443
20230911 00:00,2229000,2235500,2196800,2215300,17060897
20230912 00:00,2220000,2224100,2175400,2179300,18231209
20230913 00:00,2170000,2191500,2150300,2166000,15135693
20230914 00:00,2136800,2163000,2130300,2149300,18294104
20230915 00:00,2120000,2140000,2066000,2077600,33679992
20230918 00:00,2060000,2146900,2060000,2130600,26593485
20230919 00:00,2130600,2134800,2106000,2123200,15024395
20230920 00:00,2130000,2133300,2086800,2099000,13087485
20230921 00:00,2100100,2109500,2066700,2067300,16214929
20230922 00:00,2055000,2114500,2055000,2109300,22509065
20230925 00:00,2130200,2136200,2087100,2092800,13605355
20230926 00:00,2066700,2073500,2035000,2045000,20253782
20230927 00:00,2063000,2084900,2024500,2036600,21848959
20230928 00:00,2040000,2065000,2025800,2030300,15809524
20231009 00:00,2010000,2012800,1930000,1955000,33742826
20231010 00:00,1978800,1980000,1947200,1947200,19865460
20231011 00:00,1978700,1986000,1941000,1947700,20248245
20231012 00:00,1950100,1978000,1940000,1959400,24205912
20231013 00:00,1938500,1948300,1896000,1906000,28422238
20231016 00:00,1903400,1905300,1839100,1847600,24683649
20231017 00:00,1855100,1893000,1845700,1854400,21558300
20231018 00:00,1851000,1882500,1836000,1863000,17651925
20231019 00:00,1844100,1856800,1822800,1827000,17454160
20231020 00:00,1790000,1876900,1790000,1810000,30026893
20231023 00:00,1803000,1803000,1758000,1772600,20223321
20231024 00:00,1780000,1792000,1753000,1764200,24379459
20231025 00:00,1782000,1795000,1756800,1759800,21534181
20231026 00:00,1740000,1783000,1688100,1780700,41420567
20231027 00:00,1778500,1858800,1760200,1847200,47795283
20231030 00:00,1870000,1898800,1848000,1880200,32259492
20231031 00:00,1866800,1872200,1846000,1856000,18152535
20231101 00:00,1857900,1903000,1845000,1875400,19727265
20231102 00:00,1885000,1898800,1855700,1855700,13762677
20231103 00:00,1860000,1886800,1846000,1874400,14365450
20231106 00:00,1885700,1971000,1884500,1970800,34968430
20231107 00:00,1959900,1961100,1901200,1912400,26080293
20231108 00:00,1901800,1929400,1900000,1918400,14652166
20231109 00:00,1906300,1925800,1905300,1914500,10997097
20231110 00:00,1890000,1899700,1880500,1890300,11609956
20231113 00:00,1920000,1922000,1870200,1878500,12519595
20231114 00:00,1878500,1888000,1830000,1836800,23488284
20231115 00:00,1868900,1885900,1835800,1844800,23807191
20231116 00:00,1854800,1854900,1801000,1811500,17466200
20231117 00:00,1798500,1812500,1794900,1807300,11084035
20231120 00:00,1807400,1818000,1790100,1803000,12408719
20231121 00:00,1820000,1840000,1800100,1806100,19766221
20231122 00:00,1795500,1813000,1770000,1770000,18688569
20231123 00:00,1760100,1777000,1748900,1777000,15720253
20231124 00:00,1770300,1782000,1745000,1750000,16621248
20231127 00:00,1742900,1745000,1706000,1707000,18422007
20231128 00:00,1700300,1719700,1688700,1719200,20210730
20231129 00:00,1710000,1713800,1663700,1668500,25188527
20231130 00:00,1652200,1686600,1644900,1670000,23027161
20231201 00:00,1672900,1677000,1644300,1655000,16962209
20231204 00:00,1635000,1644400,1612400,1616500,23930401
20231205 00:00,1601500,1623700,1586500,1588100,24807739
20231206 00:00,1586500,1668600,1582200,1628800,36769276
20231207 00:00,1620000,1663600,1616000,1644900,26908427
20231208 00:00,1650000,1663300,1631200,1635900,24502047
20231211 00:00,1620100,1656900,1601600,1653500,21489569
20231212 00:00,1640000,1652200,1629800,1636300,14733877
20231213 00:00,1625500,1635900,1587100,1593500,25259399
20231214 00:00,1608800,1614900,1564400,1566300,22751400
20231215 00:00,1572000,1586800,1546000,1550000,20204635
20231218 00:00,1531100,1536900,1462800,1469700,42912920
20231219 00:00,1463100,1499800,1462700,1490000,25185181
20231220 00:00,1492000,1512000,1483200,1484500,21249368
20231221 00:00,1475700,1553300,1475700,1543900,42131501
20231222 00:00,1535000,1584100,1522000,1562900,28032127
20231225 00:00,1555000,1578800,1548000,1575400,13005608
20231226 00:00,1569700,1575000,1547400,1561300,12767252
20231227 00:00,1575300,1580000,1538700,1543300,17356460
20231228 00:00,1542200,1631600,1535700,1629900,37850179
20231229 00:00,1639800,1650000,1620000,1632600,22683782
20240102 00:00,1622200,1625300,1566200,1568300,21403268
20240103 00:00,1561000,1572800,1544000,1558000,19757581
20240104 00:00,1555000,1557200,1497700,1512000,27241762
20240105 00:00,1509900,1547300,1494900,1509000,21035318
20240108 00:00,1502000,1533900,1490800,1500000,19385405
20240109 00:00,1499600,1513700,1457500,1487000,23391625
20240110 00:00,1469400,1531100,1465500,1506600,23211960
20240111 00:00,1506600,1577700,1485100,1548200,32801802
20240112 00:00,1540000,1573300,1522000,1546300,25462228
20240115 00:00,1535000,1537000,1493500,1517000,17272193
20240116 00:00,1516600,1572500,1505600,1569500,28469270
20240117 00:00,1568600,1568600,1517500,1522400,21761525
20240118 00:00,1501000,1552000,1500100,1546100,30778779
20240119 00:00,1538000,1578900,1534000,1549000,26594908
20240122 00:00,1535000,1599500,1506500,1556600,40488810
20240123 00:00,1550000,1588000,1531900,1539100,32305895
20240124 00:00,1545000,1549900,1495100,1534800,24870983
20240125 00:00,1520000,1551000,1497100,1550000,29479609
20240126 00:00,1525000,1544800,1500000,1500000,27181270
20240129 00:00,1494400,1507800,1470200,1470200,21767500
20240130 00:00,1455000,1474400,1404000,1407500,32727425
20240131 00:00,1450000,1529600,1440000,1515900,59522108
20240201 00:00,1515800,1525200,1485800,1490200,27968844
20240202 00:00,1480000,1490000,1433700,1460000,30706037
20240205 00:00,1426100,1545000,1423000,1519400,47132613
20240206 00:00,1511900,1592600,1508200,1583300,43745926
20240207 00:00,1580000,1597900,1560000,1596000,36607040
20240208 00:00,1595000,1650000,1588800,1628400,30901156
20240219 00:00,1649600,1649600,1590900,1600900,27092476
20240220 00:00,1618800,1618800,1560700,1583300,22194791
20240221 00:00,1573800,1633000,1563400,1612000,25782663
20240222 00:00,1613300,1613300,1588800,1603500,20955947
20240223 00:00,1619700,1620000,1590600,1605000,21017639
20240226 00:00,1592300,1599900,1547000,1560000,36066425
20240227 00:00,1550800,1578500,1545400,1578300,29040075
20240228 00:00,1581800,1633000,1570100,1570100,40091711
20240229 00:00,1561000,1637700,1556600,1635100,39167504
20240301 00:00,1635300,1655600,1624000,1645500,28101336
20240304 00:00,1650000,1678600,1627700,1639000,26808577
20240305 00:00,1621000,1652000,1600000,1646500,27549599
20240306 00:00,1625800,1669000,1617000,1636400,18718009
20240307 00:00,1630000,1641700,1594800,1601500,22145021
20240308 00:00,1591300,1608000,1566500,1580000,20217023
20240311 00:00,1650000,1816500,1641000,1808500,76335047
20240312 00:00,1833400,1864300,1800000,1858400,62164900
20240313 00:00,1870000,1876900,1833000,1851800,34795798
20240314 00:00,1848900,1879600,1829600,1838100,30535646
20240315 00:00,1836300,1839000,1768500,1810000,35483644
20240318 00:00,1900400,1937600,1889500,1909600,48305173
20240319 00:00,1904900,1923000,1866000,1872500,26957576
20240320 00:00,1855100,1912400,1855100,1894800,21031584
20240321 00:00,1895100,1918800,1890800,1890800,18756720
20240322 00:00,1890900,1899100,1849900,1865100,19103367
20240325 00:00,1855700,1882000,1844800,1848000,16413365
20240326 00:00,1857000,1931300,1856900,1918000,30247308
20240327 00:00,1917400,1917500,1880000,1880000,20645704
20240328 00:00,1880700,1917000,1866000,1887800,20036725
20240329 00:00,1903000,1950000,1893800,1901600,16464806
20240401 00:00,1940000,1998300,1934000,1978400,27513187
20240402 00:00,1981000,2015700,1965000,1997000,24038110
20240403 00:00,1989400,1989500,1946000,1976500,23489041
20240408 00:00,1976500,1999000,1946000,1946000,18957556
20240409 00:00,1940000,1965000,1937100,1960000,14570001
20240410 00:00,1941100,1950000,1915300,1927400,17961495
20240411 00:00,1908100,1943000,1870000,1926000,19295444
20240412 00:00,1910000,1919800,1880100,1883900,16625645
20240415 00:00,1938500,1971400,1918600,1971400,30548250
20240416 00:00,1990000,1993000,1949200,1971500,27623120
20240417 00:00,1953500,1969300,1930200,1959900,21619164
20240418 00:00,1939700,1974500,1913900,1955600,19539576
20240419 00:00,1930600,1944600,1895100,1908000,18491472
20240422 00:00,1928000,1948900,1905700,1906000,15098743
20240423 00:00,1911300,1925000,1878800,1899300,11113796
20240424 00:00,1920000,1924000,1864000,1896000,15154279
20240425 00:00,1885700,1943500,1878900,1932000,16418323
20240426 00:00,1920100,1988800,1920100,1984800,22488071
20240429 00:00,2005700,2135000,2000000,2096300,43863035
20240430 00:00,2057600,2057600,2020000,2026000,21433024
20240506 00:00,2110000,2117000,2060300,2069800,27099899
20240507 00:00,2061800,2078800,2051500,2068800,13179902
20240508 00:00,2070000,2078000,2031100,2032300,12432997
20240509 00:00,2062700,2105100,2062000,2094000,21921628
20240510 00:00,2094000,2094000,2030000,2035000,22801132
20240513 00:00,1963000,2017700,1955100,1993500,22196723
20240514 00:00,2006000,2012000,1981200,1990100,10694712
20240515 00:00,1990100,2033300,1975000,1978900,13074116
20240516 00:00,1988000,2016400,1969800,1996700,15378204
20240517 00:00,1997000,2030000,1985800,2030000,18496201
20240520 00:00,2072000,2078800,2030100,2034500,19917171
20240521 00:00,2036700,2045800,2005600,2015600,12296358
20240522 00:00,2025000,2070000,2016000,2048900,25236561
20240523 00:00,2042000,2056500,2031300,2043400,17654820
20240524 00:00,2028000,2048600,2007900,2009800,15510693
20240527 00:00,2018000,2018000,1985000,2000100,16361785
20240528 00:00,1994600,2005800,1976000,1978000,12689994
20240529 00:00,1980100,2025000,1978000,1987900,13338755
20240530 00:00,1990500,2008800,1976600,1993500,12784004
20240531 00:00,1993500,2022500,1977600,1977600,13808627
20240603 00:00,1977600,2036000,1958000,2025000,18718068
20240604 00:00,2019900,2072400,2010000,2059700,17714939
20240605 00:00,2057000,2078500,2040100,2041200,11777390
20240606 00:00,2039800,2068800,2022000,2047900,12412570
20240607 00:00,1988600,2024500,1875900,1932000,51686760
20240611 00:00,1890000,1920000,1846100,1887700,42072363
20240612 00:00,1860000,1897600,1854800,1856000,20310392
20240613 00:00,1870000,1900100,1851200,1851800,22117637
20240614 00:00,1861000,1865800,1785800,1848900,37184949
20240617 00:00,1825500,1905000,1823100,1882000,26929318
20240618 00:00,1881500,1904700,1870200,1903300,15652909
20240619 00:00,1906000,1907000,1876800,1890100,10753975
20240620 00:00,1899900,1901100,1871000,1879900,11562370
20240621 00:00,1883100,1889600,1823700,1851600,18467717
20240624 00:00,1830000,1879900,1830000,1869800,18035490
20240625 00:00,1870000,1892000,1856000,1863200,14414412
20240626 00:00,1851200,1866300,1832000,1855100,10481398
20240627 00:00,1855100,1858800,1830100,1850000,12653577
20240628 00:00,1838000,1854800,1798400,1800300,19420506
20240701 00:00,1791900,1792800,1711700,1760700,26995744
20240702 00:00,1738500,1769600,1721100,1760800,14415586
20240703 00:00,1770000,1825000,1763100,1795000,16205321
20240704 00:00,1803900,1829900,1792000,1796000,11834646
20240705 00:00,1810000,1824900,1765000,1776200,13524707
20240708 00:00,1760100,1783700,1750100,1759100,10806397
20240709 00:00,1753000,1773000,1730900,1757700,16443915
20240710 00:00,1750100,1800900,1730500,1730500,17772919
20240711 00:00,1750000,1789800,1734900,1770100,20811148
20240712 00:00,1778500,1817700,1770000,1798000,19550460
20240715 00:00,1783000,1799500,1771100,1781200,11469696
20240716 00:00,1775000,1805000,1773000,1793000,15148737
20240717 00:00,1780000,1826600,1759400,1808900,18590141
20240718 00:00,1800000,1891000,1796800,1883500,31994401
20240719 00:00,1863500,1900900,1862000,1894400,20847631
20240722 00:00,1911900,1941800,1874000,1895200,17168252
20240723 00:00,1890100,1897000,1862000,1862000,11903104
20240724 00:00,1860000,1890900,1853900,1863200,14468136
20240725 00:00,1861200,1907300,1850600,1877300,20595888
20240726 00:00,1900000,1933000,1880500,1893500,23347718
20240729 00:00,1870000,1870000,1800000,1845300,21362366
20240730 00:00,1832200,1853300,1832200,1848900,12725163
20240731 00:00,1820000,1868800,1820000,1863100,19896940
20240801 00:00,1850000,1860000,1801000,1803000,23012659
20240802 00:00,1790000,1800000,1767400,1770900,15493685
20240805 00:00,1750100,1801900,1750000,1770000,19347659
20240806 00:00,1784100,1793900,1737100,1749500,15768703
20240807 00:00,1749500,1762300,1736700,1736700,12753959
20240808 00:00,1730100,1736000,1701200,1724000,14658996
20240809 00:00,1736000,1748700,1700000,1700000,15412989
20240812 00:00,1705700,1711200,1668000,1690000,17415581
20240813 00:00,1688900,1749600,1683800,1737800,19389256
20240814 00:00,1729900,1744500,1717200,1722100,9966285
20240815 00:00,1720000,1746000,1712900,1734000,14481202
20240816 00:00,1734000,1760000,1728800,1736200,11150641
20240819 00:00,1733500,1779400,1731500,1756000,14035843
20240820 00:00,1750000,1760000,1736600,1748700,8436955
20240821 00:00,1740000,1754100,1720000,1740100,11147405
20240822 00:00,1749800,1799700,1743000,1788000,19901136
20240823 00:00,1770000,1825200,1770000,1818000,18415176
20240826 00:00,1819000,1845600,1810000,1839200,14838749
20240827 00:00,1825200,1844900,1815000,1835000,9976992
20240828 00:00,1828000,1836900,1812800,1828200,10639015
20240829 00:00,1791700,1829900,1791700,1808000,15670242
20240830 00:00,1808000,1859600,1808000,1843400,25429171
20240902 00:00,1844400,1855900,1810000,1811900,12985176
20240903 00:00,1803000,1867000,1800200,1856500,18196886
20240904 00:00,1853200,1890000,1848500,1871500,16564524
20240905 00:00,1871500,1895500,1858000,1868000,12318215
20240906 00:00,1861200,1885000,1854000,1859500,7525486
20240909 00:00,1851100,1886600,1834700,1851500,13475355
20240910 00:00,1855000,1855000,1810500,1811600,15424413
20240911 00:00,1824000,1877800,1811600,1865600,21197083
20240912 00:00,1880000,1921600,1867100,1893500,20709986
20240913 00:00,1888800,1888800,1835000,1835000,17287288
20240918 00:00,1836000,1874300,1832900,1864000,11377895
20240919 00:00,1870000,1882200,1836000,1869000,15769409
20240920 00:00,1869000,1879000,1836800,1856000,15502703
20240923 00:00,1866600,1894300,1855000,1882000,15792549
20240924 00:00,1919600,1981700,1888900,1975200,35451735
20240925 00:00,2073900,2074000,2025900,2031000,42010119
20240926 00:00,2037000,2073300,1989300,2055100,35489346
20240927 00:00,2120000,2316800,2116700,2268100,70181326
20240930 00:00,2330200,2550000,2320000,2518900,91361145
20241008 00:00,2960000,3015000,2676600,2990000,137646479
20241009 00:00,2799000,2799900,2550000,2550000,108691594
20241010 00:00,2550000,2659900,2501600,2580000,60833833
20241011 00:00,2555000,2555000,2379300,2417900,47640230
20241014 00:00,2499900,2528000,2449400,2497200,46759863
20241015 00:00,2498100,2508400,2411300,2412200,32765334
20241016 00:00,2388200,2388200,2333300,2338500,33585954
20241017 00:00,2340000,2388800,2308600,2315000,26164672
20241018 00:00,2300000,2588800,2296000,2498900,68013787
20241021 00:00,2590000,2625300,2517500,2533600,58455809
20241022 00:00,2540000,2545600,2472600,2505500,27876033
20241023 00:00,2478100,2549400,2468600,2493000,32154122
20241024 00:00,2497700,2515000,2450000,2461600,21465790
20241025 00:00,2523400,2650000,2463000,2588800,57898551
20241028 00:00,2561300,2586100,2530000,2562400,27601935
20241029 00:00,2562400,2577100,2512400,2517800,26994808
20241030 00:00,2500000,2523000,2445000,2480300,27134374
20241031 00:00,2469900,2505000,2440000,2459800,25500279
20241101 00:00,2465300,2498200,2451800,2462000,25915829
20241104 00:00,2440000,2543000,2440000,2512000,24247222
20241105 00:00,2505800,2628200,2491300,2613900,48482094
20241106 00:00,2589900,2695000,2535000,2565000,45239310
20241107 00:00,2580000,2628000,2538800,2628000,33571027
20241108 00:00,2696600,2720000,2571000,2575000,40294127
20241111 00:00,2523500,2689900,2510100,2675000,49153907
20241112 00:00,2782800,2852000,2709800,2730200,74403008
20241113 00:00,2690000,2882000,2667700,2820000,55773688
20241114 00:00,2830000,2849900,2746600,2750000,42657210
20241115 00:00,2695000,2750000,2655600,2655600,35198317
20241118 00:00,2655600,2709500,2610000,2629200,30650010
20241119 00:00,2620200,2720000,2580000,2687200,34812887
20241120 00:00,2669500,2699000,2646000,2675500,22708778
20241121 00:00,2656600,2714300,2636600,2682600,20550827
20241122 00:00,2679300,2690000,2588800,2591000,22555101
20241125 00:00,2630600,2665600,2611800,2641000,26239071
20241126 00:00,2615700,2639700,2556600,2567200,27360405
20241127 00:00,2547000,2609000,2514700,2599000,27400665
20241128 00:00,2592000,2595300,2535000,2547000,22355598
20241129 00:00,2512300,2679900,2512300,2612400,31366272
20241202 00:00,2586400,2635500,2572100,2621900,20647547
20241203 00:00,2610000,2629900,2590000,2618400,17310789
20241204 00:00,2600000,2620000,2575000,2589700,16181395
20241205 00:00,2579900,2589500,2550100,2560000,16021580
20241206 00:00,2560000,2699000,2550000,2665500,33038136
20241209 00:00,2669900,2696600,2644100,2680500,22456090
20241210 00:00,2812800,2815000,2693300,2705700,32904436
20241211 00:00,2739600,2795000,2665200,2671000,19400821
20241212 00:00,2659000,2753800,2652000,2737100,22329514
20241213 00:00,2698800,2720000,2660000,2670300,28316441
20241216 00:00,2662200,2695000,2640500,2672000,16257508
20241217 00:00,2670000,2780000,2665400,2738000,28214610
20241218 00:00,2743100,2747300,2703100,2714100,15085329
20241219 00:00,2692600,2723500,2666200,2697900,15346018
20241220 00:00,2697900,2708000,2603200,2627100,27740098
20241223 00:00,2627100,2688800,2627100,2635000,20639383
20241224 00:00,2630000,2682500,2630000,2682300,19615352
20241225 00:00,2689100,2709100,2662600,2679700,11413810
20241226 00:00,2672000,2672000,2610000,2612500,22443762
20241227 00:00,2605700,2634200,2550000,2620000,24351918
20241230 00:00,2608800,2675000,2605100,2665800,22631352
20241231 00:00,2650900,2705000,2650900,2660000,24933952
20250102 00:00,2662500,2663000,2570000,2587800,23354576
20250103 00:00,2587800,2630000,2572100,2576300,18523758
20250106 00:00,2580000,2600000,2530000,2567500,17289077
20250107 00:00,2430000,2520000,2410800,2494500,40103599
20250108 00:00,2459900,2483100,2433200,2453400,27185752
20250109 00:00,2413500,2502500,2411600,2473300,16932878
20250110 00:00,2465000,2499500,2446800,2460000,14729433
20250113 00:00,2435000,2500000,2420000,2469100,18092226
20250114 00:00,2477100,2570000,2452100,2562000,20246734
20250115 00:00,2562000,2564000,2496700,2508700,15062665
20250116 00:00,2520000,2546000,2482600,2499300,16188378
20250117 00:00,2485000,2535000,2480800,2515000,11106600
20250120 00:00,2565000,2676100,2563100,2655200,34283497
20250121 00:00,2685000,2687600,2632200,2641800,13893306
20250122 00:00,2620000,2649000,2542100,2580000,25040737
20250123 00:00,2598500,2625000,2569800,2575000,16553688
20250124 00:00,2560100,2647800,2560100,2606200,22439796
20250127 00:00,2606300,2629700,2570000,2570000,17102637
20250205 00:00,2600000,2620000,2510500,2521200,24048140
20250206 00:00,2510000,2534900,2492000,2531000,24896101
20250207 00:00,2570000,2625600,2516200,2612800,34441254
20250210 00:00,2612800,2614700,2551800,2584500,22926710
20250211 00:00,2604400,2605000,2510600,2518000,24791980
20250212 00:00,2500100,2560000,2470800,2553000,27382214
20250213 00:00,2559900,2639900,2551000,2613900,37534967
20250214 00:00,2615300,2730000,2615300,2697100,38780030
20250217 00:00,2749000,2749000,2660200,2694000,24182960
20250218 00:00,2729600,2755000,2690000,2707700,23845755
20250219 00:00,2685700,2760000,2685500,2735500,20445539
20250220 00:00,2728000,2728000,2670000,2702000,19589001
20250221 00:00,2685800,2768800,2677800,2755500,30951906
20250224 00:00,2730100,2747000,2681600,2715000,27753762
20250225 00:00,2674800,2740000,2645100,2694800,23209375
20250226 00:00,2714500,2728800,2671800,2686200,21173074
20250227 00:00,2702700,2717000,2676700,2700000,23185110
20250228 00:00,2696000,2713100,2636100,2643000,22265458
20250303 00:00,2650000,2793000,2622400,2735300,38736403
20250304 00:00,2700000,2710000,2627300,2630000,26836542
20250305 00:00,2630000,2638900,2585000,2609900,20869610
20250306 00:00,2622500,2655300,2610000,2643100,25027321
20250307 00:00,2629600,2635800,2586800,2607600,22287108
20250310 00:00,2618000,2618600,2536100,2565000,28675074
20250311 00:00,2530700,2555000,2530500,2552000,17135077
20250312 00:00,2560100,2566200,2514900,2545000,19914690
20250313 00:00,2540000,2592000,2530000,2532200,16885150
20250314 00:00,2530000,2648500,2526500,2620000,35108935
20250317 00:00,2631000,2654700,2557400,2560000,33515486
20250318 00:00,2580000,2607800,2555000,2570000,22576732
20250319 00:00,2572000,2669700,2567800,2653900,36954120
20250320 00:00,2653900,2665000,2610200,2621500,14424653
20250321 00:00,2626800,2645300,2556700,2560000,19432006
20250324 00:00,2577000,2589800,2562800,2581600,16730217
20250325 00:00,2577100,2600000,2552900,2594800,12785778
20250326 00:00,2594000,2627000,2567000,2569200,12904626
20250327 00:00,2561900,2628000,2542500,2588800,14179206
20250328 00:00,2561100,2588800,2558000,2568000,11242068
20250331 00:00,2560600,2579800,2521200,2529400,19463355
20250401 00:00,2529400,2545000,2485800,2490600,19416208
20250402 00:00,2502000,2524600,2475600,2491400,13732112
20250403 00:00,2450000,2477000,2425500,2430800,23281639
20250407 00:00,2260900,2300000,2091100,2152200,72364582
20250408 00:00,2199500,2250000,2164000,2190500,47659421
20250409 00:00,2129200,2187500,2100900,2113900,53602339
20250410 00:00,2210000,2227900,2154600,2179800,37274119
20250411 00:00,2160000,2255500,2147000,2240000,30299115
20250414 00:00,2271500,2280000,2226800,2240000,20696504
20250415 00:00,2260000,2304500,2251200,2281500,26686542
20250416 00:00,2270000,2271800,2215500,2248900,21655096
20250417 00:00,2230000,2273300,2222200,2260000,15737659
20250418 00:00,2252100,2265000,2236600,2254600,11512794
20250421 00:00,2254600,2350000,2241800,2313600,22008191
20250422 00:00,2300000,2311600,2272000,2306900,16935423
20250423 00:00,2350000,2387500,2330000,2333500,19197980
20250424 00:00,2345000,2386600,2322500,2368700,18155439
20250425 00:00,2372000,2379200,2350900,2366000,12761989
20250428 00:00,2382500,2382600,2332000,2348500,14312432
20250429 00:00,2340000,2348000,2307200,2320300,16742435
20250430 00:00,2330500,2343800,2315000,2315000,15632835
20250506 00:00,2339100,2363000,2312000,2316300,19687679
20250507 00:00,2364500,2408800,2360800,2386100,31280985
20250508 00:00,2394900,2486800,2379800,2445700,31285640
20250509 00:00,2460700,2497700,2446500,2482700,23693317
20250512 00:00,2550000,2579900,2530000,2570000,30231506
20250513 00:00,2620000,2620000,2550200,2587700,20480591
20250514 00:00,2587700,2644600,2560100,2626000,23146307
20250515 00:00,2626200,2628700,2596000,2601800,14111893
20250516 00:00,2591400,2617300,2577300,2593600,18900058
20250519 00:00,2605000,2605400,2572700,2600000,16974017
20250520 00:00,2644400,2655000,2552000,2630000,34642364
20250521 00:00,2669900,2799900,2658000,2740800,56524517
20250522 00:00,2778000,2779400,2682700,2703700,27608118
20250523 00:00,2710100,2740000,2669500,2669900,23000352
20250526 00:00,2650000,2663800,2529000,2559000,33012215
20250527 00:00,2558900,2572100,2523900,2539900,17667995
20250528 00:00,2556100,2582700,2533200,2536000,15456265
20250529 00:00,2530000,2539800,2490000,2518500,21788285
20250530 00:00,2509000,2526500,2474700,2500000,20433747
20250603 00:00,2520000,2539000,2504400,2511500,15841166
20250604 00:00,2525000,2536000,2507000,2510500,13040195
20250605 00:00,2513600,2524400,2482700,2515000,13525851
20250606 00:00,2520000,2533300,2485000,2488800,16551474
20250609 00:00,2488800,2508800,2455000,2455800,18549757
20250610 00:00,2450000,2468600,2422200,2431400,13932459
20250611 00:00,2460900,2524400,2448000,2505000,27993404
20250612 00:00,2520000,2525000,2487700,2498100,17569617
20250613 00:00,2481000,2504100,2463700,2482000,17403245
20250616 00:00,2480000,2487000,2458000,2466600,12217571
20250617 00:00,2469600,2484300,2452200,2462600,9765024
20250618 00:00,2469800,2495800,2455700,2455700,10460561
20250619 00:00,2453000,2461600,2416000,2421000,14798456
20250620 00:00,2410600,2431200,2395000,2402600,13688340
20250623 00:00,2393000,2406000,2380300,2396100,12709927
20250624 00:00,2405800,2480800,2405800,2459200,23501081
20250625 00:00,2465000,2558800,2460000,2549000,31537723
20250626 00:00,2558800,2562900,2523600,2527900,19914530
20250627 00:00,2565000,2574500,2501100,2509900,23620067
20250630 00:00,2515000,2535000,2497000,2522200,17623370
20250701 00:00,2525000,2527400,2498800,2515000,9532258
20250702 00:00,2515000,2520100,2491900,2504500,11571374
20250703 00:00,2514700,2632100,2505900,2625900,33803747
20250704 00:00,2650100,2699800,2609800,2658000,27206013
20250707 00:00,2658000,2688800,2588800,2608900,17466498
20250708 00:00,2607000,2659000,2598200,2633100,15592292
20250709 00:00,2622000,2744600,2621000,2708000,29388371
20250710 00:00,2749900,2749900,2685000,2720000,24239349
20250711 00:00,2715000,2740000,2701000,2715000,21328153
20250714 00:00,2710000,2713200,2661000,2685000,14978884
20250715 00:00,2685000,2725000,2660000,2677500,16952649
20250716 00:00,2685000,2687000,2630400,2644000,15626479
20250717 00:00,2653700,2677500,2643600,2655000,14511017
20250718 00:00,2687000,2724500,2658000,2712000,22186558
20250721 00:00,2770000,2820000,2735500,2796600,32486275
20250722 00:00,2800000,2900000,2791800,2866600,33309029
20250723 00:00,2881600,2907500,2865900,2870200,20018974
20250724 00:00,2890000,2892000,2829100,2852000,22389114
20250725 00:00,2852000,2852000,2817500,2828000,13432601
20250728 00:00,2830200,2890900,2813000,2863000,23897336
20250729 00:00,2867000,2920000,2866800,2918200,23394555
20250730 00:00,2922000,2922000,2763600,2770900,41594301
20250731 00:00,2808000,2819800,2646200,2646200,44710355
20250801 00:00,2648000,2666000,2627500,2630700,25250002
20250804 00:00,2630000,2680000,2617000,2664800,23768168
20250805 00:00,2675000,2690000,2635000,2657000,21976040
20250806 00:00,2652200,2669000,2632300,2650000,15323311
20250807 00:00,2650000,2664900,2622000,2630500,16548104
20250808 00:00,2640000,2661600,2620100,2634800,17428216
20250811 00:00,2634800,2661500,2625000,2636600,21330876
20250812 00:00,2635000,2651800,2577200,2632500,22240739
20250813 00:00,2647700,2750000,2645100,2736000,39466769
20250814 00:00,2768900,2820000,2744800,2798900,37170757
20250815 00:00,2783800,2823000,2761000,2806700,24109169
20250818 00:00,2806700,2854800,2780200,2830000,28528793
20250819 00:00,2830000,2840000,2762200,2778000,24428585
20250820 00:00,2775000,2799900,2720500,2792000,23353492
20250821 00:00,2792700,2818000,2780000,2790000,18269814
20250822 00:00,2789300,2893500,2786000,2871800,26421851
20250825 00:00,2900000,2938800,2867800,2902800,31229720
20250826 00:00,2870200,2909900,2855800,2895000,23024462
20250827 00:00,2890000,2895400,2781900,2783000,38258429
20250828 00:00,2760600,2789900,2727200,2774100,30466401
20250829 00:00,2783100,3166600,2779500,3061800,78013892
20250901 00:00,3065000,3069000,2993000,3040000,42996421
20250902 00:00,3040300,3111000,2990300,3028700,37116889
20250903 00:00,3035000,3116500,3030300,3090000,50897473
20250904 00:00,3134700,3233300,3006300,3040300,65754754
20250905 00:00,2999000,3251100,2998200,3251100,70819779
20250908 00:00,3340000,3376500,3235000,3253700,58834578
20250909 00:00,3228000,3345800,3171600,3200000,43402397
20250910 00:00,3179900,3220000,3130000,3160400,36752683
20250911 00:00,3155500,3229800,3090400,3225500,38034460
20250912 00:00,3259000,3299000,3222000,3250000,33871316
20250915 00:00,3460100,3715200,3440200,3547000,71841023
20250916 00:00,3561100,3590000,3485000,3534200,37744465
20250917 00:00,3568000,3818800,3540000,3771000,54377100
20250918 00:00,3745900,3800000,3608000,3668900,51889690
20250919 00:00,3650000,3757100,3617200,3684900,33914886
20250922 00:00,3705000,3727200,3627800,3700500,28527763
20250923 00:00,3680000,3769600,3600000,3681500,34849315
20250924 00:00,3710000,3800000,3660600,3799300,38314548
20250925 00:00,3766000,4025900,3764700,3928500,46639338
20250926 00:00,3920200,3999900,3800000,3804000,36263326
20250929 00:00,3863400,3998900,3860100,3973700,38964745
20250930 00:00,3960000,4088800,3960000,4020000,33031310
20251009 00:00,3999800,4243600,3997400,4098900,41208823
20251010 00:00,4010000,4038000,3790100,3819500,53311798
20251013 00:00,3628600,3846000,3628600,3745000,47150998
20251014 00:00,3810000,3858000,3557700,3580000,49639939
20251015 00:00,3585000,3697100,3547600,3693000,36993355
20251016 00:00,3675000,3739000,3645000,3685000,27629467
20251017 00:00,3675000,3750000,3569900,3581400,31905761
20251020 00:00,3650000,3688900,3595300,3665000,28432420
20251021 00:00,3730000,3813500,3631000,3759000,44632870
20251022 00:00,3759000,3788800,3682000,3728600,21945879
20251023 00:00,3738000,3788000,3690000,3764500,23998098
20251024 00:00,3799700,3878000,3780000,3857700,32041578
20251027 00:00,3930000,3930000,3765700,3861800,40451018
20251028 00:00,3861600,3938000,3830200,3864800,28708295
20251029 00:00,3860000,4000400,3847000,4000000,34474046
20251030 00:00,4059800,4090800,3968300,3982900,34306088
20251031 00:00,3980000,4068000,3882000,3887700,34048350
20251103 00:00,3870000,3919100,3757700,3868600,26368177
20251104 00:00,3830600,3865000,3740000,3789500,23939074
20251105 00:00,3728500,3930000,3720000,3887000,31142532
20251106 00:00,3900000,3994900,3887000,3946800,23447477
20251107 00:00,3935000,3975100,3888800,3953700,16554892
20251110 00:00,3984000,4003100,3833200,3845100,23895991
20251111 00:00,3860000,3947700,3845000,3856000,19303175
20251112 00:00,3907800,3929900,3839800,3863800,21299825
20251113 00:00,3850500,4213000,3850500,4156000,56265449
20251114 00:00,4070000,4146000,4038800,4041200,24172120
20251117 00:00,3880000,3924000,3825000,3907800,47685503
20251118 00:00,3890000,3986300,3810000,3850000,39565814
20251119 00:00,3855000,3984400,3849600,3911000,29266686
20251120 00:00,3949000,3950000,3770100,3793900,33674285
20251121 00:00,3750000,3830000,3700000,3700000,31631335
20251124 00:00,3738000,3749000,3671800,3705500,22845819
20251125 00:00,3750000,3796600,3705900,3723600,20633246
20251126 00:00,3755000,3755000,3700700,3728200,18910660
20251127 00:00,3730000,3788800,3700000,3712000,22200259
20251128 00:00,3705000,3754800,3661600,3732000,20340263
20251201 00:00,3747600,3829700,3740300,3829700,26751013
20251202 00:00,3835000,3849800,3774000,3800800,16348461
20251203 00:00,3800900,3833700,3750000,3760800,13991135
20251204 00:00,3791900,3836000,3751500,3833500,19165809
20251205 00:00,3872000,3893100,3820000,3890900,23291559
20251208 00:00,3904300,3953800,3855000,3925000,21659758
20251209 00:00,3915000,3922600,3860000,3875900,18691773
20251210 00:00,3850500,3880000,3772600,3823800,19433405
20251211 00:00,3849000,3988600,3833800,3889900,28215378
20251212 00:00,3920000,3933900,3855000,3918000,24002022
20251215 00:00,3915000,3949700,3852100,3855000,18274993
20251216 00:00,3860000,3890800,3780300,3784100,19121676
20251217 00:00,3764500,3845000,3750600,3834200,22257408
20251218 00:00,3795700,3809500,3700100,3720000,29639283
20251219 00:00,3740800,3776800,3708000,3740000,17559945
20251222 00:00,3760000,3779900,3681000,3718400,25493538
20251223 00:00,3720000,3805000,3716000,3781000,23604086
20251224 00:00,3780800,3780800,3720000,3756000,21088387
20251225 00:00,3742100,3742100,3691200,3730100,20343144
20251226 00:00,3729600,3780000,3701000,3744300,25723689
20251229 00:00,3740000,3744300,3680000,3693100,24124072
20251230 00:00,3671000,3710000,3665600,3692000,19030821
20251231 00:00,3697900,3720000,3671500,3672600,16026597