ts_code,end_date,ann_date,roe,roa,roic,grossprofit_margin,current_ratio,quick_ratio,netprofit_margin,debt_to_assets,assets_turn,accruals_ratio
000001.SZ,20250930,20251025,7.5711,0.68,0.884,95.21,0.0592,0.0414,38.08,91.02,0.0175,-0.9786
000001.SZ,20250630,20250823,4.9497,0.4297,0.5587,89.61,0.057,0.0399,35.84,91.32,0.0119,-6.6271
000001.SZ,20250331,20250419,2.8165,0.2467,0.3207,104.54,0.0576,0.0403,41.82,91.24,0.0058,-12.5484
000001.SZ,20250331,20250419,2.8165,0.2467,0.3207,104.54,0.0576,0.0403,41.82,91.24,0.0058,-12.5484
000002.SZ,20250930,20251031,-14.8067,-3.9216,-5.0981,-43.74,0.2162,0.1513,-17.5,73.51,0.1332,-0.7907
000002.SZ,20250630,20250823,-6.0626,-1.6305,-2.1197,-25.79,0.2207,0.1545,-10.32,73.11,0.0849,-0.7472
000002.SZ,20250331,20250430,-3.1278,-0.8296,-1.0785,-42.21,0.2166,0.1516,-16.88,73.48,0.03,-0.0784
000002.SZ,20250331,20250430,-3.1278,-0.8296,-1.0785,-42.21,0.2166,0.1516,-16.88,73.48,0.03,-0.0784
000004.SZ,20250930,20251031,-53.6525,-9.1109,-11.8442,-168.12,0.1227,0.0859,-67.25,83.02,0.1785,-0.5435
000004.SZ,20250630,20250823,-97.0376,-10.6507,-13.846,-386.75,0.074,0.0518,-154.7,89.02,0.0965,-0.2971
000004.SZ,20250630,20250823,-97.0376,-10.6507,-13.846,-386.75,0.074,0.0518,-154.7,89.02,0.0965,-0.2971
000004.SZ,20250331,20250429,-20.0864,-4.2778,-5.5612,-167.55,0.1624,0.1137,-67.02,78.7,0.0609,1.2197
000006.SZ,20250930,20251030,-0.1296,-0.0464,-0.0603,0.97,0.3343,0.234,0.39,64.22,0.1278,
000006.SZ,20250630,20250829,-1.3221,-0.4614,-0.5999,-9.63,0.3217,0.2252,-3.85,65.1,0.113,
000006.SZ,20250630,20250829,-1.3221,-0.4614,-0.5999,-9.63,0.3217,0.2252,-3.85,65.1,0.113,-11.2414
000006.SZ,20250331,20250426,-0.4811,-0.1766,-0.2296,-3.73,0.3481,0.2437,-1.49,63.28,0.0991,-1.0625
000007.SZ,20250930,20251031,1.8888,1.0046,1.306,2.05,0.6817,0.4772,0.82,46.81,0.8699,
000007.SZ,20250630,20250830,1.8725,1.1536,1.4997,3.67,0.9628,0.674,1.47,38.39,0.6097,
000007.SZ,20250331,20250430,0.9839,0.6103,0.7933,4.19,0.98,0.686,1.68,37.98,0.3028,
000007.SZ,20241231,20250425,36.996,22.2288,28.8974,45.93,0.9032,0.6322,18.37,39.92,0.8571,-2.6069
000008.SZ,20250930,20251027,-2.926,-0.9698,-1.2607,-19.51,0.2974,0.2082,-7.81,66.86,0.1192,-0.5389
000008.SZ,20250630,20250827,-3.185,-1.0388,-1.3505,-41.58,0.2904,0.2033,-16.63,67.38,0.0597,-0.3229
000008.SZ,20250331,20250429,-1.416,-0.4346,-0.5649,-46.4,0.2657,0.186,-18.56,69.31,0.0223,0.2548
000008.SZ,20250331,20250429,-1.416,-0.4346,-0.5649,-46.4,0.2657,0.186,-18.56,69.31,0.0223,0.2548
000009.SZ,20250930,20251031,2.8333,1.145,1.4885,19.61,0.4069,0.2848,7.84,59.59,0.3047,0.1184
000009.SZ,20250630,20250829,2.443,0.9757,1.2684,19.43,0.399,0.2793,7.77,60.06,0.1974,0.9249
000009.SZ,20250331,20250430,1.6841,0.6762,0.879,21.54,0.4025,0.2818,8.62,59.85,0.0892,4.0076
000009.SZ,20250331,20250430,1.6841,0.6762,0.879,21.54,0.4025,0.2818,8.62,59.85,0.0892,4.0076
000010.SZ,20250930,20251028,-10.156,-1.3865,-1.8024,-17.97,0.0949,0.0664,-7.19,86.35,0.1501,0.2878
000010.SZ,20250630,20250829,-16.0118,-1.9507,-2.5359,-63.34,0.0832,0.0583,-25.33,87.82,0.0804,0.4681
000010.SZ,20250331,20250429,-1.9389,-0.2343,-0.3046,-11.06,0.0825,0.0577,-4.43,87.92,0.0325,
000010.SZ,20250331,20250429,-1.9389,-0.2343,-0.3046,-11.06,0.0825,0.0577,-4.43,87.92,0.0325,
000011.SZ,20250930,20251030,0.9539,0.203,0.2638,3.8,0.1622,0.1135,1.52,78.72,0.1122,74.6654
000011.SZ,20250630,20250829,0.4283,0.0834,0.1084,2.32,0.1451,0.1016,0.93,80.53,0.0681,8.4339
000011.SZ,20250331,20250429,0.1488,0.03,0.0391,1.6,0.1518,0.1063,0.64,79.81,0.0315,
000011.SZ,20250331,20250429,0.1488,0.03,0.0391,1.6,0.1518,0.1063,0.64,79.81,0.0315,
000012.SZ,20250930,20251029,1.123,0.4922,0.6399,3.34,0.4682,0.3277,1.33,56.17,0.3336,-4.422
000012.SZ,20250930,20251029,1.123,0.4922,0.6399,3.34,0.4682,0.3277,1.33,56.17,0.3336,-4.422
000012.SZ,20250630,20250819,0.5572,0.2405,0.3126,2.49,0.4556,0.3189,0.99,56.84,0.2062,-5.265
000012.SZ,20250331,20250428,0.1172,0.0513,0.0668,0.75,0.4679,0.3275,0.3,56.19,0.0971,
000014.SZ,20250930,20251031,-2.0046,-1.4205,-1.8466,-389.29,1.4592,1.0214,-155.72,29.14,0.0093,-2.7851
000014.SZ,20250630,20250830,-1.1747,-0.8364,-1.0873,-334.97,1.4834,1.0384,-133.99,28.8,0.0063,-3.9275
000014.SZ,20250331,20250426,-0.5892,-0.4523,-0.588,-302.62,1.9826,1.3878,-121.05,23.23,0.0036,1.368
000014.SZ,20241231,20250329,1.0019,0.7661,0.9959,11.86,1.949,1.3643,4.74,23.54,0.1522,9.3657
000016.SZ,20250930,20251030,-53.9993,-1.737,-2.2581,-38.32,0.0199,0.014,-15.33,96.78,0.2576,0.1067
000016.SZ,20250630,20250829,-18.1175,-0.979,-1.2727,-23.68,0.0343,0.024,-9.47,94.6,0.1739,0.7626
000016.SZ,20250331,20250430,4.0025,0.3004,0.3906,5.5,0.0487,0.0341,2.2,92.49,0.0845,5.4467
000016.SZ,20241231,20250415,-82.2451,-6.0431,-7.8561,-87.36,0.0476,0.0333,-34.95,92.65,0.3356,-1.0528
000017.SZ,20250930,20251030,8.617,7.0938,9.2219,13.57,2.7943,1.956,5.43,17.68,1.2823,2.7773
000017.SZ,20250630,20250819,5.2634,3.9415,5.124,14.79,1.789,1.2523,5.92,25.11,0.6875,3.0781
000017.SZ,20250331,20250429,1.7036,1.4355,1.8661,9.3,3.2124,2.2487,3.72,15.74,0.3652,
000017.SZ,20250331,20250429,1.7036,1.4355,1.8661,9.3,3.2124,2.2487,3.72,15.74,0.3652,
000019.SZ,20250930,20251028,4.9154,3.4986,4.5481,15.53,1.4816,1.0371,6.21,28.82,0.5322,-4.195
000019.SZ,20250630,20250820,3.5767,2.4952,3.2438,18.45,1.3843,0.969,7.38,30.24,0.3228,-3.1893
000019.SZ,20250331,20250429,1.8392,1.2522,1.6278,18.61,1.2798,0.8959,7.44,31.92,0.1627,-3.3952
000019.SZ,20241231,20250429,6.677,4.2595,5.5373,15.08,1.0572,0.74,6.03,36.21,0.7113,1.0471
000020.SZ,20250930,20251025,5.1333,2.8959,3.7646,7.79,0.7766,0.5436,3.11,43.59,0.9529,3.1012
000020.SZ,20250630,20250819,3.4905,1.9565,2.5435,7.86,0.7653,0.5357,3.14,43.95,0.6398,5.2174
000020.SZ,20250331,20250422,1.4568,0.8299,1.0789,6.98,0.7943,0.556,2.79,43.03,0.3034,8.8038
000020.SZ,20241231,20250422,9.5352,5.6586,7.3562,11.25,0.8758,0.6131,4.5,40.66,1.3059,-1.9715
000021.SZ,20250930,20251030,6.1412,3.5319,4.5914,21.91,0.8121,0.5685,8.77,42.49,0.4152,-1.677
000021.SZ,20250930,20251030,6.1412,3.5319,4.5914,21.91,0.8121,0.5685,8.77,42.49,0.4152,-1.677
000021.SZ,20250630,20250828,3.7335,1.9889,2.5856,19.39,0.684,0.4788,7.76,46.73,0.2784,-2.2119
000021.SZ,20250331,20250430,1.4891,0.7719,1.0035,16.93,0.6458,0.4521,6.77,48.16,0.1206,-2.735
000025.SZ,20250930,20251028,6.9944,5.2063,6.7682,25.41,1.7469,1.2229,10.16,25.57,0.4449,-0.3837
000025.SZ,20250630,20250822,4.8081,3.4158,4.4406,23.24,1.4721,1.0305,9.29,28.96,0.3302,-0.8425
000025.SZ,20250630,20250822,4.8081,3.4158,4.4406,23.24,1.4721,1.0305,9.29,28.96,0.3302,-0.8425
000025.SZ,20250331,20250425,1.9626,1.4696,1.9105,23.97,1.7886,1.252,9.59,25.12,0.1271,-1.5516
000026.SZ,20250930,20251025,3.6939,3.185,4.1405,11.68,3.755,2.6285,4.67,13.78,0.6751,-1.989
000026.SZ,20250630,20250823,2.4517,2.1072,2.7393,11.55,3.6695,2.5687,4.62,14.05,0.4525,-2.0472
000026.SZ,20250331,20250425,1.3242,1.1751,1.5276,12.26,4.7288,3.3102,4.9,11.26,0.2341,-0.8309
000026.SZ,20241231,20250314,6.5525,5.5456,7.2093,13.98,3.3046,2.3132,5.59,15.37,0.9597,-1.4565
000027.SZ,20250930,20251031,3.9825,1.5192,1.975,21.84,0.37,0.259,8.73,61.85,0.1952,-4.6217
000027.SZ,20250630,20250828,3.4659,1.3218,1.7183,26.47,0.3699,0.2589,10.59,61.86,0.1277,-1.3985
000027.SZ,20250630,20250828,3.4659,1.3218,1.7183,26.47,0.3699,0.2589,10.59,61.86,0.1277,-1.3985
000027.SZ,20250331,20250430,2.7425,1.0279,1.3363,40.1,0.3597,0.2518,16.04,62.52,0.0586,-1.6601
000028.SZ,20250930,20251031,5.3027,2.2597,2.9377,4.62,0.4456,0.3119,1.85,57.38,1.1237,1.4837
000028.SZ,20250630,20250830,3.7196,1.5675,2.0378,4.84,0.437,0.3059,1.94,57.86,0.7511,0.9774
000028.SZ,20250331,20250425,1.8392,0.7759,1.0086,4.75,0.4378,0.3064,1.9,57.82,0.3749,6.5342
000028.SZ,20241231,20250408,3.6626,1.5985,2.0781,0.8,0.4647,0.3253,0.32,56.36,1.5638,-4.1113
000029.SZ,20250930,20251027,4.0448,2.7528,3.5786,40.06,1.2783,0.8948,16.02,31.94,0.1605,1.6339
000029.SZ,20250630,20250828,2.8885,1.8711,2.4324,40.09,1.1034,0.7724,16.04,35.22,0.1118,1.8487
000029.SZ,20250630,20250828,2.8885,1.8711,2.4324,40.09,1.1034,0.7724,16.04,35.22,0.1118,1.8487
000029.SZ,20250331,20250428,2.0403,1.2419,1.6145,54.55,0.9334,0.6534,21.82,39.13,0.0565,1.2598
000030.SZ,20250930,20251029,5.4697,2.842,3.6946,12.02,0.6489,0.4543,4.81,48.04,0.6582,0.6879
000030.SZ,20250630,20250828,3.8118,2.019,2.6247,12.67,0.6757,0.473,5.07,47.03,0.435,1.2037
000030.SZ,20250331,20250429,2.0356,1.0739,1.396,13.46,0.67,0.469,5.38,47.25,0.2012,3.1422
000030.SZ,20250331,20250429,2.0356,1.0739,1.396,13.46,0.67,0.469,5.38,47.25,0.2012,3.1422
000031.SZ,20250930,20251031,-5.1423,-1.2654,-1.6451,1.57,0.1958,0.1371,0.63,75.39,0.1194,-4.3783
000031.SZ,20250630,20250830,1.0161,0.2521,0.3277,12.27,0.1979,0.1386,4.91,75.19,0.0875,-19.8967
000031.SZ,20250331,20250430,-2.4597,-0.5771,-0.7502,3.15,0.1839,0.1287,1.26,76.54,0.0287,-3.5017
000031.SZ,20250331,20250430,-2.4597,-0.5771,-0.7502,3.15,0.1839,0.1287,1.26,76.54,0.0287,-3.5017
000032.SZ,20250930,20251029,-4.7374,-0.8346,-1.0849,-2.01,0.1283,0.0898,-0.81,82.38,0.4802,14.6337
000032.SZ,20250630,20250828,-1.5294,-0.2706,-0.3518,0.25,0.129,0.0903,0.1,82.3,0.3391,44.7153
000032.SZ,20250630,20250828,-1.5294,-0.2706,-0.3518,0.25,0.129,0.0903,0.1,82.3,0.3391,44.7153
000032.SZ,20250331,20250425,-0.5259,-0.0959,-0.1246,0.37,0.1338,0.0936,0.15,81.77,0.1813,55.1639
000034.SZ,20250930,20251031,6.5852,1.5558,2.0225,1.7,0.1856,0.1299,0.68,76.37,2.1383,2.1015
000034.SZ,20250630,20250828,4.2491,1.0154,1.3201,1.57,0.1884,0.1319,0.63,76.1,1.526,-0.0973
000034.SZ,20250331,20250426,2.1809,0.5511,0.7164,1.86,0.2029,0.142,0.74,74.73,0.7015,-10.5842
000034.SZ,20241231,20250329,8.4562,1.8585,2.416,1.52,0.169,0.1183,0.61,78.02,2.84,-2.2099
000035.SZ,20250930,20251031,2.8896,0.9936,1.2916,20.71,0.3144,0.2201,8.28,65.62,0.1277,-0.5285
000035.SZ,20250630,20250822,1.9583,0.6769,0.8799,20.86,0.3169,0.2219,8.35,65.44,0.0842,-0.5778
000035.SZ,20250331,20250429,0.9751,0.3552,0.4617,23.74,0.3438,0.2406,9.5,63.58,0.0404,-2.175
000035.SZ,20250331,20250429,0.9751,0.3552,0.4617,23.74,0.3438,0.2406,9.5,63.58,0.0404,-21.295
000036.SZ,20250930,20251031,0.7023,0.5471,0.7113,36.77,2.1157,1.481,14.71,22.09,0.0425,2.786
000036.SZ,20250930,20251031,0.7023,0.5471,0.7113,36.77,2.1157,1.481,14.71,22.09,0.0425,2.786
000036.SZ,20250630,20250827,0.0402,0.0314,0.0408,11.57,2.1428,1.5,4.63,21.88,0.0281,
000036.SZ,20250331,20250430,0.1129,0.0886,0.1152,21.36,2.1901,1.533,8.55,21.5,0.0144,
000037.SZ,20250930,20251028,-1.3496,-1.008,-1.3104,-14.09,1.7706,1.2394,-5.63,25.31,0.1386,1.4894
000037.SZ,20250930,20251028,-1.3496,-1.008,-1.3104,-14.09,1.7706,1.2394,-5.63,25.31,0.1386,1.4894
000037.SZ,20250630,20250822,-1.4723,-1.1042,-1.4354,-37.62,1.7996,1.2597,-15.05,25.0,0.0833,1.8615
000037.SZ,20250630,20250822,-1.4723,-1.1042,-1.4354,-37.62,1.7996,1.2597,-15.05,25.0,0.0833,1.8615
000039.SZ,20250930,20251031,3.0034,1.1828,1.5377,5.11,0.3898,0.2729,2.05,60.62,0.6689,-5.5016
000039.SZ,20250630,20250828,2.4623,0.96,1.2479,5.8,0.3834,0.2684,2.32,61.01,0.4346,-4.7826
000039.SZ,20250331,20250429,1.0683,0.4061,0.5279,4.99,0.3679,0.2575,2.0,61.99,0.2057,-9.5438
000039.SZ,20250331,20250429,1.0683,0.4061,0.5279,4.99,0.3679,0.2575,2.0,61.99,0.2057,
000042.SZ,20250930,20251028,1.8714,0.1671,0.2172,6.83,0.0588,0.0412,2.73,91.07,0.0628,-81.8984
000042.SZ,20250630,20250822,5.6553,0.5508,0.716,27.67,0.0647,0.0453,11.07,90.26,0.0527,-18.666
000042.SZ,20250331,20250429,4.1127,0.429,0.5577,33.42,0.0699,0.0489,13.37,89.57,0.0339,-18.1897
000042.SZ,20250331,20250429,4.1127,0.429,0.5577,33.42,0.0699,0.0489,13.37,89.57,0.0339,-18.1897
000045.SZ,20250930,20251027,2.0058,1.6259,2.1137,8.26,2.5681,1.7977,3.3,18.94,0.469,-1.8612
000045.SZ,20250630,20250823,1.1938,0.9556,1.2422,7.42,2.4065,1.6845,2.97,19.96,0.3038,-8.2284
000045.SZ,20250331,20250428,0.7043,0.5615,0.7299,9.33,2.3584,1.6509,3.73,20.28,0.147,-12.1311
000045.SZ,20250331,20250428,0.7043,0.5615,0.7299,9.33,2.3584,1.6509,3.73,20.28,0.147,-12.1311
000048.SZ,20250930,20251029,6.995,2.8537,3.7098,20.63,0.4135,0.2894,8.25,59.2,0.3424,-0.7507
000048.SZ,20250630,20250823,5.2356,2.1819,2.8365,24.1,0.4287,0.3001,9.64,58.33,0.2219,-0.3677
000048.SZ,20250331,20250425,2.5756,1.0569,1.374,25.76,0.4176,0.2923,10.3,58.96,0.1015,0.8862
000048.SZ,20241231,20250331,17.5281,6.9667,9.0568,30.84,0.3958,0.2771,12.33,60.25,0.5166,-0.366
000049.SZ,20250930,20251029,3.4078,1.2998,1.6898,2.6,0.37,0.259,1.04,61.86,0.9378,-2.0707
000049.SZ,20250930,20251029,3.4078,1.2998,1.6898,2.6,0.37,0.259,1.04,61.86,0.9378,-2.0707
000049.SZ,20250630,20250826,1.4872,0.5852,0.7608,0.9,0.3893,0.2725,0.36,60.65,0.5829,-5.1514
000049.SZ,20250331,20250422,0.7371,0.305,0.3965,1.43,0.4235,0.2964,0.57,58.62,0.2649,-11.1597
000050.SZ,20250930,20251031,1.1437,0.4407,0.573,2.62,0.3762,0.2633,1.05,61.46,0.3364,-19.6389
000050.SZ,20250630,20250823,0.752,0.2886,0.3751,2.49,0.3736,0.2615,1.0,61.63,0.22,-18.2649
000050.SZ,20250630,20250823,0.752,0.2886,0.3751,2.49,0.3736,0.2615,1.0,61.63,0.22,-18.2649
000050.SZ,20250331,20250422,0.353,0.1325,0.1723,2.05,0.3607,0.2525,0.82,62.45,0.1042,-22.0689
000055.SZ,20250930,20251029,0.2602,0.1217,0.1582,1.55,0.5269,0.3688,0.62,53.24,0.1918,13.223
000055.SZ,20250930,20251029,0.2602,0.1217,0.1582,1.55,0.5269,0.3688,0.62,53.24,0.1918,13.223
000055.SZ,20250630,20250823,0.283,0.1325,0.1722,2.71,0.5279,0.3695,1.08,53.2,0.1198,16.4037
000055.SZ,20250331,20250422,0.5376,0.2557,0.3324,10.95,0.5442,0.3809,4.38,52.44,0.0567,10.5033
000056.SZ,20250930,20251025,,,,-184.98,-0.3024,-0.2117,-73.99,201.63,0.6538,-1.0652
000056.SZ,20250630,20250827,-69.9788,-1.047,-1.3611,-173.51,0.0091,0.0064,-69.41,98.5,0.0364,-1.5463
000056.SZ,20250331,20250430,-25.9064,-0.7459,-0.9696,-171.04,0.0178,0.0125,-68.42,97.12,0.0163,-1.6029
000056.SZ,20241231,20250426,-94.7366,-3.7863,-4.9222,-248.22,0.025,0.0175,-99.29,96.0,0.0783,-1.4941
000058.SZ,20250930,20251030,4.5419,2.2647,2.9442,21.08,0.5967,0.4177,8.43,50.14,0.2408,0.4218
000058.SZ,20250630,20250829,2.3421,1.1388,1.4804,18.86,0.5678,0.3975,7.54,51.38,0.1477,-0.5558
000058.SZ,20250331,20250426,1.1342,0.5661,0.736,17.41,0.598,0.4186,6.96,50.09,0.0711,2.5215
000058.SZ,20241231,20250328,1.8717,0.9139,1.188,7.33,0.5725,0.4007,2.93,51.17,0.3277,-5.377
000059.SZ,20250930,20251029,-12.9275,-5.6709,-7.3722,-11.39,0.4689,0.3282,-4.56,56.13,1.153,1.7298
000059.SZ,20250630,20250813,-9.0102,-3.662,-4.7607,-12.22,0.4108,0.2876,-4.89,59.36,0.7252,2.0776
000059.SZ,20250331,20250425,-3.0229,-1.2509,-1.6262,-9.25,0.4236,0.2965,-3.7,58.62,0.3239,15.1328
000059.SZ,20241231,20250416,-21.6922,-9.3668,-12.1768,-20.54,0.456,0.3192,-8.22,56.82,1.154,-1.1642
000060.SZ,20250930,20251029,5.485,1.896,2.4648,4.6,0.317,0.2219,1.84,65.43,1.0072,-1.4709
000060.SZ,20250930,20251029,5.485,1.896,2.4648,4.6,0.317,0.2219,1.84,65.43,1.0072,-1.4709
000060.SZ,20250630,20250830,3.821,1.3578,1.7651,4.91,0.3307,0.2315,1.96,64.47,0.661,-0.2887
000060.SZ,20250331,20250430,1.9062,0.7028,0.9136,4.76,0.3504,0.2453,1.91,63.13,0.3411,2.0771
000061.SZ,20250930,20251028,3.5867,1.65,2.145,18.29,0.5112,0.3578,7.32,54.0,0.2293,-1.1395
000061.SZ,20250930,20251028,3.5867,1.65,2.145,18.29,0.5112,0.3578,7.32,54.0,0.2293,
000061.SZ,20250630,20250820,3.0019,1.2255,1.5931,19.52,0.4139,0.2897,7.81,59.18,0.1595,-2.4452
000061.SZ,20250331,20250429,1.1725,0.4654,0.6051,17.15,0.395,0.2765,6.86,60.3,0.0696,-3.3075
000062.SZ,20250930,20251029,5.2202,2.4406,3.1728,6.03,0.5268,0.3688,2.41,53.25,1.0324,0.0324
000062.SZ,20250630,20250827,3.3845,1.6292,2.118,6.19,0.5569,0.3898,2.48,51.86,0.6522,-2.3977
000062.SZ,20250331,20250429,1.5073,0.721,0.9372,6.02,0.5501,0.3851,2.41,52.17,0.3063,-7.2805
000062.SZ,20250331,20250429,1.5073,0.721,0.9372,6.02,0.5501,0.3851,2.41,52.17,0.3063,-7.2805
000063.SZ,20250930,20251029,7.1967,2.5273,3.2855,13.29,0.3248,0.2273,5.32,64.88,0.4764,0.6652
000063.SZ,20250630,20250829,6.8509,2.3789,3.0925,17.67,0.3192,0.2234,7.07,65.28,0.3378,0.7453
000063.SZ,20250331,20250423,3.3815,1.1261,1.4639,18.69,0.2996,0.2097,7.47,66.7,0.1551,0.2412
000063.SZ,20241231,20250301,11.9656,4.2195,5.4854,17.22,0.3268,0.2288,6.89,64.74,0.5942,-0.3636
000065.SZ,20250930,20251031,4.9358,2.1287,2.7673,12.23,0.455,0.3185,4.89,56.87,0.3987,-0.822
000065.SZ,20250630,20250822,3.1681,1.3862,1.8021,11.19,0.4668,0.3267,4.48,56.24,0.2734,0.5255
000065.SZ,20250331,20250428,1.8265,0.7811,1.0155,12.33,0.4483,0.3138,4.93,57.23,0.1476,-0.8289
000065.SZ,20250331,20250428,1.8265,0.7811,1.0155,12.33,0.4483,0.3138,4.93,57.23,0.1476,-0.8289
000066.SZ,20250930,20251030,0.1439,0.0552,0.0718,0.59,0.3737,0.2616,0.23,61.62,0.3192,
000066.SZ,20250630,20250830,1.2315,0.4712,0.6126,5.36,0.3719,0.2603,2.14,61.74,0.1961,7.0953
000066.SZ,20250331,20250428,-1.4388,-0.5387,-0.7003,-15.08,0.3591,0.2513,-6.03,62.56,0.088,2.558
000066.SZ,20241231,20250428,-12.363,-4.7167,-6.1317,-25.12,0.3701,0.2591,-10.05,61.85,0.4255,-1.1231
000068.SZ,20250930,20251030,-15.1555,-3.761,-4.8893,-46.77,0.198,0.1386,-18.71,75.18,0.128,-3.499
000068.SZ,20250630,20250829,-13.3298,-3.2149,-4.1794,-67.14,0.1907,0.1335,-26.86,75.88,0.0791,-2.8639
000068.SZ,20250331,20250425,-2.4752,-0.6157,-0.8004,-31.95,0.1987,0.1391,-12.78,75.13,0.0324,-6.2254
000068.SZ,20241231,20250315,1.8574,0.4882,0.6346,2.3,0.2139,0.1497,0.92,73.72,0.243,-14.2385
000069.SZ,20250930,20251031,-8.5478,-1.9458,-2.5296,-80.16,0.1768,0.1238,-32.06,77.24,0.0541,-2.0864
000069.SZ,20250630,20250830,-5.5351,-1.2677,-1.648,-81.28,0.1782,0.1248,-32.51,77.1,0.0355,-1.891
000069.SZ,20250331,20250429,-2.7062,-0.634,-0.8242,-81.91,0.1836,0.1285,-32.77,76.57,0.0167,-1.1347
000069.SZ,20250331,20250429,-2.7062,-0.634,-0.8242,-81.91,0.1836,0.1285,-32.77,76.57,0.0167,-1.1347
000070.SZ,20250930,20251027,0.5314,0.154,0.2002,8.35,0.2448,0.1714,3.34,71.02,0.4625,
000070.SZ,20250630,20250828,0.3723,0.1119,0.1455,9.34,0.2578,0.1805,3.74,69.95,0.2936,
000070.SZ,20250630,20250828,0.3723,0.1119,0.1455,9.34,0.2578,0.1805,3.74,69.95,0.2936,
000070.SZ,20250331,20250429,-1.0079,-0.3082,-0.4007,1.06,0.2643,0.185,0.42,69.42,0.1197,11.497
000078.SZ,20250930,20251030,1.421,0.1482,0.1927,0.79,0.0699,0.0489,0.32,89.57,0.7673,
000078.SZ,20250630,20250830,1.7479,0.1801,0.2341,1.13,0.0689,0.0482,0.45,89.7,0.5069,
000078.SZ,20250630,20250830,1.7479,0.1801,0.2341,1.13,0.0689,0.0482,0.45,89.7,0.5069,-0.8417
000078.SZ,20250331,20250429,1.3124,0.1344,0.1747,1.79,0.0685,0.0479,0.72,89.76,0.257,
000088.SZ,20250930,20251030,5.9495,4.8538,6.3099,447.14,2.6579,1.8606,178.86,18.42,0.0248,0.7738
000088.SZ,20250630,20250830,3.6721,2.9824,3.8771,433.03,2.5944,1.8161,173.21,18.78,0.0157,0.8346
000088.SZ,20250331,20250429,1.7356,1.328,1.7264,465.89,1.9547,1.3683,186.36,23.49,0.0067,0.8883
000088.SZ,20250331,20250429,1.7356,1.328,1.7264,465.89,1.9547,1.3683,186.36,23.49,0.0067,0.8883
000089.SZ,20250930,20251025,4.084,1.9664,2.5563,30.48,0.5571,0.39,12.19,51.85,0.1592,-2.2628
000089.SZ,20250630,20250816,2.7426,1.2982,1.6877,30.88,0.5393,0.3775,12.35,52.66,0.1046,-2.5493
000089.SZ,20250331,20250425,1.4245,0.6711,0.8725,32.47,0.5345,0.3742,12.99,52.89,0.0516,-4.2116
000089.SZ,20241231,20250425,3.944,1.8551,2.4117,23.32,0.5329,0.373,9.33,52.96,0.1961,-3.3023
000090.SZ,20250930,20251028,0.1385,0.0325,0.0423,-0.47,0.1843,0.129,-0.19,76.5,0.1565,
000090.SZ,20250630,20250823,0.2862,0.0701,0.0911,0.26,0.1945,0.1362,0.11,75.52,0.1008,
000090.SZ,20250331,20250429,0.2762,0.0671,0.0872,1.17,0.1926,0.1348,0.47,75.7,0.0459,40.4676
000090.SZ,20250331,20250429,0.2762,0.0671,0.0872,1.17,0.1926,0.1348,0.47,75.7,0.0459,40.4676
000096.SZ,20250930,20251031,1.0958,0.9169,1.192,7.82,3.0755,2.1529,3.13,16.32,0.3258,3.8244
000096.SZ,20250630,20250827,0.3344,0.3049,0.3964,3.74,6.2033,4.3423,1.5,8.82,0.2282,9.4915
000096.SZ,20250331,20250430,0.5157,0.4865,0.6325,11.49,9.9996,6.9997,4.6,5.66,0.1089,3.9055
000096.SZ,20250331,20250430,0.5157,0.4865,0.6325,11.49,9.9996,6.9997,4.6,5.66,0.1089,3.9055
000099.SZ,20250930,20251030,4.5344,3.2465,4.2205,36.38,1.5125,1.0587,14.55,28.4,0.2197,-1.7964
000099.SZ,20250630,20250826,2.8675,2.1305,2.7697,35.75,1.7345,1.2141,14.3,25.7,0.1436,-2.3526
000099.SZ,20250331,20250429,1.6994,1.3112,1.7045,44.89,2.0263,1.4184,17.96,22.85,0.0697,-2.8367
000099.SZ,20250331,20250429,1.6994,1.3112,1.7045,44.89,2.0263,1.4184,17.96,22.85,0.0697,-2.8367
000100.SZ,20250930,20251031,5.3407,1.7313,2.2507,0.89,0.2878,0.2015,0.35,67.58,0.3581,-9.1415
000100.SZ,20250630,20250830,3.5284,1.1396,1.4815,0.09,0.2862,0.2004,0.04,67.7,0.22,-13.3235
000100.SZ,20250331,20250429,1.8976,0.6239,0.8111,1.29,0.2939,0.2057,0.52,67.12,0.1031,-10.7982
000100.SZ,20241231,20250429,2.9487,1.0345,1.3449,-6.3,0.3243,0.227,-2.52,64.92,0.4335,-17.6734
000151.SZ,20250930,20251025,-8.0737,-0.8541,-1.1103,-10.31,0.071,0.0497,-4.13,89.42,0.3634,2.0571
000151.SZ,20250630,20250830,-16.4618,-1.4371,-1.8682,-31.28,0.0574,0.0402,-12.51,91.27,0.2303,
000151.SZ,20250630,20250830,-16.4618,-1.4371,-1.8682,-31.28,0.0574,0.0402,-12.51,91.27,0.2303,1.1831
000151.SZ,20250331,20250424,-7.8495,-0.8753,-1.1378,-25.13,0.0753,0.0527,-10.05,88.85,0.1075,0.661
000153.SZ,20250930,20251024,4.8668,2.0825,2.7072,7.86,0.4488,0.3141,3.14,57.21,0.6465,0.1145
000153.SZ,20250630,20250822,3.7084,1.6237,2.1109,9.25,0.4673,0.3271,3.7,56.21,0.425,0.6307
000153.SZ,20250630,20250822,3.7084,1.6237,2.1109,9.25,0.4673,0.3271,3.7,56.21,0.425,0.6307
000153.SZ,20250331,20250425,1.8621,0.8113,1.0548,9.92,0.4633,0.3243,3.97,56.43,0.1982,0.676
000155.SZ,20250930,20251028,3.3746,1.5154,1.97,52.37,0.489,0.3423,20.95,55.09,0.0783,-2.8045
000155.SZ,20250630,20250829,2.9333,1.3649,1.7744,54.22,0.5221,0.3655,21.69,53.47,0.0561,-0.7141
000155.SZ,20250331,20250430,2.2782,1.0416,1.3541,80.83,0.5054,0.3538,32.33,54.28,0.0313,0.0731
000155.SZ,20241231,20250428,8.23,4.1212,5.3576,59.38,0.6018,0.4213,23.75,49.92,0.13,-1.0338
000156.SZ,20250930,20251031,2.3354,1.2097,1.5727,13.66,0.6448,0.4514,5.46,48.2,0.2184,0.3132
000156.SZ,20250630,20250830,1.6859,0.8842,1.1495,14.44,0.6618,0.4632,5.77,47.55,0.151,1.7228
000156.SZ,20250331,20250430,0.8703,0.4657,0.6054,15.29,0.6905,0.4833,6.12,46.49,0.0732,4.3418
000156.SZ,20241231,20250320,3.5887,1.8948,2.4633,14.42,0.6712,0.4698,5.77,47.2,0.3222,-2.6103
000157.SZ,20250930,20251031,6.7907,3.1373,4.0784,27.62,0.5152,0.3607,11.05,53.8,0.2916,0.2636
000157.SZ,20250630,20250830,4.8386,2.2231,2.89,29.16,0.51,0.357,11.67,54.06,0.1965,0.3669
000157.SZ,20250331,20250430,2.4422,1.146,1.4897,31.28,0.5304,0.3713,12.51,53.08,0.0956,0.4669
000157.SZ,20241231,20250325,6.2009,2.9985,3.898,22.04,0.5618,0.3933,8.81,51.64,0.3572,0.398
000158.SZ,20250930,20251029,-2.9337,-0.8884,-1.1549,-7.67,0.2606,0.1824,-3.07,69.72,0.3034,5.9311
000158.SZ,20250630,20250819,-1.746,-0.5305,-0.6896,-6.33,0.2618,0.1833,-2.53,69.62,0.2194,7.4691
000158.SZ,20250331,20250430,-1.874,-0.5779,-0.7513,-20.09,0.2675,0.1873,-8.04,69.16,0.0741,11.87
000158.SZ,20241231,20250429,-10.5706,-3.4882,-4.5346,-17.49,0.2955,0.2069,-7.0,67.0,0.5237,0.467
000159.SZ,20250930,20251031,0.9904,0.5611,0.7294,3.84,0.7842,0.5489,1.54,43.35,0.3708,9.205
000159.SZ,20250630,20250725,1.2182,0.7089,0.9216,6.53,0.8351,0.5846,2.61,41.81,0.2726,2.6272
000159.SZ,20250630,20250725,1.2182,0.7089,0.9216,6.53,0.8351,0.5846,2.61,41.81,0.2726,2.6272
000159.SZ,20250331,20250425,0.425,0.2497,0.3247,5.98,0.8551,0.5985,2.39,41.24,0.1042,11.1508
000166.SZ,20250930,20251031,7.4232,1.4347,1.8652,112.73,0.1438,0.1006,45.09,80.67,0.0275,0.5803
000166.SZ,20250630,20250830,4.0178,0.8048,1.0462,102.67,0.1503,0.1052,41.07,79.97,0.017,-2.8959
000166.SZ,20250331,20250430,1.8708,0.3774,0.4907,102.51,0.1516,0.1062,41.01,79.82,0.008,-7.415
000166.SZ,20241231,20250329,5.0853,0.9721,1.2637,63.17,0.1418,0.0993,25.27,80.88,0.0371,-4.0238
000301.SZ,20250930,20251031,0.3698,0.0656,0.0853,0.3,0.1294,0.0906,0.12,82.26,0.4419,-88.15
000301.SZ,20250630,20250830,1.1264,0.2005,0.2607,1.59,0.1299,0.091,0.64,82.2,0.2917,-6.0867
000301.SZ,20250331,20250429,0.9946,0.1773,0.2305,2.88,0.1302,0.0911,1.15,82.17,0.1446,9.142
000301.SZ,20241231,20250429,-6.611,-1.2125,-1.5762,-4.15,0.1348,0.0943,-1.66,81.66,0.6979,-5.5269
000333.SZ,20250930,20251030,17.3257,6.8363,8.8872,26.61,0.391,0.2737,10.64,60.54,0.609,-0.4915
000333.SZ,20250630,20250830,12.0194,4.3219,5.6185,26.53,0.3369,0.2358,10.61,64.04,0.4062,-0.4261
000333.SZ,20250331,20250430,5.5633,2.1176,2.7529,24.93,0.3687,0.2581,9.97,61.94,0.2073,-0.1399
000333.SZ,20250331,20250430,5.5633,2.1176,2.7529,24.93,0.3687,0.2581,9.97,61.94,0.2073,-0.1399
000338.SZ,20250930,20251031,9.8232,3.5493,4.6142,15.91,0.3394,0.2376,6.36,63.87,0.4817,-0.6725
000338.SZ,20250630,20250830,6.4047,2.2141,2.8783,14.5,0.317,0.2219,5.8,65.43,0.3191,-0.2069
000338.SZ,20250331,20250430,3.0771,1.0894,1.4163,12.28,0.3289,0.2302,4.91,64.6,0.1648,2.7174
000338.SZ,20250331,20250430,3.0771,1.0894,1.4163,12.28,0.3289,0.2302,4.91,64.6,0.1648,2.7174
000400.SZ,20250930,20251028,7.7913,3.8588,5.0164,26.41,0.5888,0.4121,10.56,50.47,0.3667,-1.1104
000400.SZ,20250630,20250821,5.4867,2.7173,3.5324,27.52,0.5887,0.4121,11.01,50.48,0.2506,-0.7525
000400.SZ,20250331,20250411,1.8198,0.9251,1.2026,25.16,0.6204,0.4343,10.06,49.17,0.0937,0.222
000400.SZ,20250331,20250411,1.8198,0.9251,1.2026,25.16,0.6204,0.4343,10.06,49.17,0.0937,0.222
000401.SZ,20250930,20251029,0.1464,0.0738,0.0959,0.22,0.6099,0.4269,0.09,49.59,0.3149,-53.5385
000401.SZ,20250630,20250828,-0.5596,-0.2744,-0.3568,-3.82,0.5775,0.4042,-1.53,50.96,0.1974,-9.1515
000401.SZ,20250630,20250828,-0.5596,-0.2744,-0.3568,-3.82,0.5775,0.4042,-1.53,50.96,0.1974,-9.1515
000401.SZ,20250331,20250430,-3.2086,-1.5421,-2.0048,-59.62,0.5552,0.3887,-23.85,51.94,0.0656,-0.6488
000402.SZ,20250930,20251031,-5.5738,-1.2757,-1.6584,-58.95,0.1781,0.1247,-23.58,77.11,0.0534,-2.4747
000402.SZ,20250630,20250819,-4.1335,-0.9475,-1.2318,-59.43,0.1784,0.1249,-23.77,77.08,0.0393,-2.5806
000402.SZ,20250331,20250429,-1.5457,-0.3528,-0.4586,-41.34,0.1775,0.1242,-16.54,77.18,0.0215,-3.4562
000402.SZ,20250331,20250429,-1.5457,-0.3528,-0.4586,-41.34,0.1775,0.1242,-16.54,77.18,0.0215,-3.4562
000403.SZ,20250930,20251029,4.4786,3.7508,4.876,55.23,3.0922,2.1645,22.09,16.25,0.1719,1.2671
000403.SZ,20250930,20251029,4.4786,3.7508,4.876,55.23,3.0922,2.1645,22.09,16.25,0.1719,1.2671
000403.SZ,20250630,20250822,2.9792,2.5909,3.3681,59.79,4.003,2.8021,23.91,13.04,0.1077,1.8108
000403.SZ,20250331,20250424,1.1179,0.9732,1.2652,59.35,4.036,2.8252,23.74,12.94,0.0406,2.3208
000404.SZ,20250930,20251023,9.0816,3.3754,4.388,14.05,0.3549,0.2484,5.62,62.83,0.6504,-0.2346
000404.SZ,20250930,20251023,9.0816,3.3754,4.388,14.05,0.3549,0.2484,5.62,62.83,0.6504,-0.2346
000404.SZ,20250630,20250806,6.2107,2.1937,2.8518,13.35,0.3277,0.2294,5.34,64.68,0.4514,-0.0457
000404.SZ,20250331,20250419,2.4097,0.8843,1.1495,9.86,0.3478,0.2435,3.95,63.3,0.2426,2.8856
000407.SZ,20250930,20251028,3.9998,2.2312,2.9006,12.43,0.7569,0.5299,4.97,44.22,0.4793,1.3732
000407.SZ,20250630,20250820,2.9615,1.579,2.0528,12.96,0.6853,0.4797,5.18,46.68,0.3344,2.5512
000407.SZ,20250331,20250426,0.9232,0.477,0.6201,7.82,0.6414,0.449,3.13,48.33,0.1736,8.4904
000407.SZ,20250331,20250426,0.9232,0.477,0.6201,7.82,0.6414,0.449,3.13,48.33,0.1736,8.4904
000408.SZ,20250930,20251017,18.9871,17.5073,22.7595,285.53,7.0987,4.9691,114.21,7.79,0.1527,0.514
000408.SZ,20250630,20250802,12.1683,11.3124,14.7062,267.44,7.9306,5.5514,106.98,7.03,0.105,0.5391
000408.SZ,20250331,20250419,5.2749,4.8225,6.2692,337.61,6.3959,4.4771,135.05,8.58,0.0357,0.8619
000408.SZ,20241231,20250329,19.1658,17.5949,22.8733,197.59,6.7201,4.7041,79.04,8.2,0.2228,0.6454
000409.SZ,20250930,20251027,3.2818,2.2575,2.9347,19.25,1.3223,0.9256,7.7,31.21,0.3206,4.9056
000409.SZ,20250630,20250827,2.7208,1.9552,2.5418,22.07,1.5323,1.0726,8.83,28.14,0.2431,8.3344
000409.SZ,20250331,20250424,2.0565,1.4017,1.8222,25.98,1.2844,0.8991,10.39,31.84,0.115,8.3376
000409.SZ,20250331,20250424,2.0565,1.4017,1.8222,25.98,1.2844,0.8991,10.39,31.84,0.115,8.3397
000410.SZ,20250930,20251030,0.0434,0.0195,0.0254,1.64,0.4912,0.3438,0.66,54.98,0.3951,
000410.SZ,20250630,20250830,2.2297,0.7838,1.0189,7.16,0.3253,0.2277,2.86,64.85,0.3476,3.6784
000410.SZ,20250331,20250424,-3.0634,-0.9177,-1.193,-20.53,0.2566,0.1796,-8.21,70.04,0.1144,0.255
000410.SZ,20241231,20250424,0.6732,0.2074,0.2697,1.89,0.2672,0.1871,0.75,69.18,0.4685,
000411.SZ,20250930,20251029,6.8618,2.1251,2.7626,3.81,0.2692,0.1884,1.53,69.03,1.5629,4.4337
000411.SZ,20250930,20251029,6.8618,2.1251,2.7626,3.81,0.2692,0.1884,1.53,69.03,1.5629,4.4337
000411.SZ,20250630,20250828,5.33,1.7158,2.2306,4.34,0.2849,0.1994,1.73,67.81,1.0721,3.7865
000411.SZ,20250331,20250428,2.15,0.7013,0.9117,3.53,0.2905,0.2033,1.41,67.38,0.5448,27.3055
000415.SZ,20250930,20251031,-4.5498,-0.7319,-0.9514,-1.9,0.115,0.0805,-0.76,83.91,0.1407,-13.9527
000415.SZ,20250630,20250830,-6.7316,-1.0776,-1.4008,-11.46,0.1143,0.08,-4.59,83.99,0.0994,-6.5374
000415.SZ,20250331,20250430,2.1206,0.3501,0.4551,14.8,0.1186,0.0831,5.92,83.49,0.0589,-6.097
000415.SZ,20250331,20250430,2.1206,0.3501,0.4551,14.8,0.1186,0.0831,5.92,83.49,0.0589,-6.097
000417.SZ,20250930,20251031,3.6623,1.7078,2.2201,10.89,0.5242,0.367,4.36,53.37,0.3974,3.587
000417.SZ,20250630,20250820,3.601,1.6921,2.1998,14.08,0.5319,0.3723,5.63,53.01,0.288,3.5993
000417.SZ,20250331,20250430,1.5881,0.74,0.962,10.94,0.5235,0.3665,4.38,53.4,0.1657,7.971
000417.SZ,20241231,20250425,4.1004,1.7833,2.3183,9.41,0.4618,0.3233,3.76,56.51,0.5338,-2.6047
000419.SZ,20250930,20251025,3.5764,2.4015,3.1219,25.24,1.2264,0.8584,10.09,32.85,0.2547,-1.3923
000419.SZ,20250630,20250823,2.3457,1.5709,2.0422,24.23,1.2165,0.8515,9.69,33.03,0.1744,0.8688
000419.SZ,20250331,20250426,0.2433,0.1574,0.2046,7.11,1.0989,0.7693,2.84,35.32,0.0862,-1.7821
000419.SZ,20250331,20250426,0.2433,0.1574,0.2046,7.11,1.0989,0.7693,2.84,35.32,0.0862,-1.7821
000420.SZ,20250930,20251031,0.7408,0.2662,0.346,1.88,0.3364,0.2355,0.75,64.07,0.3048,-2.1579
000420.SZ,20250630,20250828,0.5014,0.18,0.234,1.96,0.336,0.2352,0.78,64.1,0.1999,
000420.SZ,20250331,20250425,0.1882,0.0702,0.0913,1.44,0.3569,0.2498,0.58,62.7,0.0941,
000420.SZ,20241231,20250425,0.6332,0.2443,0.3176,1.86,0.3769,0.2639,0.74,61.42,0.3324,-2.2478
000421.SZ,20250930,20251028,4.1947,1.5886,2.0652,7.87,0.3657,0.256,3.15,62.13,0.4778,-12.6051
000421.SZ,20250630,20250822,1.1508,0.3559,0.4626,4.38,0.2686,0.188,1.75,69.08,0.2127,-44.93
000421.SZ,20250630,20250822,1.1508,0.3559,0.4626,4.38,0.2686,0.188,1.75,69.08,0.2127,-44.93
000421.SZ,20250331,20250429,1.204,0.3493,0.4541,5.33,0.2452,0.1716,2.13,70.99,0.1466,-22.0455
000422.SZ,20250930,20251025,12.2405,3.1008,4.0311,17.38,0.2036,0.1425,6.95,74.67,0.5342,-2.8264
000422.SZ,20250630,20250823,6.2244,1.5178,1.9732,15.69,0.1935,0.1354,6.28,75.61,0.3381,-2.2275
000422.SZ,20250331,20250426,0.4603,0.1519,0.1974,-0.12,0.2955,0.2068,-0.05,67.0,0.1481,-2.3025
000422.SZ,20250331,20250426,0.4603,0.1519,0.1974,-0.12,0.2955,0.2068,-0.05,67.0,0.1481,-2.3057
000423.SZ,20250930,20251025,12.5759,9.838,12.7894,66.97,2.156,1.5092,26.79,21.77,0.369,-0.0282
000423.SZ,20250930,20251025,12.5759,9.838,12.7894,66.97,2.156,1.5092,26.79,21.77,0.369,-0.0282
000423.SZ,20250630,20250822,7.9311,6.4107,8.3339,67.01,2.5299,1.7709,26.8,19.17,0.2359,-0.1807
000423.SZ,20250331,20250428,4.0387,3.2644,4.2438,61.83,2.5297,1.7708,24.73,19.17,0.1302,1.714
000425.SZ,20250930,20251031,10.0308,3.425,4.4524,19.46,0.3111,0.2178,7.78,65.86,0.4589,0.0504
000425.SZ,20250630,20250830,7.2799,2.5538,3.3199,20.15,0.3242,0.2269,8.06,64.92,0.325,0.1435
000425.SZ,20250331,20250429,3.3502,1.2205,1.5866,18.93,0.3438,0.2407,7.57,63.57,0.1612,0.5912
000425.SZ,20250331,20250429,3.3502,1.2205,1.5866,18.93,0.3438,0.2407,7.57,63.57,0.1612,0.5912
000426.SZ,20250930,20251031,15.9925,8.9661,11.656,82.55,0.7656,0.5359,33.02,43.94,0.2763,-1.0102
000426.SZ,20250630,20250826,9.6562,5.7088,7.4214,79.16,0.8677,0.6074,31.67,40.88,0.1798,-1.0681
000426.SZ,20250331,20250428,4.6281,2.6684,3.469,79.64,0.817,0.5719,31.86,42.34,0.084,-2.2011
000426.SZ,20250331,20250428,4.6281,2.6684,3.469,79.64,0.817,0.5719,31.86,42.34,0.084,-2.2011
000428.SZ,20250930,20251029,-10.6126,-1.9972,-2.5963,-122.75,0.1391,0.0974,-49.1,81.18,0.0872,-1.1455
000428.SZ,20250630,20250826,-7.1279,-1.4571,-1.8942,-130.43,0.1542,0.1079,-52.17,79.56,0.0557,-1.0955
000428.SZ,20250331,20250423,-4.1749,-0.8819,-1.1464,-162.28,0.1607,0.1125,-64.91,78.88,0.0259,-1.1559
000428.SZ,20250331,20250423,-4.1749,-0.8819,-1.1464,-162.28,0.1607,0.1125,-64.91,78.88,0.0259,-1.1559
000429.SZ,20250930,20251029,14.4992,8.4039,10.9251,157.28,0.8272,0.5791,62.91,42.04,0.1442,-0.9678
000429.SZ,20250930,20251029,14.4992,8.4039,10.9251,157.28,0.8272,0.5791,62.91,42.04,0.1442,-0.9678
000429.SZ,20250630,20250829,10.0772,5.568,7.2384,169.96,0.7409,0.5186,67.98,44.75,0.0903,-0.7796
000429.SZ,20250331,20250430,6.0977,3.6391,4.7309,210.97,0.8881,0.6217,84.39,40.32,0.0458,-1.1674
000430.SZ,20250930,20251025,-8.0366,-1.0251,-1.3327,-16.63,0.0877,0.0614,-6.65,87.24,0.1608,-2.725
000430.SZ,20250930,20251025,-8.0366,-1.0251,-1.3327,-16.63,0.0877,0.0614,-6.65,87.24,0.1608,-2.725
000430.SZ,20250630,20250826,-12.1823,-1.4981,-1.9476,-42.92,0.0841,0.0589,-17.17,87.7,0.0929,-1.0312
000430.SZ,20250331,20250416,-11.4003,-1.4193,-1.8451,-132.43,0.0853,0.0597,-52.97,87.55,0.0283,-0.06
000488.SZ,20250930,20251031,-97.269,-9.8354,-12.786,-480.64,0.0675,0.0472,-192.26,89.89,0.0575,-1.1165
000488.SZ,20250630,20250830,-53.3055,-7.499,-9.7487,-496.61,0.0982,0.0688,-198.64,85.93,0.0356,-1.2038
000488.SZ,20250331,20250430,-17.2178,-3.0506,-3.9658,-517.29,0.1292,0.0904,-206.92,82.28,0.0131,-1.3682
000488.SZ,20241231,20250401,-57.3406,-11.5891,-15.0658,-85.72,0.152,0.1064,-34.29,79.79,0.3179,-1.3525
000498.SZ,20250930,20251031,5.7017,1.3523,1.7581,10.45,0.1866,0.1306,4.18,76.28,0.2452,2.2705
000498.SZ,20250630,20250830,4.1625,0.9051,1.1766,11.23,0.1667,0.1167,4.49,78.26,0.1718,3.1027
000498.SZ,20250331,20250429,1.0237,0.226,0.2938,7.81,0.17,0.119,3.12,77.93,0.0598,4.4411
000498.SZ,20241231,20250415,9.8853,2.1405,2.7826,10.59,0.1658,0.1161,4.23,78.35,0.4711,3.6807
000501.SZ,20250930,20251031,1.1658,0.4114,0.5348,7.05,0.3272,0.2291,2.82,64.71,0.1472,-4.2865
000501.SZ,20250630,20250827,1.5027,0.5386,0.7001,12.93,0.3352,0.2346,5.17,64.16,0.1041,-1.1076
000501.SZ,20250331,20250430,1.2902,0.4728,0.6146,19.9,0.347,0.2429,7.96,63.36,0.0588,0.2705
000501.SZ,20250331,20250430,1.2902,0.4728,0.6146,19.9,0.347,0.2429,7.96,63.36,0.0588,0.2705
000503.SZ,20250930,20251030,-10.359,-6.5239,-8.4811,-203.09,1.0207,0.7145,-81.24,37.02,0.0837,0.3168
000503.SZ,20250630,20250828,-7.3074,-4.7172,-6.1323,-259.32,1.0927,0.7649,-103.73,35.45,0.0468,0.2026
000503.SZ,20250331,20250425,-3.2959,-2.2493,-2.9242,-225.77,1.2896,0.9027,-90.31,31.75,0.0249,0.4387
000503.SZ,20241231,20250425,-0.7343,-0.5006,-0.6507,-8.03,1.285,0.8995,-3.21,31.83,0.1778,6.934
000504.SZ,20250930,20251027,2.1828,0.9402,1.2223,-9.44,0.454,0.3178,-3.77,56.93,0.1151,-2.3019
000504.SZ,20250630,20250828,-1.4805,-0.666,-0.8658,-68.14,0.4906,0.3434,-27.26,55.01,0.0858,-0.1509
000504.SZ,20250630,20250828,-1.4805,-0.666,-0.8658,-68.14,0.4906,0.3434,-27.26,55.01,0.0858,-0.1509
000504.SZ,20250331,20250429,-0.9402,-0.4299,-0.5589,-72.62,0.5055,0.3539,-29.05,54.27,0.0371,
000505.SZ,20250930,20251025,-1.6556,-0.666,-0.8658,-3.17,0.4038,0.2827,-1.27,59.77,0.8174,-3.93
000505.SZ,20250930,20251025,-1.6556,-0.666,-0.8658,-3.17,0.4038,0.2827,-1.27,59.77,0.8174,-3.93
000505.SZ,20250630,20250830,0.5706,0.2668,0.3468,1.05,0.5268,0.3687,0.42,53.25,0.5919,-14.3
000505.SZ,20250331,20250429,0.409,0.2003,0.2604,1.56,0.5758,0.403,0.63,51.03,0.3072,21.18
000506.SZ,20250930,20251023,14.0477,6.386,8.3018,80.32,0.5001,0.3501,32.13,54.54,0.1718,0.1189
000506.SZ,20250630,20250820,7.8085,3.2536,4.2297,84.47,0.4286,0.3,33.79,58.33,0.0978,0.67
000506.SZ,20250331,20250429,-0.5868,-0.2687,-0.3492,4.16,0.5067,0.3547,1.66,54.22,0.039,
000506.SZ,20241231,20250429,-21.1876,-9.5856,-12.4613,-102.79,0.4957,0.347,-41.12,54.76,0.1383,-1.2979
000507.SZ,20250930,20251029,3.8521,1.7601,2.2881,30.35,0.5048,0.3534,12.14,54.31,0.1599,-2.033
000507.SZ,20250630,20250830,2.7469,1.2235,1.5906,31.99,0.4819,0.3373,12.8,55.46,0.111,-1.2488
000507.SZ,20250331,20250430,1.2334,0.5552,0.7217,31.61,0.4911,0.3438,12.64,54.99,0.0589,-0.9622
000507.SZ,20250331,20250430,1.2334,0.5552,0.7217,31.61,0.4911,0.3438,12.64,54.99,0.0589,-0.9622
000509.SZ,20250930,20251031,-7.6285,-1.7962,-2.335,-3.92,0.1848,0.1293,-1.57,76.45,0.6945,
000509.SZ,20250630,20250829,-2.0404,-0.5206,-0.6768,0.06,0.2055,0.1439,0.02,74.48,0.4947,
000509.SZ,20250331,20250430,0.6152,0.1556,0.2022,4.83,0.2031,0.1421,1.93,74.71,0.2269,
000509.SZ,20250331,20250430,0.6152,0.1556,0.2022,4.83,0.2031,0.1421,1.93,74.71,0.2269,
000510.SZ,20250930,20251031,-6.165,-3.2747,-4.2571,-14.58,0.6798,0.4758,-5.83,46.88,0.4896,-0.9818
000510.SZ,20250630,20250830,-5.2407,-2.6785,-3.482,-19.33,0.6272,0.439,-7.73,48.89,0.3119,-1.3075
000510.SZ,20250331,20250429,-2.8345,-1.4718,-1.9133,-23.47,0.648,0.4536,-9.39,48.08,0.1414,0.3498
000510.SZ,20241231,20250429,-4.8437,-2.5824,-3.3572,-7.42,0.6852,0.4797,-2.97,46.68,0.7827,0.6219
000513.SZ,20250930,20251024,12.608,7.8958,10.2646,58.42,1.0054,0.7038,23.37,37.37,0.3721,-0.4252
000513.SZ,20250630,20250821,9.3035,5.7439,7.4671,61.83,0.9682,0.6777,24.73,38.26,0.258,-0.3048
000513.SZ,20250331,20250424,4.5434,2.853,3.7089,63.17,1.0126,0.7089,25.27,37.21,0.13,-0.12
000513.SZ,20250331,20250424,4.5434,2.853,3.7089,63.17,1.0126,0.7089,25.27,37.21,0.13,-0.12
000514.SZ,20250930,20251029,4.3467,2.4403,3.1724,200.85,0.7681,0.5376,80.34,43.86,0.0264,0.6255
000514.SZ,20250930,20251029,4.3467,2.4403,3.1724,200.85,0.7681,0.5376,80.34,43.86,0.0264,0.6255
000514.SZ,20250630,20250823,5.1883,2.9583,3.8458,339.38,0.7959,0.5572,135.75,42.98,0.0189,0.7469
000514.SZ,20250331,20250429,4.8295,2.7715,3.6029,581.37,0.808,0.5656,232.55,42.61,0.0103,1.0845
000516.SZ,20250930,20251030,-8.3752,-2.6127,-3.3965,-31.22,0.272,0.1904,-12.49,68.8,0.2933,-4.1598
000516.SZ,20250630,20250822,-4.62,-1.4822,-1.9269,-26.83,0.2834,0.1984,-10.73,67.92,0.1971,-4.626
000516.SZ,20250331,20250423,-2.9365,-0.9502,-1.2353,-33.34,0.287,0.2009,-13.33,67.64,0.0952,-3.2909
000516.SZ,20250331,20250423,-2.9365,-0.9502,-1.2353,-33.34,0.287,0.2009,-13.33,67.64,0.0952,-3.2909
000517.SZ,20250930,20251028,-1.1102,-0.4981,-0.6476,-4.91,0.4883,0.3418,-1.96,55.13,0.2749,-15.0495
000517.SZ,20250630,20250830,0.6245,0.2765,0.3594,0.14,0.4767,0.3337,0.06,55.73,0.2331,-14.4474
000517.SZ,20250331,20250429,0.3315,0.1332,0.1731,0.69,0.4028,0.2819,0.28,59.83,0.1491,
000517.SZ,20250331,20250429,0.3315,0.1332,0.1731,0.69,0.4028,0.2819,0.28,59.83,0.1491,
000518.SZ,20250930,20251025,-3.4753,-2.6312,-3.4205,-11.46,1.8702,1.3092,-4.58,24.29,0.5469,-7.6341
000518.SZ,20250630,20250827,-2.7543,-2.0436,-2.6567,-14.28,1.7254,1.2078,-5.71,25.8,0.3334,
000518.SZ,20250331,20250430,-4.3751,-2.9882,-3.8846,-97.84,1.2927,0.9049,-39.14,31.7,0.0778,-1.6065
000518.SZ,20241231,20250429,-25.7771,-18.1254,-23.563,-139.8,1.4213,0.9949,-55.92,29.68,0.3314,-1.0131
000519.SZ,20250930,20251028,-0.5749,-0.3406,-0.4428,-5.34,0.8722,0.6105,-2.14,40.76,0.2047,12.3697
000519.SZ,20250930,20251028,-0.5749,-0.3406,-0.4428,-5.34,0.8722,0.6105,-2.14,40.76,0.2047,12.3697
000519.SZ,20250630,20250822,-0.3976,-0.2625,-0.3412,-5.8,1.1654,0.8158,-2.32,33.99,0.1383,28.3322
000519.SZ,20250331,20250429,-1.2665,-0.801,-1.0413,-56.19,1.0326,0.7228,-22.48,36.75,0.0385,-1.0086
000520.SZ,20250930,20251027,-12.9113,-8.2379,-10.7093,-25.35,1.0576,0.7403,-10.14,36.2,0.8487,-0.917
000520.SZ,20250630,20250830,0.2678,0.1808,0.235,0.89,1.2468,0.8728,0.36,32.49,0.5119,
000520.SZ,20250331,20250429,-0.5473,-0.3713,-0.4827,-3.8,1.2658,0.8861,-1.52,32.16,0.247,
000520.SZ,20241231,20250429,-16.4895,-11.4379,-14.8693,-23.29,1.3585,0.951,-9.32,30.64,1.2649,-1.492
000521.SZ,20250930,20251023,7.9432,2.1837,2.8388,4.96,0.2275,0.1592,1.98,72.51,1.0573,-1.7531
000521.SZ,20250630,20250821,6.806,1.6193,2.1051,5.94,0.1873,0.1311,2.38,76.21,0.7005,-2.2609
000521.SZ,20250331,20250422,2.94,0.7582,0.9857,6.32,0.2085,0.146,2.53,74.21,0.2954,8.0743
000521.SZ,20241231,20250403,11.742,3.1722,4.1238,6.33,0.2221,0.1555,2.53,72.98,1.3191,-4.6773
000523.SZ,20250930,20251031,3.4249,2.0206,2.6268,14.0,0.8633,0.6043,5.6,41.0,0.4675,-4.1685
000523.SZ,20250630,20250829,1.6986,1.019,1.3247,12.38,0.8996,0.6297,4.95,40.01,0.2905,-9.0113
000523.SZ,20250331,20250429,0.614,0.373,0.4849,10.15,0.9284,0.6499,4.06,39.26,0.1422,
000523.SZ,20250331,20250429,0.614,0.373,0.4849,10.15,0.9284,0.6499,4.06,39.26,0.1422,
000524.SZ,20250930,20251031,2.8861,1.7226,2.2394,5.13,0.8883,0.6218,2.05,40.31,0.9052,-2.007
000524.SZ,20250630,20250827,2.1874,1.3337,1.7339,6.11,0.9374,0.6562,2.44,39.03,0.5615,-1.66
000524.SZ,20250331,20250429,1.1657,0.7624,0.9912,7.14,1.1344,0.7941,2.85,34.59,0.255,4.485
000524.SZ,20250331,20250429,1.1657,0.7624,0.9912,7.14,1.1344,0.7941,2.85,34.59,0.255,4.485
000525.SZ,20250930,20251029,-9.9174,-3.915,-5.0894,-30.49,0.3913,0.2739,-12.2,60.52,0.3301,-1.6902
000525.SZ,20250630,20250829,-7.5341,-2.9162,-3.791,-36.67,0.3789,0.2652,-14.67,61.29,0.2028,
000525.SZ,20250630,20250829,-7.5341,-2.9162,-3.791,-36.67,0.3789,0.2652,-14.67,61.29,0.2028,-1.632
000525.SZ,20250331,20250426,1.0169,0.4251,0.5527,7.04,0.4311,0.3017,2.82,58.19,0.1179,-1.1445
000526.SZ,20250930,20251028,25.359,5.8097,7.5526,21.68,0.1783,0.1248,8.67,77.09,0.6483,-2.2095
000526.SZ,20250630,20250828,25.5922,6.5032,8.4541,29.96,0.2044,0.1431,11.98,74.59,0.5074,0.2403
000526.SZ,20250630,20250828,25.5922,6.5032,8.4541,29.96,0.2044,0.1431,11.98,74.59,0.5074,0.2403
000526.SZ,20250331,20250426,8.7895,1.7581,2.2856,21.27,0.15,0.105,8.51,80.0,0.2166,-5.2029
000528.SZ,20250930,20251025,8.1233,3.1621,4.1108,12.32,0.3824,0.2677,4.93,61.07,0.5227,0.5617
000528.SZ,20250630,20250827,6.9041,2.647,3.4411,15.84,0.3731,0.2611,6.34,61.66,0.368,0.6305
000528.SZ,20250331,20250426,3.6982,1.451,1.8863,17.58,0.3874,0.2712,7.03,60.77,0.1874,1.2095
000528.SZ,20250331,20250426,3.6982,1.451,1.8863,17.58,0.3874,0.2712,7.03,60.77,0.1874,1.2095
000529.SZ,20250930,20251029,2.1177,0.9988,1.2985,10.1,0.5356,0.3749,4.04,52.84,0.2584,3.1148
000529.SZ,20250630,20250827,2.3163,1.1211,1.4574,16.42,0.5628,0.394,6.57,51.6,0.1777,2.8801
000529.SZ,20250331,20250428,0.4378,0.2202,0.2862,7.49,0.6071,0.425,2.99,49.71,0.0802,11.4202
000529.SZ,20241231,20250428,3.8595,1.9836,2.5786,13.23,0.6344,0.4441,5.29,48.61,0.3524,-1.3907
000530.SZ,20250930,20251023,2.8599,1.225,1.5926,6.47,0.4496,0.3147,2.59,57.16,0.4756,1.1636
000530.SZ,20250930,20251023,2.8599,1.225,1.5926,6.47,0.4496,0.3147,2.59,57.16,0.4756,1.1636
000530.SZ,20250630,20250814,2.5239,1.0941,1.4223,8.59,0.4591,0.3214,3.44,56.65,0.3184,1.0133
000530.SZ,20250630,20250814,2.5239,1.0941,1.4223,8.59,0.4591,0.3214,3.44,56.65,0.3184,1.0133
000531.SZ,20250930,20251031,6.4655,2.7205,3.5366,35.79,0.4359,0.3051,14.32,57.92,0.1697,-0.4403
000531.SZ,20250630,20250830,3.2426,1.3429,1.7457,28.28,0.4241,0.2969,11.31,58.59,0.111,-0.3518
000531.SZ,20250331,20250430,1.4618,0.575,0.7476,25.12,0.3891,0.2724,10.05,60.66,0.0533,1.5246
000531.SZ,20241231,20250409,2.5296,0.9667,1.2568,11.43,0.3711,0.2598,4.57,61.78,0.2224,-3.5612
000532.SZ,20250930,20251029,6.7816,4.5803,5.9544,79.35,1.2485,0.8739,31.74,32.46,0.1471,-0.531
000532.SZ,20250630,20250828,2.43,1.6229,2.1098,40.89,1.2065,0.8445,16.36,33.21,0.0969,-3.1994
000532.SZ,20250630,20250828,2.43,1.6229,2.1098,40.89,1.2065,0.8445,16.36,33.21,0.0969,-3.1994
000532.SZ,20250331,20250425,2.4581,1.5892,2.0659,84.75,1.0974,0.7682,33.9,35.35,0.0452,-2.247
000533.SZ,20250930,20251030,8.8656,3.4455,4.4792,17.35,0.3814,0.267,6.94,61.14,0.5492,-0.7401
000533.SZ,20250630,20250820,4.556,1.6678,2.1681,13.84,0.3465,0.2425,5.54,63.39,0.3637,-0.6587
000533.SZ,20250331,20250430,2.2208,0.7835,1.0185,15.55,0.3271,0.2289,6.22,64.72,0.1626,0.305
000533.SZ,20241231,20250416,11.4433,3.9716,5.163,13.72,0.3189,0.2232,5.49,65.29,0.8591,-0.5129
000534.SZ,20250930,20251027,11.6055,4.6415,6.0339,39.95,0.3999,0.2799,15.98,60.01,0.2261,0.9042
000534.SZ,20250630,20250823,8.3569,3.3947,4.4131,42.88,0.4105,0.2873,17.15,59.38,0.1545,0.9487
000534.SZ,20250331,20250428,5.0959,2.0949,2.7234,52.33,0.4189,0.2932,20.93,58.89,0.0832,1.3267
000534.SZ,20250331,20250428,5.0959,2.0949,2.7234,52.33,0.4189,0.2932,20.93,58.89,0.0832,1.3267
000536.SZ,20250930,20251021,-77.2303,-8.4159,-10.9407,-173.8,0.0734,0.0514,-69.52,89.1,0.184,-0.9448
000536.SZ,20250630,20250815,-45.045,-7.2174,-9.3827,-165.37,0.1145,0.0801,-66.15,83.98,0.1298,-0.852
000536.SZ,20250331,20250422,-19.7419,-3.8925,-5.0602,-170.52,0.1474,0.1031,-68.21,80.28,0.0601,-1.0701
000536.SZ,20241231,20250415,-60.6078,-13.5206,-17.5768,-162.61,0.1723,0.1206,-65.04,77.69,0.2626,-1.3484
000537.SZ,20250930,20251027,4.0679,1.1216,1.4581,81.07,0.2284,0.1599,32.43,72.43,0.0404,-4.0344
000537.SZ,20250630,20250829,3.1385,0.871,1.1323,91.71,0.2305,0.1613,36.68,72.25,0.0257,
000537.SZ,20250630,20250829,3.1385,0.871,1.1323,91.71,0.2305,0.1613,36.68,72.25,0.0257,-1.0973
000537.SZ,20250331,20250429,1.2888,0.3586,0.4662,84.98,0.2313,0.1619,33.99,72.18,0.0114,-1.335
000538.SZ,20250930,20251031,12.1609,9.0774,11.8006,39.06,1.7663,1.2364,15.62,25.36,0.577,0.0681
000538.SZ,20250630,20250830,9.1696,6.8098,8.8528,42.86,1.7315,1.212,17.15,25.73,0.3957,-0.0883
000538.SZ,20250331,20250429,4.8609,3.6551,4.7516,44.45,1.8188,1.2731,17.78,24.81,0.2023,0.6297
000538.SZ,20250331,20250429,4.8609,3.6551,4.7516,44.45,1.8188,1.2731,17.78,24.81,0.2023,
000539.SZ,20250930,20251031,2.5208,0.5181,0.6735,5.78,0.1552,0.1086,2.31,79.45,0.211,-10.6295
000539.SZ,20250630,20250828,0.1417,0.0281,0.0365,1.05,0.1484,0.1039,0.42,80.17,0.1299,
000539.SZ,20250630,20250828,0.1417,0.0281,0.0365,1.05,0.1484,0.1039,0.42,80.17,0.1299,
000539.SZ,20250331,20250430,-1.6801,-0.3374,-0.4387,-11.38,0.1508,0.1056,-4.55,79.92,0.06,-6.2222
000541.SZ,20250930,20251030,2.1229,1.2873,1.6735,6.99,0.9243,0.647,2.8,39.36,0.3818,0.7081
000541.SZ,20250630,20250828,1.7302,1.0424,1.3551,8.43,0.9092,0.6365,3.37,39.76,0.2555,0.9146
000541.SZ,20250331,20250425,0.9787,0.5936,0.7717,10.17,0.9248,0.6474,4.07,39.35,0.1258,2.7725
000541.SZ,20241231,20250425,6.9392,4.1112,5.3446,14.46,0.8723,0.6106,5.79,40.75,0.5308,-0.3294
000543.SZ,20250930,20251025,11.5507,4.274,5.5562,32.76,0.3524,0.2467,13.11,63.0,0.323,-2.3435
000543.SZ,20250630,20250826,6.7729,2.3964,3.1153,30.75,0.3285,0.23,12.3,64.62,0.1963,-1.8508
000543.SZ,20250331,20250428,2.776,0.9874,1.2836,27.78,0.3312,0.2319,11.11,64.43,0.0959,-3.9709
000543.SZ,20241231,20250425,13.9095,4.8674,6.3276,24.87,0.323,0.2261,9.95,65.01,0.4732,-0.8214
000544.SZ,20250930,20251030,9.8213,2.7431,3.566,68.11,0.2325,0.1628,27.24,72.07,0.0939,1.3589
000544.SZ,20250630,20250828,6.9974,1.8654,2.425,74.17,0.2181,0.1527,29.67,73.34,0.0595,1.7745
000544.SZ,20250630,20250828,6.9974,1.8654,2.425,74.17,0.2181,0.1527,29.67,73.34,0.0595,1.7745
000544.SZ,20250331,20250426,3.5876,0.9765,1.2695,81.25,0.2244,0.1571,32.5,72.78,0.0284,1.9586
000545.SZ,20250930,20251030,-22.6011,-10.596,-13.7748,-47.03,0.5296,0.3707,-18.81,53.12,0.4564,-0.6344
000545.SZ,20250630,20250826,-17.6704,-7.977,-10.3701,-50.62,0.4938,0.3456,-20.25,54.86,0.327,-0.5945
000545.SZ,20250331,20250429,-1.352,-0.6198,-0.8057,-7.09,0.5078,0.3555,-2.84,54.16,0.1819,0.2214
000545.SZ,20250331,20250429,-1.352,-0.6198,-0.8057,-7.09,0.5078,0.3555,-2.84,54.16,0.1819,0.2214
000546.SZ,20250930,20251028,-2.478,-1.993,-2.5909,-4.75,2.4654,1.7257,-1.9,19.57,1.2053,-0.1656
000546.SZ,20250930,20251028,-2.478,-1.993,-2.5909,-4.75,2.4654,1.7257,-1.9,19.57,1.2053,-0.1656
000546.SZ,20250630,20250830,-1.1989,-0.9616,-1.25,-4.12,2.4309,1.7016,-1.65,19.8,0.7424,0.7696
000546.SZ,20250331,20250430,0.3878,0.3122,0.4058,1.32,2.4772,1.7341,0.53,19.5,0.3068,12.7404
000547.SZ,20250930,20251028,-9.8853,-5.305,-6.8964,-80.68,0.6949,0.4864,-32.27,46.33,0.1574,-0.9648
000547.SZ,20250930,20251028,-9.8853,-5.305,-6.8964,-80.68,0.6949,0.4864,-32.27,46.33,0.1574,
000547.SZ,20250630,20250823,-7.5666,-3.9793,-5.1731,-154.51,0.6656,0.4659,-61.8,47.41,0.0626,-0.4029
000547.SZ,20250331,20250430,-3.5512,-1.8545,-2.4109,-186.83,0.6558,0.4591,-74.73,47.78,0.0258,-0.0655
000548.SZ,20250930,20251031,2.7468,2.3056,2.9973,37.24,3.1353,2.1947,14.89,16.06,0.1458,1.6045
000548.SZ,20250630,20250823,1.7614,1.4564,1.8933,34.24,2.865,2.0055,13.7,17.32,0.1009,2.8243
000548.SZ,20250331,20250426,0.9672,0.7755,1.0081,45.68,2.4269,1.6988,18.27,19.82,0.0409,4.21
000548.SZ,20250331,20250426,0.9672,0.7755,1.0081,45.68,2.4269,1.6988,18.27,19.82,0.0409,4.21
000550.SZ,20250930,20251022,6.6444,2.3033,2.9943,4.18,0.3183,0.2228,1.67,65.33,0.9027,0.7311
000550.SZ,20250630,20250827,6.5037,2.2098,2.8728,10.14,0.3088,0.2162,4.05,66.02,0.5848,1.0879
000550.SZ,20250331,20250424,2.6736,1.0699,1.3909,9.71,0.4003,0.2802,3.88,59.98,0.2743,8.6031
000550.SZ,20250331,20250424,2.6736,1.0699,1.3909,9.71,0.4003,0.2802,3.88,59.98,0.2743,8.6031
000551.SZ,20250930,20251030,8.042,5.0979,6.6273,25.82,1.0389,0.7273,10.33,36.61,0.5048,-0.4757
000551.SZ,20250630,20250819,5.9278,3.6907,4.7979,28.23,0.9898,0.6929,11.29,37.74,0.3342,-0.0868
000551.SZ,20250331,20250429,2.9924,1.8634,2.4224,24.42,0.9903,0.6932,9.77,37.73,0.1922,0.3222
000551.SZ,20250331,20250429,2.9924,1.8634,2.4224,24.42,0.9903,0.6932,9.77,37.73,0.1922,0.3222
000552.SZ,20250930,20251031,-1.6417,-0.8068,-1.0488,-11.43,0.5798,0.4059,-4.57,50.86,0.1797,0.0466
000552.SZ,20250630,20250822,-1.0724,-0.5545,-0.7209,-12.43,0.6425,0.4498,-4.97,48.29,0.1106,3.3382
000552.SZ,20250331,20250429,0.3,0.1572,0.2044,6.39,0.6609,0.4626,2.56,47.59,0.0573,
000552.SZ,20250331,20250429,0.3,0.1572,0.2044,6.39,0.6609,0.4626,2.56,47.59,0.0573,
000553.SZ,20250930,20251030,-2.2583,-0.8346,-1.085,-4.88,0.3517,0.2462,-1.95,63.04,0.4336,-6.6138
000553.SZ,20250630,20250827,-0.4241,-0.1581,-0.2056,-1.34,0.3567,0.2497,-0.53,62.71,0.2982,-22.629
000553.SZ,20250331,20250429,0.7928,0.2973,0.3864,5.27,0.3599,0.2519,2.11,62.51,0.1419,2.3662
000553.SZ,20250331,20250429,0.7928,0.2973,0.3864,5.27,0.3599,0.2519,2.11,62.51,0.1419,2.3662
000554.SZ,20250930,20251023,10.3279,6.6576,8.6549,11.86,1.0884,0.7619,4.75,35.54,1.2981,-0.4193
000554.SZ,20250930,20251023,10.3279,6.6576,8.6549,11.86,1.0884,0.7619,4.75,35.54,1.2981,-0.4193
000554.SZ,20250630,20250828,8.607,5.3323,6.932,14.45,0.977,0.6839,5.78,38.05,0.8689,-0.0699
000554.SZ,20250630,20250828,8.607,5.3323,6.932,14.45,0.977,0.6839,5.78,38.05,0.8689,-0.0699
000555.SZ,20250930,20251031,-1.9096,-0.782,-1.0166,-4.89,0.4161,0.2913,-1.95,59.05,0.678,10.9424
000555.SZ,20250630,20250828,-1.7207,-0.7007,-0.9109,-7.51,0.4121,0.2885,-3.0,59.28,0.3433,28.1944
000555.SZ,20250331,20250426,-1.6605,-0.6912,-0.8985,-13.19,0.4278,0.2995,-5.28,58.38,0.1695,26.3216
000555.SZ,20250331,20250426,-1.6605,-0.6912,-0.8985,-13.19,0.4278,0.2995,-5.28,58.38,0.1695,26.3216
000557.SZ,20250930,20251030,4.7234,4.3183,5.6137,74.82,6.3952,4.4766,29.93,8.58,0.1432,-0.0965
000557.SZ,20250930,20251030,4.7234,4.3183,5.6137,74.82,6.3952,4.4766,29.93,8.58,0.1432,-0.0965
000557.SZ,20250630,20250827,4.7315,4.3133,5.6072,114.88,6.1876,4.3313,45.95,8.84,0.0933,0.2985
000557.SZ,20250331,20250425,1.0701,0.9718,1.2634,51.67,5.9327,4.1529,20.67,9.18,0.0468,-0.612
000558.SZ,20250930,20251029,-1.747,-0.8235,-1.0705,-13.85,0.535,0.3745,-5.54,52.86,0.09,18.4126
000558.SZ,20250630,20250828,0.697,0.3686,0.4792,23.16,0.6734,0.4714,9.26,47.12,0.0852,
000558.SZ,20250630,20250828,0.697,0.3686,0.4792,23.16,0.6734,0.4714,9.26,47.12,0.0852,
000558.SZ,20250331,20250429,2.5799,1.3814,1.7959,63.15,0.6916,0.4841,25.26,46.45,0.0745,2.8704
000559.SZ,20250930,20251028,8.3375,3.2498,4.2248,18.74,0.3833,0.2683,7.5,61.02,0.4434,-0.8842
000559.SZ,20250930,20251028,8.3375,3.2498,4.2248,18.74,0.3833,0.2683,7.5,61.02,0.4434,-0.8842
000559.SZ,20250630,20250827,5.8588,2.2468,2.9209,19.51,0.3732,0.2613,7.8,61.65,0.2968,-0.6259
000559.SZ,20250331,20250426,3.1528,1.3073,1.6994,21.12,0.425,0.2975,8.45,58.54,0.1535,0.1135
000560.SZ,20250930,20251030,0.4502,0.1614,0.2099,1.59,0.3354,0.2348,0.64,64.14,0.2884,-51.8667
000560.SZ,20250630,20250827,0.4086,0.1454,0.1891,2.07,0.3316,0.2321,0.83,64.4,0.1993,-43.8834
000560.SZ,20250331,20250430,0.0668,0.0222,0.0289,1.28,0.2988,0.2091,0.51,66.76,0.0962,
000560.SZ,20241231,20250410,0.7786,0.2432,0.3161,1.4,0.2725,0.1907,0.56,68.77,0.4004,-60.0353
000561.SZ,20250930,20251031,-3.5612,-1.7647,-2.2942,-22.45,0.5894,0.4126,-8.98,50.45,0.1876,4.9448
000561.SZ,20250630,20250830,-3.6405,-1.6814,-2.1858,-42.47,0.5149,0.3605,-16.99,53.81,0.1086,3.2671
000561.SZ,20250331,20250430,-2.6652,-1.0097,-1.3126,-64.08,0.3659,0.2562,-25.63,62.12,0.0454,3.2712
000561.SZ,20241231,20250426,-8.2955,-3.74,-4.862,-33.65,0.4926,0.3448,-13.46,54.92,0.2826,2.112
000563.SZ,20250930,20251028,5.4632,3.5873,4.6635,115.23,1.1474,0.8032,46.09,34.34,0.0804,-0.0329
000563.SZ,20250630,20250827,4.0039,2.7431,3.566,132.72,1.3054,0.9138,53.09,31.49,0.0523,-0.3517
000563.SZ,20250331,20250425,2.1403,1.4163,1.8412,136.96,1.1737,0.8216,54.78,33.83,0.0266,-0.4425
000563.SZ,20241231,20250318,7.7827,5.4697,7.1107,116.22,1.4189,0.9932,46.49,29.72,0.1183,-0.3593
000564.SZ,20250930,20251031,0.4645,0.2301,0.2991,19.8,0.5888,0.4122,7.92,50.47,0.0371,
000564.SZ,20250630,20250829,0.0346,0.0168,0.0219,4.99,0.5673,0.3971,2.0,51.4,0.024,
000564.SZ,20250331,20250429,-0.0409,-0.0216,-0.0281,-6.42,0.6718,0.4703,-2.57,47.18,0.0121,
000564.SZ,20250331,20250429,-0.0409,-0.0216,-0.0281,-6.42,0.6718,0.4703,-2.57,47.18,0.0121,
000565.SZ,20250930,20251029,1.3259,1.0272,1.3353,13.78,2.063,1.4441,5.51,22.53,0.1811,3.1775
000565.SZ,20250630,20250827,1.5417,1.2139,1.578,27.1,2.2217,1.5552,10.84,21.26,0.114,2.4975
000565.SZ,20250331,20250425,0.4223,0.3448,0.4482,17.81,2.6689,1.8683,7.12,18.35,0.0484,
000565.SZ,20241231,20250425,0.352,0.2873,0.3735,3.12,2.6642,1.8649,1.25,18.38,0.2291,
000566.SZ,20250930,20251030,-60.3011,-3.3573,-4.3644,-102.65,0.0354,0.0248,-41.06,94.43,0.1075,-1.1065
000566.SZ,20250630,20250827,-35.5083,-2.4807,-3.2249,-95.51,0.0451,0.0315,-38.2,93.01,0.0745,-1.2025
000566.SZ,20250331,20250430,-13.9228,-1.1821,-1.5367,-92.31,0.0557,0.039,-36.92,91.51,0.034,-0.9412
000566.SZ,20250331,20250430,-13.9228,-1.1821,-1.5367,-92.31,0.0557,0.039,-36.92,91.51,0.034,-0.9412
000567.SZ,20250930,20251030,3.2202,2.0164,2.6213,93.37,1.005,0.7035,37.35,37.38,0.0511,-6.4188
000567.SZ,20250630,20250826,2.7769,1.7388,2.2605,107.15,1.005,0.7035,42.86,37.38,0.0378,-5.1316
000567.SZ,20250331,20250429,1.8414,1.0463,1.3602,109.34,0.7895,0.5527,43.74,43.18,0.0236,0.7601
000567.SZ,20241231,20250429,6.1786,3.4912,4.5386,90.28,0.7795,0.5456,36.11,43.5,0.0919,-0.7377
000568.SZ,20250930,20251031,22.1749,16.8692,21.9299,116.69,1.9077,1.3354,46.67,23.93,0.3456,0.0871
000568.SZ,20250630,20250830,16.3164,10.8514,14.1068,116.75,1.1914,0.8339,46.7,33.49,0.2376,0.2092
000568.SZ,20250331,20250428,9.4159,7.0928,9.2206,123.28,1.8318,1.2823,49.31,24.67,0.1384,0.282
000568.SZ,20250331,20250428,9.4159,7.0928,9.2206,123.28,1.8318,1.2823,49.31,24.67,0.1384,0.282
000570.SZ,20250930,20251030,1.3086,0.8678,1.1282,6.12,1.1813,0.8269,2.45,33.68,0.386,5.8333
000570.SZ,20250630,20250822,2.1403,1.3943,1.8125,12.33,1.1213,0.7849,4.93,34.86,0.287,2.0125
000570.SZ,20250630,20250822,2.1403,1.3943,1.8125,12.33,1.1213,0.7849,4.93,34.86,0.287,2.0125
000570.SZ,20250331,20250430,1.2941,0.8077,1.05,12.7,0.9963,0.6974,5.08,37.59,0.164,1.3371
000571.SZ,20250930,20251028,-55.3713,-18.8555,-24.5122,-77.07,0.3098,0.2169,-30.83,65.95,0.1531,0.3451
000571.SZ,20250930,20251028,-55.3713,-18.8555,-24.5122,-77.07,0.3098,0.2169,-30.83,65.95,0.1531,0.3451
000571.SZ,20250630,20250827,-39.2058,-14.2143,-18.4786,-94.94,0.3413,0.2389,-37.98,63.74,0.0984,0.3527
000571.SZ,20250331,20250430,-15.7702,-5.9404,-7.7225,-124.47,0.3626,0.2538,-49.79,62.33,0.0347,2.608
000572.SZ,20250930,20251028,-4.3303,-2.0307,-2.6399,-31.77,0.5299,0.3709,-12.71,53.1,0.241,2.9868
000572.SZ,20250930,20251028,-4.3303,-2.0307,-2.6399,-31.77,0.5299,0.3709,-12.71,53.1,0.241,2.9868
000572.SZ,20250630,20250826,-4.3347,-2.1229,-2.7598,-56.56,0.5759,0.4031,-22.62,51.02,0.1289,1.2141
000572.SZ,20250331,20250428,-1.7229,-0.8042,-1.0454,-45.41,0.5252,0.3676,-18.16,53.32,0.0508,-0.011
000573.SZ,20250930,20251030,4.5955,3.5208,4.5771,50.72,1.9657,1.376,20.29,23.39,0.1657,1.6515
000573.SZ,20250630,20250829,6.2444,4.5113,5.8647,104.68,1.5619,1.0933,41.87,27.75,0.1066,1.3247
000573.SZ,20250331,20250430,6.8803,4.9185,6.394,224.19,1.5043,1.053,89.68,28.51,0.0544,1.2431
000573.SZ,20241231,20250419,-2.9315,-2.0956,-2.7242,-24.07,1.5041,1.0529,-9.63,28.52,0.2136,-0.6894
000576.SZ,20250930,20251025,4.7511,3.5964,4.6753,55.04,1.8687,1.3081,22.01,24.3,0.176,0.855
000576.SZ,20250930,20251025,4.7511,3.5964,4.6753,55.04,1.8687,1.3081,22.01,24.3,0.176,0.855
000576.SZ,20250630,20250830,2.0919,1.8257,2.3734,36.6,4.1145,2.8802,14.64,12.73,0.1271,0.0887
000576.SZ,20250331,20250426,0.4511,0.4017,0.5223,23.72,4.8837,3.4186,9.49,10.94,0.0522,-2.62
000581.SZ,20250930,20251028,5.7745,4.1685,5.419,34.25,1.5573,1.0901,13.7,27.81,0.2957,0.1747
000581.SZ,20250930,20251028,5.7745,4.1685,5.419,34.25,1.5573,1.0901,13.7,27.81,0.2957,0.1747
000581.SZ,20250630,20250826,3.5492,2.5607,3.3289,30.95,1.5542,1.088,12.38,27.85,0.2028,0.2957
000581.SZ,20250331,20250425,1.7689,1.2803,1.6645,32.31,1.5724,1.1007,12.92,27.62,0.0988,1.5511
000582.SZ,20250930,20251028,4.3137,2.4263,3.1542,40.74,0.7713,0.5399,16.3,43.75,0.1506,-1.765
000582.SZ,20250630,20250823,2.9243,1.653,2.1489,42.01,0.7801,0.5461,16.8,43.47,0.0977,-1.6424
000582.SZ,20250331,20250429,1.1064,0.6137,0.7978,33.5,0.7474,0.5232,13.4,44.53,0.0456,-4.0605
000582.SZ,20250331,20250429,1.1064,0.6137,0.7978,33.5,0.7474,0.5232,13.4,44.53,0.0456,-4.0605
000586.SZ,20250930,20251024,4.4568,2.511,3.2643,10.65,0.7743,0.542,4.26,43.66,0.6128,0.076
000586.SZ,20250630,20250821,2.6125,1.4688,1.9094,9.38,0.7705,0.5394,3.75,43.78,0.4037,0.7636
000586.SZ,20250331,20250430,0.7908,0.4731,0.6151,8.22,0.8936,0.6255,3.29,40.17,0.1535,-6.7462
000586.SZ,20250331,20250430,0.7908,0.4731,0.6151,8.22,0.8936,0.6255,3.29,40.17,0.1535,-6.7462
000589.SZ,20250930,20251028,5.0844,2.4914,3.2388,14.25,0.5765,0.4035,5.7,51.0,0.4381,0.0169
000589.SZ,20250630,20250829,2.8356,1.3938,1.812,12.11,0.58,0.406,4.84,50.85,0.2891,0.65
000589.SZ,20250331,20250429,0.7501,0.3707,0.482,6.63,0.5864,0.4105,2.65,50.57,0.1403,2.3725
000589.SZ,20250331,20250429,0.7501,0.3707,0.482,6.63,0.5864,0.4105,2.65,50.57,0.1403,2.3725
000590.SZ,20250930,20251030,-2.5084,-1.5541,-2.0203,-16.75,0.9771,0.684,-6.7,38.04,0.2295,-3.2359
000590.SZ,20250630,20250827,-2.9119,-1.685,-2.1904,-30.3,0.824,0.5768,-12.12,42.14,0.1408,-2.802
000590.SZ,20250331,20250428,-2.7547,-1.5769,-2.0499,-62.33,0.8033,0.5623,-24.93,42.76,0.0641,2.3078
000590.SZ,20250331,20250428,-2.7547,-1.5769,-2.0499,-62.33,0.8033,0.5623,-24.93,42.76,0.0641,2.3078
000591.SZ,20250930,20251030,4.7073,2.1765,2.8295,68.8,0.516,0.3612,27.52,53.76,0.0806,-1.7329
000591.SZ,20250630,20250828,2.8555,1.2657,1.6455,62.95,0.4777,0.3344,25.18,55.67,0.0523,0.4852
000591.SZ,20250331,20250430,1.224,0.5848,0.7603,56.0,0.549,0.3843,22.4,52.22,0.0263,1.0
000591.SZ,20241231,20250424,5.2808,2.5355,3.2961,50.81,0.5541,0.3879,20.33,51.99,0.1256,-0.5405
000592.SZ,20250930,20251031,1.6416,0.9834,1.2785,3.23,0.8965,0.6276,1.29,40.09,0.2938,-3.6909
000592.SZ,20250630,20250830,0.7964,0.4676,0.6079,-0.3,0.8533,0.5973,-0.12,41.28,0.2105,
000592.SZ,20250331,20250430,0.229,0.1266,0.1645,6.68,0.7413,0.5189,2.67,44.73,0.0802,
000592.SZ,20241231,20250425,-5.9199,-3.1419,-4.0844,-20.32,0.6786,0.475,-8.13,46.93,0.399,-0.1264
000593.SZ,20250930,20251031,2.8758,1.4424,1.8751,5.06,0.6038,0.4226,2.02,49.84,0.6705,-0.8571
000593.SZ,20250630,20250816,2.8676,1.4306,1.8598,7.11,0.5974,0.4181,2.85,50.11,0.4584,-0.5171
000593.SZ,20250331,20250426,0.3935,0.189,0.2456,1.8,0.5543,0.388,0.72,51.98,0.22,
000593.SZ,20241231,20250426,2.2455,1.0711,1.3924,2.95,0.5472,0.383,1.18,52.3,0.857,-6.1057
000595.SZ,20250930,20251025,28.5362,3.4239,4.4511,61.11,0.0818,0.0573,24.44,88.0,0.0962,-2.196
000595.SZ,20250630,20250829,18.9594,7.9599,10.3479,146.98,0.4342,0.3039,58.79,58.02,0.1126,
000595.SZ,20250630,20250829,18.9594,7.9599,10.3479,146.98,0.4342,0.3039,58.79,58.02,0.1126,0.88
000595.SZ,20250331,20250426,-7.9415,-2.568,-3.3384,-163.35,0.2867,0.2007,-65.34,67.66,0.037,-1.45
000596.SZ,20250930,20251031,15.8033,10.9755,14.2682,62.15,1.364,0.9548,24.86,30.55,0.4172,0.3365
000596.SZ,20250630,20250830,14.6992,10.0613,13.0797,68.04,1.3016,0.9111,27.22,31.55,0.3516,-0.1341
000596.SZ,20250331,20250428,9.1155,5.8456,7.5993,65.3,1.0726,0.7508,26.12,35.87,0.2191,0.2085
000596.SZ,20250331,20250428,9.1155,5.8456,7.5993,65.3,1.0726,0.7508,26.12,35.87,0.2191,0.2085
000597.SZ,20250930,20251028,3.2325,1.3256,1.7233,7.35,0.4171,0.292,2.94,58.99,0.39,-1.1977
000597.SZ,20250630,20250827,2.4277,0.9845,1.2799,8.06,0.4093,0.2865,3.23,59.45,0.2736,0.1811
000597.SZ,20250331,20250429,0.6802,0.2801,0.3641,4.54,0.42,0.294,1.82,58.82,0.1388,1.864
000597.SZ,20250331,20250429,0.6802,0.2801,0.3641,4.54,0.42,0.294,1.82,58.82,0.1388,1.864
000598.SZ,20250930,20251029,9.3734,3.9689,5.1595,69.2,0.4406,0.3084,27.68,57.66,0.1339,-0.3584
000598.SZ,20250630,20250828,5.2916,2.1918,2.8493,59.56,0.4242,0.297,23.82,58.58,0.0865,0.0425
000598.SZ,20250630,20250828,5.2916,2.1918,2.8493,59.56,0.4242,0.297,23.82,58.58,0.0865,0.0425
000598.SZ,20250331,20250429,2.7503,1.128,1.4664,64.22,0.4172,0.292,25.69,58.99,0.0414,0.7745
000599.SZ,20250930,20251025,-17.914,-2.8216,-3.6681,-18.19,0.1122,0.0785,-7.28,84.25,0.3808,-0.5894
000599.SZ,20250630,20250814,-12.437,-2.0738,-2.6959,-19.83,0.1201,0.084,-7.93,83.33,0.2476,-0.2878
000599.SZ,20250630,20250814,-12.437,-2.0738,-2.6959,-19.83,0.1201,0.084,-7.93,83.33,0.2476,-0.2878
000599.SZ,20250331,20250430,-6.7639,-1.199,-1.5588,-22.11,0.1293,0.0905,-8.84,82.27,0.1241,-1.2185
000600.SZ,20250930,20251031,13.6045,5.8033,7.5443,35.17,0.4463,0.3124,14.07,57.34,0.3457,-1.3145
000600.SZ,20250630,20250816,7.9432,3.3047,4.2961,29.56,0.4275,0.2992,11.82,58.4,0.2361,-0.9213
000600.SZ,20250331,20250429,4.1551,1.6105,2.0937,23.87,0.3798,0.2658,9.55,61.24,0.1395,-0.8488
000600.SZ,20250331,20250429,4.1551,1.6105,2.0937,23.87,0.3798,0.2658,9.55,61.24,0.1395,-0.8488
000601.SZ,20250930,20251030,4.0616,1.3759,1.7887,12.64,0.3074,0.2152,5.06,66.12,0.2811,-1.7451
000601.SZ,20250630,20250805,2.2826,0.7806,1.0147,11.37,0.3118,0.2183,4.55,65.8,0.1809,0.3142
000601.SZ,20250630,20250805,2.2826,0.7806,1.0147,11.37,0.3118,0.2183,4.55,65.8,0.1809,0.3142
000601.SZ,20250331,20250428,0.4347,0.1458,0.1895,5.19,0.3027,0.2119,2.08,66.47,0.0855,8.0351
000603.SZ,20250930,20251028,10.1883,5.4094,7.0322,59.57,0.6792,0.4754,23.83,46.91,0.2409,-0.3124
000603.SZ,20250930,20251028,10.1883,5.4094,7.0322,59.57,0.6792,0.4754,23.83,46.91,0.2409,-0.3124
000603.SZ,20250630,20250823,2.3079,1.2126,1.5764,28.47,0.6643,0.465,11.39,47.46,0.1359,-0.8681
000603.SZ,20250331,20250430,0.2726,0.1483,0.1928,7.88,0.7159,0.5011,3.15,45.6,0.0536,20.8417
000605.SZ,20250930,20251028,0.6205,0.2104,0.2735,3.66,0.3079,0.2155,1.46,66.09,0.1416,-0.9893
000605.SZ,20250630,20250830,0.6624,0.2258,0.2935,5.99,0.3103,0.2172,2.4,65.91,0.1048,-0.0175
000605.SZ,20250331,20250425,0.8452,0.2966,0.3856,12.01,0.3244,0.2271,4.8,64.9,0.0691,-1.0098
000605.SZ,20241231,20250425,0.7591,0.2527,0.3285,4.59,0.2993,0.2095,1.83,66.72,0.2183,-14.8421
000607.SZ,20250930,20251031,-3.6784,-1.8582,-2.4157,-21.25,0.6125,0.4288,-8.5,49.48,0.2334,1.5017
000607.SZ,20250630,20250823,-3.3644,-1.6931,-2.2011,-30.07,0.6079,0.4255,-12.03,49.67,0.1443,2.872
000607.SZ,20250331,20250430,-2.3882,-1.2015,-1.562,-52.9,0.6075,0.4252,-21.16,49.69,0.0603,2.1877
000607.SZ,20250331,20250430,-2.3882,-1.2015,-1.562,-52.9,0.6075,0.4252,-21.16,49.69,0.0603,2.1877
000608.SZ,20250930,20251031,-3.1761,-1.8394,-2.3912,-65.9,0.8256,0.578,-26.36,42.09,0.0528,-3.0156
000608.SZ,20250630,20250830,-1.7119,-0.995,-1.2934,-60.34,0.8327,0.5829,-24.13,41.88,0.0281,-2.194
000608.SZ,20250331,20250429,-0.7049,-0.41,-0.533,-40.26,0.8342,0.584,-16.1,41.83,0.0152,-2.41
000608.SZ,20250331,20250429,-0.7049,-0.41,-0.533,-40.26,0.8342,0.584,-16.1,41.83,0.0152,-2.41
000609.SZ,20250930,20251024,-227.508,1.0097,1.3126,-280.87,-0.0027,-0.0019,-112.35,100.44,0.0694,-1.1263
000609.SZ,20250930,20251024,-227.508,1.0097,1.3126,-280.87,-0.0027,-0.0019,-112.35,100.44,0.0694,
000609.SZ,20250630,20250820,-85.2226,-2.5785,-3.352,-158.41,0.0187,0.0131,-63.36,96.97,0.0693,-1.15
000609.SZ,20250331,20250429,-22.7928,-1.2935,-1.6816,-25851.45,0.0361,0.0253,-10340.58,94.32,0.0001,-0.946
000610.SZ,20250930,20251025,-40.8834,-2.6369,-3.428,-58.3,0.0414,0.029,-23.32,93.55,0.1889,-1.1933
000610.SZ,20250630,20250816,-26.8294,-2.0549,-2.6714,-70.69,0.0498,0.0348,-28.28,92.34,0.1073,-1.2689
000610.SZ,20250331,20250419,-14.6556,-1.2957,-1.6845,-92.91,0.0582,0.0407,-37.16,91.16,0.0464,-0.6396
000610.SZ,20241231,20250419,-70.9653,-7.3955,-9.6142,-113.55,0.0698,0.0489,-45.42,89.58,0.2703,-0.9656
000612.SZ,20250930,20251031,13.6957,11.7744,15.3068,45.46,3.6771,2.574,18.19,14.03,0.6152,0.3403
000612.SZ,20250630,20250830,8.3332,6.7668,8.7968,40.49,2.5919,1.8144,16.2,18.8,0.408,0.137
000612.SZ,20250331,20250429,2.5547,2.0044,2.6057,27.21,2.1854,1.5298,10.89,21.54,0.1828,2.3037
000612.SZ,20250331,20250429,2.5547,2.0044,2.6057,27.21,2.1854,1.5298,10.89,21.54,0.1828,2.3037
000615.SZ,20250930,20251029,,,,-51.46,-0.0159,-0.0111,-20.58,102.72,0.2571,-1.0844
000615.SZ,20250630,20250828,,,,-52.18,-0.0056,-0.0039,-20.87,100.94,0.1699,-1.1645
000615.SZ,20250630,20250828,,,,-52.18,-0.0056,-0.0039,-20.87,100.94,0.1699,-1.1645
000615.SZ,20250331,20250429,,,,-47.13,0.0057,0.004,-18.85,99.07,0.0832,-1.0537
000617.SZ,20250930,20251031,3.8698,0.6687,0.8693,2967.76,0.1253,0.0877,1187.1,82.72,0.0233,11.1197
000617.SZ,20250630,20250829,2.533,0.443,0.5759,3116.92,0.1272,0.089,1246.77,82.51,0.0163,14.7252
000617.SZ,20250331,20250430,1.2433,0.2274,0.2956,3039.66,0.1343,0.094,1215.86,81.71,0.0085,64.309
000617.SZ,20250331,20250430,1.2433,0.2274,0.2956,3039.66,0.1343,0.094,1215.86,81.71,0.0085,64.309
000619.SZ,20250930,20251029,-1.4925,-0.8217,-1.0682,-2.51,0.735,0.5145,-1.0,44.95,0.6956,-5.5213
000619.SZ,20250630,20250828,-1.1265,-0.647,-0.8411,-2.98,0.8095,0.5667,-1.19,42.57,0.4694,-3.9513
000619.SZ,20250331,20250425,-0.9531,-0.5361,-0.697,-6.48,0.7715,0.5401,-2.59,43.75,0.1989,-2.5171
000619.SZ,20241231,20250329,-4.4216,-2.531,-3.2903,-5.29,0.8033,0.5623,-2.12,42.76,1.0268,-2.0033
000620.SZ,20250930,20251031,-10.3853,-4.3106,-5.6038,-105.87,0.4258,0.298,-42.35,58.49,0.0973,-1.3068
000620.SZ,20250630,20250830,-3.3312,-1.4457,-1.8794,-50.41,0.4601,0.322,-20.17,56.6,0.0636,-1.6691
000620.SZ,20250331,20250429,-2.1051,-0.9099,-1.1829,-91.69,0.4568,0.3198,-36.68,56.77,0.0243,-0.8966
000620.SZ,20241231,20250429,-10.3881,-4.5411,-5.9034,-54.99,0.466,0.3262,-22.0,56.29,0.2255,-0.5533
000623.SZ,20250930,20251031,7.5861,6.7614,8.7899,343.73,4.9195,3.4436,137.49,10.87,0.0485,0.9301
000623.SZ,20250630,20250830,4.3451,3.8438,4.997,283.77,4.6007,3.2205,113.51,11.54,0.0335,0.8828
000623.SZ,20250331,20250430,1.7684,1.5663,2.0361,207.39,4.6489,3.2543,82.96,11.43,0.0187,0.8935
000623.SZ,20241231,20250423,5.5171,4.8953,6.3638,145.48,4.7233,3.3063,58.19,11.27,0.08,0.9623
000625.SZ,20250930,20251025,3.9752,1.6875,2.1937,4.67,0.4426,0.3098,1.87,57.55,0.5837,0.4942
000625.SZ,20250630,20250823,3.0025,1.3014,1.6918,6.17,0.459,0.3213,2.47,56.66,0.3743,4.7748
000625.SZ,20250331,20250426,1.7485,0.7048,0.9163,8.89,0.4052,0.2837,3.56,59.69,0.1674,3.5221
000625.SZ,20250331,20250426,1.7485,0.7048,0.9163,8.89,0.4052,0.2837,3.56,59.69,0.1674,3.5221
000626.SZ,20250930,20251027,1.362,0.4235,0.5505,0.18,0.2707,0.1895,0.07,68.91,7.8267,15.4866
000626.SZ,20250630,20250827,1.2298,0.3923,0.51,0.24,0.2811,0.1968,0.1,68.1,5.1911,26.1909
000626.SZ,20250331,20250429,0.5477,0.1626,0.2113,0.3,0.2532,0.1773,0.12,70.32,2.3438,85.0591
000626.SZ,20250331,20250429,0.5477,0.1626,0.2113,0.3,0.2532,0.1773,0.12,70.32,2.3438,85.0591
000628.SZ,20250930,20251031,4.4236,0.7816,1.016,4.95,0.1288,0.0901,1.98,82.33,0.2589,5.397
000628.SZ,20250630,20250822,3.1207,0.5213,0.6777,5.2,0.1203,0.0842,2.08,83.29,0.1788,8.5779
000628.SZ,20250331,20250430,0.1318,0.0217,0.0282,-1.23,0.1181,0.0827,-0.49,83.55,0.052,
000628.SZ,20250331,20250430,0.1318,0.0217,0.0282,-1.23,0.1181,0.0827,-0.49,83.55,0.052,
000629.SZ,20250930,20251027,-1.2012,-1.0294,-1.3383,-6.92,3.5958,2.5171,-2.77,14.3,0.4415,-3.5125
000629.SZ,20250630,20250826,-1.6082,-1.3849,-1.8004,-12.59,3.7217,2.6052,-5.04,13.88,0.2877,-0.986
000629.SZ,20250331,20250428,-0.7884,-0.671,-0.8723,-11.4,3.4285,2.3999,-4.56,14.89,0.1421,-0.5566
000629.SZ,20250331,20250428,-0.7884,-0.671,-0.8723,-11.4,3.4285,2.3999,-4.56,14.89,0.1421,-0.5566
000630.SZ,20250930,20251028,5.0579,2.4185,3.1441,4.65,0.5498,0.3849,1.86,52.18,1.4104,0.3714
000630.SZ,20250630,20250818,4.2535,1.9336,2.5137,5.05,0.5001,0.3501,2.02,54.54,0.8858,0.7309
000630.SZ,20250331,20250429,3.2836,1.6588,2.1564,9.52,0.6125,0.4288,3.81,49.48,0.422,-0.34
000630.SZ,20250331,20250429,3.2836,1.6588,2.1564,9.52,0.6125,0.4288,3.81,49.48,0.422,-0.34
000631.SZ,20250930,20251030,1.0366,0.8121,1.0558,52.03,2.1709,1.5196,20.81,21.65,0.0507,-0.0267
000631.SZ,20250630,20250828,0.8715,0.6874,0.8937,64.38,2.2408,1.5685,25.75,21.12,0.0333,-0.595
000631.SZ,20250630,20250828,0.8715,0.6874,0.8937,64.38,2.2408,1.5685,25.75,21.12,0.0333,-0.595
000631.SZ,20250331,20250426,0.2788,0.2338,0.304,75.37,3.1208,2.1846,30.15,16.13,0.0085,
000632.SZ,20250930,20251030,-14.4022,-2.2706,-2.9518,-7.71,0.1123,0.0786,-3.08,84.23,0.5472,-0.984
000632.SZ,20250630,20250828,-10.8772,-1.7666,-2.2966,-7.03,0.1163,0.0814,-2.81,83.76,0.4471,-2.4685
000632.SZ,20250630,20250828,-10.8772,-1.7666,-2.2966,-7.03,0.1163,0.0814,-2.81,83.76,0.4471,-2.4685
000632.SZ,20250331,20250429,-2.9092,-0.4862,-0.6321,-3.64,0.1204,0.0843,-1.45,83.29,0.2482,-9.7911
000633.SZ,20250930,20251021,3.7654,2.5259,3.2837,9.68,1.2228,0.8559,3.87,32.92,0.5517,-1.3564
000633.SZ,20250630,20250815,2.3909,1.2735,1.6555,8.64,0.6838,0.4787,3.45,46.74,0.3617,-2.2857
000633.SZ,20250331,20250418,0.8958,0.3593,0.4671,6.87,0.4019,0.2813,2.75,59.89,0.1688,
000633.SZ,20241231,20250408,6.355,2.448,3.1825,13.7,0.376,0.2632,5.48,61.48,0.7342,-1.2409
000635.SZ,20250930,20251027,-18.72,-9.6524,-12.5481,-48.32,0.6387,0.4471,-19.33,48.44,0.46,-0.0124
000635.SZ,20250630,20250826,-15.1532,-5.4818,-7.1263,-44.86,0.3401,0.2381,-17.94,63.82,0.333,1.0567
000635.SZ,20250331,20250425,-7.7517,-2.9751,-3.8677,-51.38,0.3737,0.2616,-20.55,61.62,0.1529,2.2215
000635.SZ,20241231,20250425,-37.2058,-15.9137,-20.6879,-68.06,0.4484,0.3139,-27.22,57.23,0.7028,-0.0139
000636.SZ,20250930,20251029,1.8486,1.403,1.8239,14.0,1.889,1.3223,5.6,24.11,0.2497,-0.1185
000636.SZ,20250930,20251029,1.8486,1.403,1.8239,14.0,1.889,1.3223,5.6,24.11,0.2497,-0.1185
000636.SZ,20250630,20250822,1.3593,1.0153,1.3199,15.11,1.7709,1.2396,6.04,25.31,0.1682,-1.0927
000636.SZ,20250331,20250428,0.5252,0.4007,0.5209,12.7,1.9302,1.3512,5.08,23.71,0.078,0.7883
000637.SZ,20250930,20251025,-15.6222,-4.8981,-6.3676,-11.36,0.274,0.1918,-4.55,68.65,1.0263,-0.5156
000637.SZ,20250930,20251025,-15.6222,-4.8981,-6.3676,-11.36,0.274,0.1918,-4.55,68.65,1.0263,-0.5156
000637.SZ,20250630,20250830,-13.6549,-4.2087,-5.4713,-15.28,0.2673,0.1871,-6.11,69.18,0.6476,-1.16
000637.SZ,20250331,20250429,-5.5758,-1.7411,-2.2634,-12.26,0.2724,0.1907,-4.9,68.77,0.3348,-1.1657
000638.SZ,20250930,20251031,-5.9152,-3.0365,-3.9474,-16.26,0.6329,0.443,-6.5,48.67,0.6183,0.5906
000638.SZ,20250630,20250829,-3.4066,-1.7826,-2.3174,-10.51,0.6586,0.461,-4.2,47.67,0.5317,3.0
000638.SZ,20250331,20250429,-1.6893,-0.7984,-1.038,-7.47,0.5378,0.3764,-2.99,52.74,0.3333,
000638.SZ,20241231,20250429,6.7421,3.2991,4.2888,3.39,0.5749,0.4024,1.36,51.07,1.0209,-0.9567
000639.SZ,20250930,20251025,0.0764,0.0418,0.0544,-0.32,0.7265,0.5086,-0.13,45.23,0.5731,
000639.SZ,20250930,20251025,0.0764,0.0418,0.0544,-0.32,0.7265,0.5086,-0.13,45.23,0.5731,
000639.SZ,20250630,20250827,-0.6397,-0.3489,-0.4535,-3.19,0.7198,0.5038,-1.27,45.46,0.3461,-3.6977
000639.SZ,20250331,20250425,0.2576,0.1416,0.184,0.25,0.732,0.5124,0.1,45.04,0.1697,
000650.SZ,20250930,20251031,6.0538,5.2618,6.8403,41.39,3.9859,2.7902,16.56,13.08,0.3636,-1.2171
000650.SZ,20250930,20251031,6.0538,5.2618,6.8403,41.39,3.9859,2.7902,16.56,13.08,0.3636,-1.2171
000650.SZ,20250630,20250826,4.6699,4.1303,5.3693,44.97,4.5923,3.2146,17.99,11.56,0.2574,-1.3113
000650.SZ,20250331,20250429,2.6256,2.4044,3.1257,49.9,6.5212,4.5649,19.96,8.43,0.1303,0.2802
000651.SZ,20250930,20251031,15.2294,5.6654,7.365,39.32,0.3554,0.2488,15.73,62.8,0.3588,-1.1149
000651.SZ,20250630,20250829,10.5658,3.6763,4.7792,37.28,0.3202,0.2241,14.91,65.21,0.2538,-0.9452
000651.SZ,20250331,20250428,4.2084,1.571,2.0423,35.79,0.3574,0.2502,14.31,62.67,0.1092,-0.8355
000651.SZ,20250331,20250428,4.2084,1.571,2.0423,35.79,0.3574,0.2502,14.31,62.67,0.1092,-0.8355
000652.SZ,20250930,20251025,1.222,0.1848,0.2402,0.07,0.1069,0.0748,0.03,84.88,0.3214,0.8421
000652.SZ,20250630,20250827,1.1388,0.1582,0.2056,0.09,0.0968,0.0677,0.04,86.11,0.1923,0.9571
000652.SZ,20250331,20250429,0.1329,0.0185,0.024,-1.05,0.0969,0.0678,-0.42,86.1,0.0905,
000652.SZ,20250331,20250429,0.1329,0.0185,0.024,-1.05,0.0969,0.0678,-0.42,86.1,0.0905,
000655.SZ,20250930,20251011,6.4219,5.6566,7.3536,45.16,4.4351,3.1046,18.06,11.92,0.3143,0.0546
000655.SZ,20250630,20250823,4.4242,3.8215,4.9679,49.92,3.8043,2.663,19.97,13.62,0.1938,0.1616
000655.SZ,20250331,20250409,1.4516,1.2811,1.6655,35.11,4.5088,3.1561,14.04,11.74,0.0913,0.9188
000655.SZ,20250331,20250409,1.4516,1.2811,1.6655,35.11,4.5088,3.1561,14.04,11.74,0.0913,
000656.SZ,20250930,20251031,,,,-490.39,-0.0795,-0.0556,-196.16,115.27,0.0328,-0.9417
000656.SZ,20250630,20250830,,,,-787.23,-0.0743,-0.052,-314.89,114.14,0.0134,-0.9277
000656.SZ,20250331,20250429,,,,-600.42,-0.0576,-0.0403,-240.17,110.62,0.0042,-0.7984
000656.SZ,20241231,20250429,,,,-315.95,-0.0533,-0.0373,-126.38,109.76,0.1373,-0.9791
000657.SZ,20250930,20251027,9.7108,4.9897,6.4866,18.26,0.6341,0.4439,7.3,48.62,0.6678,1.0259
000657.SZ,20250630,20250827,5.9758,3.1719,4.1235,17.88,0.6787,0.4751,7.15,46.92,0.4259,1.7201
000657.SZ,20250331,20250425,2.5813,1.3265,1.7244,17.62,0.6342,0.444,7.05,48.61,0.1807,3.1927
000657.SZ,20241231,20250425,14.1078,6.715,8.7295,17.52,0.545,0.3815,7.01,52.4,0.9702,-0.4356
000659.SZ,20250930,20251029,-27.2913,-1.215,-1.5795,-16.34,0.028,0.0196,-6.53,95.55,0.4376,-2.446
000659.SZ,20250630,20250827,-18.1897,-0.9554,-1.242,-17.09,0.0333,0.0233,-6.84,94.75,0.2898,-1.4983
000659.SZ,20250331,20250430,-9.0921,-0.5937,-0.7719,-20.34,0.0419,0.0293,-8.14,93.47,0.1313,-0.9801
000659.SZ,20241231,20250411,-44.692,-3.5242,-4.5815,-30.5,0.0514,0.036,-12.2,92.11,0.5576,-1.8545
000661.SZ,20250930,20251031,5.064,4.1754,5.428,27.02,2.8192,1.9734,10.81,17.55,0.3138,0.3898
000661.SZ,20250630,20250830,4.2886,3.4844,4.5297,35.28,2.5996,1.8197,14.11,18.75,0.2101,-0.2267
000661.SZ,20250331,20250421,2.0344,1.7049,2.2164,39.15,3.1044,2.1731,15.66,16.2,0.0955,-0.1965
000661.SZ,20241231,20250421,11.4613,9.6347,12.5251,50.27,3.1648,2.2153,20.11,15.94,0.4358,-0.1852
000663.SZ,20250930,20251030,-1.9585,-1.3748,-1.7873,-23.24,1.4133,0.9893,-9.3,29.8,0.1417,-0.4117
000663.SZ,20250630,20250827,-1.7409,-1.176,-1.5288,-33.77,1.2492,0.8744,-13.51,32.45,0.0846,-1.51
000663.SZ,20250331,20250430,-1.8789,-1.2677,-1.648,-87.78,1.2445,0.8712,-35.11,32.53,0.0353,-0.1833
000663.SZ,20250331,20250430,-1.8789,-1.2677,-1.648,-87.78,1.2445,0.8712,-35.11,32.53,0.0353,-0.1833
000665.SZ,20250930,20251021,-9.2152,-3.7268,-4.8448,-85.51,0.4074,0.2852,-34.2,59.56,0.112,-1.2659
000665.SZ,20250630,20250820,-5.751,-2.3588,-3.0664,-74.97,0.4172,0.292,-29.99,58.98,0.0803,-1.2591
000665.SZ,20250331,20250430,-2.5509,-1.0156,-1.3203,-68.56,0.3969,0.2778,-27.42,60.19,0.0393,-0.644
000665.SZ,20241231,20250429,-16.4417,-7.0092,-9.112,-125.1,0.4459,0.3121,-50.04,57.37,0.1491,-1.027
000668.SZ,20250930,20251027,-3.8057,-2.1212,-2.7575,-37.54,0.7555,0.5289,-15.02,44.26,0.139,-0.3295
000668.SZ,20250630,20250826,-3.4685,-1.9078,-2.4801,-53.88,0.7334,0.5134,-21.55,45.0,0.0873,-2.1882
000668.SZ,20250331,20250429,-2.0097,-1.0982,-1.4276,-45.47,0.7229,0.506,-18.19,45.36,0.0596,-2.769
000668.SZ,20241231,20250429,-40.0775,-21.625,-28.1125,-689.34,0.7032,0.4922,-275.74,46.04,0.0827,-1.0395
000669.SZ,20250930,20251031,-356.298,-11.8854,-15.451,-17.44,0.0207,0.0145,-6.98,96.66,0.3752,-2.5788
000669.SZ,20250930,20251031,-356.298,-11.8854,-15.451,-17.44,0.0207,0.0145,-6.98,96.66,0.3752,-2.5788
000669.SZ,20250630,20250829,-146.0157,-6.0668,-7.8868,-16.66,0.026,0.0182,-6.66,95.85,0.2635,-1.8874
000669.SZ,20250331,20250430,-58.2869,-2.8551,-3.7116,-17.57,0.0309,0.0216,-7.03,95.1,0.145,-1.5702
000670.SZ,20250930,20251025,-115.4664,-21.7141,-28.2284,-2.14,0.139,0.0973,-0.86,81.19,1.7828,-7.0659
000670.SZ,20250630,20250828,-82.2643,-15.5423,-20.205,-3.3,0.1398,0.0978,-1.32,81.11,1.009,0.8759
000670.SZ,20250630,20250828,-82.2643,-15.5423,-20.205,-3.3,0.1398,0.0978,-1.32,81.11,1.009,0.8759
000670.SZ,20250331,20250430,-28.6408,-6.6638,-8.6629,-2.75,0.1819,0.1274,-1.1,76.73,0.4305,-7.9875
000672.SZ,20250930,20251028,5.9255,3.3985,4.418,38.27,0.8069,0.5648,15.31,42.65,0.2088,-0.4424
000672.SZ,20250630,20250826,2.8143,1.5457,2.0094,28.36,0.731,0.5117,11.35,45.08,0.131,-0.8869
000672.SZ,20250331,20250425,0.8893,0.506,0.6578,18.21,0.792,0.5544,7.28,43.1,0.0547,0.0344
000672.SZ,20241231,20250425,7.0546,3.8749,5.0374,27.16,0.7312,0.5118,10.87,45.07,0.3069,-0.6191
000676.SZ,20250930,20251030,2.8293,2.4537,3.1898,12.66,3.92,2.744,5.06,13.27,0.6126,2.0641
000676.SZ,20250630,20250828,1.9608,1.6562,2.1531,12.67,3.2628,2.2839,5.07,15.53,0.4227,3.2447
000676.SZ,20250630,20250828,1.9608,1.6562,2.1531,12.67,3.2628,2.2839,5.07,15.53,0.4227,3.2447
000676.SZ,20250331,20250429,1.063,0.8948,1.1632,13.52,3.1913,2.2339,5.41,15.83,0.2179,4.9042
000677.SZ,20250930,20251024,0.5426,0.3039,0.3951,24.84,0.764,0.5348,9.94,43.99,0.4289,
000677.SZ,20250630,20250822,5.8739,3.4465,4.4804,26.56,0.8519,0.5963,10.62,41.33,0.3116,-0.5904
000677.SZ,20250630,20250822,5.8739,3.4465,4.4804,26.56,0.8519,0.5963,10.62,41.33,0.3116,-0.5904
000677.SZ,20250331,20250425,2.5477,1.3572,1.7644,25.41,0.6841,0.4788,10.17,46.73,0.1368,-0.7417
000678.SZ,20250930,20251031,-3.3638,-1.1989,-1.5586,-8.02,0.3323,0.2326,-3.21,64.36,0.5206,-7.4533
000678.SZ,20250630,20250829,-1.9733,-0.7167,-0.9317,-6.86,0.3422,0.2395,-2.74,63.68,0.3499,-8.3333
000678.SZ,20250331,20250426,-1.7241,-0.6348,-0.8252,-11.53,0.3496,0.2447,-4.61,63.18,0.1592,-2.66
000678.SZ,20241231,20250426,-4.3178,-1.6793,-2.1831,-8.9,0.3819,0.2673,-3.56,61.11,0.6292,-3.5
000679.SZ,20250930,20251031,-25.271,-2.8773,-3.7405,-64.5,0.0771,0.054,-25.8,88.61,0.2588,2.0225
000679.SZ,20250630,20250829,-14.5677,-2.0181,-2.6236,-60.04,0.0965,0.0675,-24.01,86.15,0.1776,3.2175
000679.SZ,20250331,20250430,-5.2333,-0.8423,-1.095,-45.03,0.1151,0.0806,-18.01,83.9,0.0931,-0.9808
000679.SZ,20250331,20250430,-5.2333,-0.8423,-1.095,-45.03,0.1151,0.0806,-18.01,83.9,0.0931,-0.9808
000680.SZ,20250930,20251031,15.1385,4.9404,6.4225,20.04,0.2907,0.2035,8.01,67.37,0.5657,0.5307
000680.SZ,20250630,20250823,10.4112,3.4399,4.4718,20.33,0.2961,0.2072,8.13,66.96,0.3852,0.5958
000680.SZ,20250331,20250430,5.0716,1.5938,2.0719,20.69,0.275,0.1925,8.28,68.57,0.1795,1.9846
000680.SZ,20250331,20250430,5.0716,1.5938,2.0719,20.69,0.275,0.1925,8.28,68.57,0.1795,1.9846
000681.SZ,20250930,20251031,2.0655,1.7078,2.2201,33.6,2.8642,2.0049,13.44,17.32,0.1402,0.132
000681.SZ,20250630,20250828,1.2208,1.0385,1.3501,30.47,3.4188,2.3932,12.19,14.93,0.0934,0.3104
000681.SZ,20250630,20250828,1.2208,1.0385,1.3501,30.47,3.4188,2.3932,12.19,14.93,0.0934,0.3104
000681.SZ,20250331,20250424,0.4979,0.4163,0.5412,26.37,3.062,2.1434,10.55,16.38,0.044,-0.9409
000682.SZ,20250930,20251025,9.3262,4.1775,5.4308,21.79,0.4868,0.3408,8.72,55.21,0.3989,1.7167
000682.SZ,20250930,20251025,9.3262,4.1775,5.4308,21.79,0.4868,0.3408,8.72,55.21,0.3989,1.7167
000682.SZ,20250630,20250823,5.7761,2.6554,3.452,22.11,0.5105,0.3574,8.84,54.03,0.2501,2.8226
000682.SZ,20250331,20250429,2.3365,1.0826,1.4074,17.97,0.518,0.3626,7.19,53.67,0.1127,3.6375
000683.SZ,20250930,20251028,7.3161,3.6459,4.7396,44.78,0.596,0.4172,17.91,50.17,0.2303,-1.7548
000683.SZ,20250630,20250808,5.1731,2.6071,3.3892,45.53,0.6096,0.4267,18.21,49.6,0.1595,-0.7
000683.SZ,20250630,20250808,5.1731,2.6071,3.3892,45.53,0.6096,0.4267,18.21,49.6,0.1595,-0.7
000683.SZ,20250331,20250425,2.3085,1.275,1.6575,42.91,0.7402,0.5181,17.16,44.77,0.0792,-1.3756
000685.SZ,20250930,20251031,6.8262,3.5405,4.6027,96.57,0.6465,0.4526,38.63,48.13,0.0923,1.0445
000685.SZ,20250630,20250830,4.0997,2.0817,2.7062,84.58,0.6189,0.4332,33.83,49.22,0.0623,1.5114
000685.SZ,20250331,20250430,1.7526,0.8886,1.1551,77.11,0.617,0.4319,30.85,49.3,0.029,2.3805
000685.SZ,20241231,20250426,7.0747,3.8906,5.0578,53.32,0.7331,0.5132,21.33,45.01,0.1849,1.2056
000686.SZ,20250930,20251029,5.4623,1.014,1.3182,71.19,0.1368,0.0957,28.48,81.44,0.0388,3.4209
000686.SZ,20250630,20250828,2.2404,0.4453,0.5789,55.05,0.1488,0.1042,22.02,80.12,0.0217,2.9894
000686.SZ,20250331,20250426,1.0558,0.2351,0.3056,36.13,0.1719,0.1203,14.45,77.73,0.0167,12.5078
000686.SZ,20241231,20250426,4.6474,1.0224,1.3291,35.66,0.1692,0.1185,14.27,78.0,0.0755,-11.6292
000688.SZ,20250930,20251029,13.9546,5.7468,7.4708,65.47,0.4201,0.2941,26.19,58.82,0.1943,1.6924
000688.SZ,20250930,20251029,13.9546,5.7468,7.4708,65.47,0.4201,0.2941,26.19,58.82,0.1943,1.6924
000688.SZ,20250630,20250828,15.989,6.8659,8.9257,119.87,0.4516,0.3161,47.95,57.06,0.1242,1.6449
000688.SZ,20250331,20250428,18.5212,8.7102,11.3232,288.42,0.5327,0.3729,115.37,52.97,0.0625,1.5443
000690.SZ,20250930,20251029,6.6321,3.7941,4.9323,30.39,0.8021,0.5615,12.16,42.79,0.3131,-0.7489
000690.SZ,20250630,20250819,4.5383,2.5967,3.3756,32.05,0.8024,0.5617,12.82,42.78,0.2032,-1.2658
000690.SZ,20250331,20250429,2.4255,1.4322,1.8619,37.82,0.8651,0.6056,15.13,40.95,0.0935,-0.76
000690.SZ,20250331,20250429,2.4255,1.4322,1.8619,37.82,0.8651,0.6056,15.13,40.95,0.0935,-0.76
000691.SZ,20250930,20251029,,,,-29.62,0.0251,0.0176,-11.85,95.98,0.6023,-1.2771
000691.SZ,20250630,20250828,,,,-27.4,0.0445,0.0311,-10.96,93.1,0.377,-0.6253
000691.SZ,20250331,20250429,,,,-36.17,0.0696,0.0487,-14.47,89.6,0.154,-2.25
000691.SZ,20241231,20250429,,,,-64.55,0.0828,0.058,-25.82,87.87,0.7212,-0.9908
000692.SZ,20250930,20251029,-1164.1937,45.0904,58.6175,-85.68,-0.0224,-0.0157,-34.27,103.87,0.2225,0.5293
000692.SZ,20250630,20250826,-126.6109,-0.8168,-1.0618,-37.44,0.0039,0.0027,-14.97,99.35,0.2199,3.7975
000692.SZ,20250331,20250430,-22.1364,-0.668,-0.8684,-10.95,0.0187,0.0131,-4.38,96.98,0.2167,14.8863
000692.SZ,20250331,20250430,-22.1364,-0.668,-0.8684,-10.95,0.0187,0.0131,-4.38,96.98,0.2167,14.8863
000695.SZ,20250930,20251029,-37.3731,-3.5694,-4.6402,-33.34,0.0634,0.0443,-13.34,90.45,0.2278,1.8485
000695.SZ,20250630,20250828,-26.8436,-3.3267,-4.3247,-39.84,0.0849,0.0594,-15.93,87.61,0.1618,1.2922
000695.SZ,20250630,20250828,-26.8436,-3.3267,-4.3247,-39.84,0.0849,0.0594,-15.93,87.61,0.1618,1.2922
000695.SZ,20250331,20250430,-6.4959,-1.1078,-1.4402,-26.1,0.1234,0.0864,-10.44,82.95,0.0737,0.7607
000697.SZ,20250930,20251031,-519.727,3.9172,5.0923,-32.43,-0.0045,-0.0031,-12.97,100.75,0.372,-0.4656
000697.SZ,20250630,20250828,-144.407,-1.6617,-2.1602,-28.18,0.007,0.0049,-11.27,98.85,0.252,0.3074
000697.SZ,20250331,20250430,-56.1192,-1.5148,-1.9693,-31.42,0.0166,0.0117,-12.57,97.3,0.1249,-0.2577
000697.SZ,20241231,20250418,-99.0946,-2.5993,-3.379,-37.56,0.0162,0.0113,-15.03,97.38,0.4863,-0.6297
000698.SZ,20250930,20251025,6.227,1.7691,2.2998,5.55,0.2381,0.1667,2.22,71.59,0.7882,-4.1622
000698.SZ,20250930,20251025,6.227,1.7691,2.2998,5.55,0.2381,0.1667,2.22,71.59,0.7882,-4.1622
000698.SZ,20250630,20250823,4.4198,1.1945,1.5528,6.07,0.2222,0.1555,2.43,72.97,0.4985,-3.1947
000698.SZ,20250331,20250424,2.3177,0.6223,0.809,7.07,0.2202,0.1542,2.83,73.15,0.2238,-4.1114
000700.SZ,20250930,20251031,9.9973,5.4282,7.0567,18.32,0.7128,0.499,7.33,45.7,0.6468,-0.255
000700.SZ,20250930,20251031,9.9973,5.4282,7.0567,18.32,0.7128,0.499,7.33,45.7,0.6468,-0.255
000700.SZ,20250630,20250830,7.9296,3.8943,5.0626,21.54,0.579,0.4053,8.61,50.89,0.4155,0.1947
000700.SZ,20250331,20250430,4.1638,1.8848,2.4502,23.16,0.4962,0.3474,9.26,54.73,0.1945,0.3043
000701.SZ,20250930,20251025,0.2972,0.0578,0.0751,0.28,0.1448,0.1013,0.11,80.56,1.7951,15.2962
000701.SZ,20250630,20250823,-2.5301,-0.4905,-0.6377,-0.6,0.1443,0.101,-0.24,80.61,1.0611,-4.1137
000701.SZ,20250630,20250823,-2.5301,-0.4905,-0.6377,-0.6,0.1443,0.101,-0.24,80.61,1.0611,-4.1137
000701.SZ,20250331,20250424,0.3832,0.0782,0.1017,0.62,0.1538,0.1077,0.25,79.59,0.4862,14.6879
000702.SZ,20250930,20251028,-2.9309,-1.7003,-2.2104,-3.19,0.829,0.5803,-1.28,41.99,1.3139,2.4503
000702.SZ,20250630,20250827,-2.2307,-1.1736,-1.5257,-3.16,0.6662,0.4663,-1.26,47.39,0.7848,1.303
000702.SZ,20250331,20250428,-2.5211,-1.0483,-1.3627,-11.13,0.427,0.2989,-4.45,58.42,0.2881,5.9846
000702.SZ,20250331,20250428,-2.5211,-1.0483,-1.3627,-11.13,0.427,0.2989,-4.45,58.42,0.2881,5.9846
000703.SZ,20250930,20251030,0.9394,0.2566,0.3335,0.72,0.2255,0.1578,0.29,72.69,0.7659,-0.3486
000703.SZ,20250630,20250819,0.9183,0.2565,0.3334,1.2,0.2325,0.1628,0.48,72.07,0.515,1.7071
000703.SZ,20250630,20250819,0.9183,0.2565,0.3334,1.2,0.2325,0.1628,0.48,72.07,0.515,1.7071
000703.SZ,20250331,20250429,0.2086,0.0576,0.0749,0.71,0.2289,0.1602,0.29,72.38,0.2486,53.365
000705.SZ,20250930,20251031,2.8185,1.8762,2.439,7.87,1.1946,0.8362,3.15,33.43,0.5519,0.4642
000705.SZ,20250630,20250823,2.8326,1.9284,2.5069,10.96,1.2796,0.8957,4.38,31.92,0.4026,0.8888
000705.SZ,20250630,20250823,2.8326,1.9284,2.5069,10.96,1.2796,0.8957,4.38,31.92,0.4026,0.8888
000705.SZ,20250331,20250429,1.8102,1.2597,1.6376,11.93,1.3731,0.9612,4.77,30.41,0.2387,1.4665
000707.SZ,20250930,20251028,-1.0115,-0.5158,-0.6705,4.4,0.6242,0.437,1.76,49.01,0.3296,0.7715
000707.SZ,20250630,20250827,-0.4768,-0.2569,-0.3339,-2.33,0.7007,0.4905,-0.93,46.13,0.2977,0.5489
000707.SZ,20250331,20250430,-0.426,-0.2511,-0.3264,-4.06,0.861,0.6027,-1.62,41.07,0.1596,-3.1546
000707.SZ,20250331,20250430,-0.426,-0.2511,-0.3264,-4.06,0.861,0.6027,-1.62,41.07,0.1596,-3.1546
000708.SZ,20250930,20251025,10.4399,4.147,5.3911,13.83,0.3954,0.2768,5.53,60.28,0.7323,-1.0875
000708.SZ,20250930,20251025,10.4399,4.147,5.3911,13.83,0.3954,0.2768,5.53,60.28,0.7323,-1.0875
000708.SZ,20250630,20250820,6.7979,2.71,3.523,13.39,0.3978,0.2784,5.36,60.13,0.4954,-0.9009
000708.SZ,20250331,20250419,3.3199,1.3544,1.7607,13.47,0.4134,0.2894,5.39,59.2,0.2425,1.6843
000709.SZ,20250930,20251029,1.4027,0.3529,0.4587,2.62,0.2017,0.1412,1.05,74.84,0.357,-11.9354
000709.SZ,20250930,20251029,1.4027,0.3529,0.4587,2.62,0.2017,0.1412,1.05,74.84,0.357,-11.9354
000709.SZ,20250630,20250829,1.0208,0.2604,0.3385,2.68,0.2054,0.1438,1.07,74.49,0.2473,-11.2956
000709.SZ,20250331,20250425,0.3946,0.099,0.1288,2.02,0.2011,0.1407,0.81,74.9,0.12,-16.2573
000710.SZ,20250930,20251031,-3.1865,-2.2423,-2.9151,-18.38,1.425,0.9975,-7.35,29.63,0.29,-0.5326
000710.SZ,20250630,20250830,-1.6394,-1.1377,-1.479,-14.2,1.3605,0.9524,-5.68,30.6,0.1862,0.1699
000710.SZ,20250331,20250428,-0.3862,-0.2718,-0.3533,-6.47,1.4247,0.9973,-2.59,29.63,0.0906,3.895
000710.SZ,20241231,20250425,-10.8609,-7.8115,-10.1549,-43.63,1.537,1.0759,-17.45,28.08,0.4207,-1.4571
000711.SZ,20250930,20251029,-16.8579,-8.5485,-11.113,-90.6,0.6173,0.4321,-36.24,49.29,0.2673,-0.4496
000711.SZ,20250630,20250827,-10.2458,-5.4551,-7.0916,-82.69,0.6832,0.4782,-33.08,46.76,0.1793,-0.2696
000711.SZ,20250331,20250429,-1.9537,-1.1511,-1.4965,-27.36,0.8606,0.6024,-10.94,41.08,0.1022,
000711.SZ,20250331,20250429,-1.9537,-1.1511,-1.4965,-27.36,0.8606,0.6024,-10.94,41.08,0.1022,
000712.SZ,20250930,20251031,6.1653,1.2259,1.5936,58.14,0.1489,0.1042,23.25,80.12,0.0276,-4.5635
000712.SZ,20250630,20250828,5.0925,1.004,1.3051,65.9,0.1473,0.1031,26.36,80.29,0.0179,
000712.SZ,20250630,20250828,5.0925,1.004,1.3051,65.9,0.1473,0.1031,26.36,80.29,0.0179,-3.7727
000712.SZ,20250331,20250430,-4.1058,-0.7697,-1.0006,-934.66,0.1384,0.0969,-373.86,81.25,0.0013,1.0421
000713.SZ,20250930,20251029,-4.6328,-2.6059,-3.3877,-16.01,0.7714,0.54,-6.41,43.75,0.4494,-2.5051
000713.SZ,20250630,20250830,-1.4087,-0.8859,-1.1516,-6.66,1.0166,0.7116,-2.67,37.12,0.3523,2.739
000713.SZ,20250331,20250430,-0.5282,-0.3319,-0.4315,-5.77,1.0147,0.7103,-2.31,37.16,0.1666,2.8314
000713.SZ,20241231,20250312,3.5251,2.264,2.9432,5.19,1.0772,0.754,2.08,35.77,0.941,1.4037
000715.SZ,20250930,20251025,3.5149,2.5624,3.3312,30.51,1.6142,1.1299,12.2,27.1,0.2099,-0.3915
000715.SZ,20250630,20250826,2.5235,1.8522,2.4078,30.43,1.6553,1.1587,12.17,26.6,0.1517,0.1944
000715.SZ,20250331,20250422,1.0524,0.7646,0.994,24.13,1.594,1.1158,9.65,27.35,0.0797,-0.262
000715.SZ,20241231,20250329,5.3477,3.88,5.044,32.91,1.5862,1.1103,13.16,27.45,0.292,-0.09
000716.SZ,20250930,20251030,0.2667,0.1577,0.2051,1.48,0.8687,0.6081,0.59,40.85,0.3201,
000716.SZ,20250630,20250829,0.3042,0.1785,0.232,3.4,0.8516,0.5961,1.36,41.33,0.2016,
000716.SZ,20250331,20250430,0.0877,0.0533,0.0693,0.92,0.9314,0.652,0.37,39.18,0.0973,
000716.SZ,20241231,20250425,3.058,1.8,2.34,9.3,0.8585,0.601,3.72,41.14,0.5444,-3.2115
000717.SZ,20250930,20251030,-0.8538,-0.3346,-0.435,-0.84,0.3867,0.2707,-0.34,60.81,0.9919,-20.1625
000717.SZ,20250930,20251030,-0.8538,-0.3346,-0.435,-0.84,0.3867,0.2707,-0.34,60.81,0.9919,-20.1625
000717.SZ,20250630,20250827,0.0669,0.027,0.0352,0.1,0.4072,0.285,0.04,59.57,0.6428,
000717.SZ,20250331,20250424,-1.6883,-0.6529,-0.8488,-5.84,0.3783,0.2648,-2.33,61.33,0.2804,-3.7546
000718.SZ,20250930,20251028,1.0682,0.7526,0.9783,21.54,1.4305,1.0014,8.62,29.55,0.0837,0.9
000718.SZ,20250630,20250830,1.4576,1.0242,1.3314,36.94,1.4177,0.9924,14.78,29.74,0.0663,1.4558
000718.SZ,20250331,20250430,0.4974,0.3377,0.4391,29.9,1.2692,0.8885,11.96,32.1,0.0274,2.5484
000718.SZ,20250331,20250430,0.4974,0.3377,0.4391,29.9,1.2692,0.8885,11.96,32.1,0.0274,2.5484
000719.SZ,20250930,20251030,6.4581,3.995,5.1935,29.43,0.9731,0.6812,11.77,38.14,0.3565,-0.0273
000719.SZ,20250630,20250828,4.642,2.8282,3.6766,29.93,0.9355,0.6549,11.97,39.07,0.247,-1.2662
000719.SZ,20250331,20250418,0.9524,0.6069,0.789,14.81,1.0541,0.7379,5.93,36.27,0.105,4.4473
000719.SZ,20241231,20250418,9.1891,5.8399,7.5919,26.42,1.0462,0.7323,10.57,36.45,0.5527,-0.325
000720.SZ,20250930,20251031,-0.1682,-0.0793,-0.1031,-0.6,0.5352,0.3747,-0.24,52.85,0.1873,
000720.SZ,20250630,20250830,0.225,0.1079,0.1402,2.04,0.5526,0.3868,0.81,52.05,0.1177,
000720.SZ,20250331,20250428,0.6852,0.3224,0.4191,14.29,0.5331,0.3732,5.72,52.95,0.0542,-48.4341
000720.SZ,20250331,20250428,0.6852,0.3224,0.4191,14.29,0.5331,0.3732,5.72,52.95,0.0542,-48.4341
000721.SZ,20250930,20251025,-32.5814,-5.6812,-7.3855,-49.93,0.1267,0.0887,-19.97,82.56,0.3246,-1.2507
000721.SZ,20250630,20250816,-19.6742,-3.6124,-4.6961,-44.88,0.1349,0.0945,-17.95,81.64,0.2217,-2.0297
000721.SZ,20250331,20250419,-10.1569,-2.0757,-2.6984,-45.66,0.1541,0.1079,-18.27,79.56,0.1185,-1.4931
000721.SZ,20241231,20250419,-35.3601,-7.7596,-10.0874,-48.65,0.1687,0.1181,-19.46,78.06,0.452,-1.7861
000722.SZ,20250930,20251030,2.0484,1.8536,2.4097,51.96,5.7101,3.9971,20.78,9.51,0.0848,-2.3821
000722.SZ,20250630,20250819,1.3149,1.1884,1.545,57.55,5.6378,3.9465,23.02,9.62,0.0488,-1.8
000722.SZ,20250331,20250430,0.1366,0.1234,0.1604,12.77,5.6143,3.93,5.11,9.66,0.0161,
000722.SZ,20250331,20250430,0.1366,0.1234,0.1604,12.77,5.6143,3.93,5.11,9.66,0.0161,
000723.SZ,20250930,20251030,-5.2437,-1.8184,-2.3639,-15.54,0.3185,0.223,-6.22,65.32,0.2903,-3.1065
000723.SZ,20250630,20250822,-4.7862,-1.649,-2.1437,-22.64,0.3154,0.2208,-9.06,65.55,0.1837,-2.2773
000723.SZ,20250331,20250426,-2.5183,-0.8746,-1.137,-25.32,0.3193,0.2235,-10.13,65.27,0.0881,-1.7275
000723.SZ,20241231,20250426,-7.7642,-2.7944,-3.6327,-17.47,0.3374,0.2362,-6.99,64.01,0.4347,-1.8165
000725.SZ,20250930,20251031,3.4503,1.6414,2.1339,7.12,0.5445,0.3811,2.85,52.43,0.3591,-7.1908
000725.SZ,20250630,20250828,2.4419,1.1655,1.5152,7.48,0.5479,0.3835,2.99,52.27,0.2367,-5.7522
000725.SZ,20250331,20250429,1.2159,0.5998,0.7798,9.57,0.5842,0.4089,3.83,50.67,0.119,-8.1275
000725.SZ,20241231,20250422,4.0579,1.9304,2.5095,5.22,0.5444,0.3811,2.09,52.43,0.4672,-8.0579
000726.SZ,20250930,20251031,5.2384,3.7234,4.8404,29.78,1.4746,1.0322,11.91,28.92,0.3061,0.1926
000726.SZ,20250630,20250829,3.7623,2.718,3.5334,32.54,1.5616,1.0931,13.02,27.76,0.2033,0.2659
000726.SZ,20250331,20250430,1.5596,1.1201,1.4562,25.61,1.5292,1.0705,10.24,28.18,0.1044,0.2711
000726.SZ,20241231,20250410,4.3956,3.0992,4.029,17.5,1.4345,1.0041,7.0,29.49,0.4452,-2.0446
000727.SZ,20250930,20251029,-22.7375,-4.9423,-6.425,-6.92,0.1666,0.1166,-2.77,78.26,1.0819,4.5105
000727.SZ,20250930,20251029,-22.7375,-4.9423,-6.425,-6.92,0.1666,0.1166,-2.77,78.26,1.0819,4.5105
000727.SZ,20250630,20250815,-18.1337,-4.2009,-5.4612,-8.98,0.1809,0.1266,-3.59,76.83,0.7066,2.6587
000727.SZ,20250331,20250429,-5.8373,-1.5098,-1.9627,-6.09,0.2093,0.1465,-2.43,74.14,0.352,1.6693
000728.SZ,20250930,20251028,5.4022,1.0977,1.427,101.34,0.153,0.1071,40.54,79.68,0.0279,-3.9878
000728.SZ,20250630,20250826,3.746,0.8027,1.0435,103.41,0.1636,0.1145,41.36,78.57,0.0194,-5.3147
000728.SZ,20250331,20250429,1.727,0.3748,0.4872,105.45,0.1663,0.1164,42.18,78.3,0.0088,1.616
000728.SZ,20250331,20250429,1.727,0.3748,0.4872,105.45,0.1663,0.1164,42.18,78.3,0.0088,1.616
000729.SZ,20250930,20251021,11.6198,7.8373,10.1884,38.29,1.2432,0.8702,15.32,32.55,0.5543,-1.296
000729.SZ,20250630,20250811,7.2695,4.9479,6.4323,37.08,1.2788,0.8951,14.83,31.94,0.356,-1.5528
000729.SZ,20250331,20250425,1.1242,0.7553,0.9819,14.84,1.2287,0.8601,5.94,32.81,0.1633,-7.0717
000729.SZ,20241231,20250422,7.4176,5.0388,6.5505,22.57,1.2709,0.8897,9.03,32.07,0.661,-1.4117
000731.SZ,20250930,20251028,-0.1774,-0.15,-0.195,-0.76,3.2901,2.3031,-0.3,15.42,0.5012,10.7099
000731.SZ,20250930,20251028,-0.1774,-0.15,-0.195,-0.76,3.2901,2.3031,-0.3,15.42,0.5012,10.7099
000731.SZ,20250630,20250826,0.1938,0.1633,0.2123,0.87,3.2145,2.2501,0.35,15.73,0.3398,21.2083
000731.SZ,20250331,20250422,-0.2927,-0.2428,-0.3156,-3.84,2.9168,2.0418,-1.54,17.06,0.1639,11.1461
000733.SZ,20250930,20251025,4.1488,3.3935,4.4116,39.69,2.6958,1.8871,15.87,18.2,0.2136,-0.0303
000733.SZ,20250630,20250822,2.0988,1.7144,2.2287,32.37,2.6756,1.8729,12.95,18.32,0.1324,-2.0412
000733.SZ,20250331,20250424,0.3959,0.3246,0.4219,16.12,2.7294,1.9106,6.45,18.02,0.0503,1.517
000733.SZ,20241231,20250424,6.6684,5.4448,7.0782,46.5,2.6698,1.8689,18.6,18.35,0.2897,-0.6496
000735.SZ,20250930,20251025,0.066,0.0304,0.0395,2.53,0.5126,0.3588,1.01,53.93,0.1591,
000735.SZ,20250930,20251025,0.066,0.0304,0.0395,2.53,0.5126,0.3588,1.01,53.93,0.1591,
000735.SZ,20250630,20250823,-0.1586,-0.073,-0.0949,0.07,0.5114,0.358,0.03,53.99,0.106,
000735.SZ,20250331,20250426,0.1908,0.0887,0.1154,9.28,0.5216,0.3651,3.71,53.49,0.0438,
000736.SZ,20250930,20251031,,,,80.22,0.7739,0.5418,32.09,43.67,0.26,1.0201
000736.SZ,20250930,20251031,,,,80.22,0.7739,0.5418,32.09,43.67,0.26,1.0201
000736.SZ,20250630,20250829,,,,-26.41,0.065,0.0455,-10.56,90.23,0.1297,-1.2582
000736.SZ,20250331,20250429,,,,-13.55,0.071,0.0497,-5.42,89.42,0.1143,-0.7858
000737.SZ,20250930,20251025,10.6932,3.6563,4.7532,8.63,0.3118,0.2182,3.45,65.81,1.066,1.4182
000737.SZ,20250630,20250816,7.6349,2.533,3.293,9.51,0.2979,0.2085,3.8,66.82,0.6801,2.7996
000737.SZ,20250331,20250430,5.7688,2.0262,2.6341,13.57,0.3248,0.2274,5.43,64.88,0.3708,-0.0682
000737.SZ,20250331,20250430,5.7688,2.0262,2.6341,13.57,0.3248,0.2274,5.43,64.88,0.3708,-0.0682
000738.SZ,20250930,20251029,3.223,2.6017,3.3822,25.5,2.5124,1.7587,10.2,19.28,0.2421,-0.6792
000738.SZ,20250630,20250828,2.4897,1.9931,2.591,28.45,2.408,1.6856,11.38,19.95,0.1668,-2.2694
000738.SZ,20250630,20250828,2.4897,1.9931,2.591,28.45,2.408,1.6856,11.38,19.95,0.1668,-2.2694
000738.SZ,20250331,20250429,1.1819,0.9551,1.2416,27.44,2.5268,1.7688,10.97,19.19,0.0825,-2.1219
000739.SZ,20250930,20251022,10.5874,5.6814,7.3859,22.55,0.6948,0.4864,9.02,46.34,0.6253,-0.1021
000739.SZ,20250930,20251022,10.5874,5.6814,7.3859,22.55,0.6948,0.4864,9.02,46.34,0.6253,
000739.SZ,20250630,20250820,8.3473,4.5178,5.8732,25.86,0.7078,0.4955,10.34,45.88,0.4319,0.2769
000739.SZ,20250331,20250418,3.6198,1.9934,2.5914,22.76,0.7354,0.5148,9.1,44.93,0.2147,1.0602
000750.SZ,20250930,20251031,3.1576,0.9869,1.283,73.32,0.2728,0.191,29.33,68.74,0.0389,-14.3173
000750.SZ,20250630,20250830,1.6678,0.5531,0.719,63.44,0.2977,0.2084,25.38,66.84,0.0246,-0.8333
000750.SZ,20250331,20250426,0.9024,0.2723,0.3539,65.38,0.2592,0.1815,26.15,69.83,0.0121,-52.9767
000750.SZ,20241231,20250329,1.9443,0.7481,0.9725,30.31,0.3752,0.2627,12.12,61.52,0.0652,6.0186
000751.SZ,20250930,20251025,1.4368,0.5157,0.6704,0.94,0.336,0.2352,0.38,64.11,1.4397,-3.9843
000751.SZ,20250930,20251025,1.4368,0.5157,0.6704,0.94,0.336,0.2352,0.38,64.11,1.4397,-3.9843
000751.SZ,20250630,20250827,1.7479,0.6462,0.84,1.76,0.3519,0.2463,0.7,63.03,0.9505,3.2
000751.SZ,20250331,20250425,0.7984,0.3076,0.3999,1.75,0.376,0.2632,0.7,61.47,0.4465,-2.8977
000752.SZ,20250930,20251028,38.5122,32.092,41.7196,195.19,2.9992,2.0994,78.08,16.67,0.27,0.3011
000752.SZ,20250630,20250829,10.7458,7.3786,9.5921,64.03,1.3148,0.9203,25.61,31.34,0.1774,-1.5706
000752.SZ,20250331,20250425,2.9842,2.0428,2.6556,46.43,1.302,0.9114,18.57,31.55,0.0939,-4.327
000752.SZ,20241231,20250425,21.0055,13.1675,17.1178,45.73,1.008,0.7056,18.29,37.31,0.4374,-2.8359
000753.SZ,20250930,20251025,1.5646,0.5024,0.6531,8.89,0.2838,0.1986,3.56,67.89,0.1519,3.3385
000753.SZ,20250630,20250823,1.1648,0.3721,0.4838,8.86,0.2817,0.1972,3.54,68.05,0.1048,7.8073
000753.SZ,20250331,20250426,0.5156,0.1699,0.2208,11.46,0.2948,0.2064,4.58,67.05,0.0436,20.6562
000753.SZ,20241231,20250419,1.7772,0.5754,0.748,6.76,0.2873,0.2011,2.7,67.62,0.2983,5.8462
000755.SZ,20250930,20251028,7.2347,3.2534,4.2294,83.75,0.4903,0.3432,33.5,55.03,0.0949,-1.2078
000755.SZ,20250930,20251028,7.2347,3.2534,4.2294,83.75,0.4903,0.3432,33.5,55.03,0.0949,-1.2078
000755.SZ,20250630,20250828,4.5266,1.9596,2.5475,82.53,0.458,0.3206,33.01,56.71,0.0591,-1.0895
000755.SZ,20250630,20250828,4.5266,1.9596,2.5475,82.53,0.458,0.3206,33.01,56.71,0.0591,-1.0895
000756.SZ,20250930,20251025,5.0534,2.9954,3.8941,9.87,0.8733,0.6113,3.95,40.72,0.7467,-0.2616
000756.SZ,20250630,20250827,4.4228,2.5686,3.3392,12.46,0.8312,0.5818,4.98,41.92,0.5082,-0.0606
000756.SZ,20250331,20250429,2.2094,1.2847,1.67,11.9,0.8335,0.5835,4.76,41.86,0.2657,0.9187
000756.SZ,20250331,20250429,2.2094,1.2847,1.67,11.9,0.8335,0.5835,4.76,41.86,0.2657,0.9187
000757.SZ,20250930,20251028,2.7218,1.7607,2.2888,4.9,1.0991,0.7694,1.96,35.31,0.8786,-4.3093
000757.SZ,20250630,20250828,1.9442,1.2563,1.6332,5.22,1.0958,0.767,2.09,35.38,0.5885,-5.4878
000757.SZ,20250630,20250828,1.9442,1.2563,1.6332,5.22,1.0958,0.767,2.09,35.38,0.5885,-5.4878
000757.SZ,20250331,20250425,0.5264,0.3265,0.4244,2.98,0.9798,0.6859,1.19,37.98,0.2731,-18.3806
000758.SZ,20250930,20251029,8.2716,3.368,4.3785,19.04,0.4121,0.2885,7.61,59.28,0.31,1.6564
000758.SZ,20250630,20250826,7.5842,3.0565,3.9734,21.9,0.405,0.2835,8.76,59.7,0.2356,-1.1904
000758.SZ,20250331,20250429,4.2649,1.785,2.3204,26.66,0.4319,0.3023,10.66,58.15,0.1115,2.2391
000758.SZ,20250331,20250429,4.2649,1.785,2.3204,26.66,0.4319,0.3023,10.66,58.15,0.1115,2.2391
000759.SZ,20250930,20251029,-38.6427,-5.1034,-6.6344,-22.15,0.0913,0.0639,-8.86,86.79,0.6496,-1.2056
000759.SZ,20250630,20250827,-15.3371,-2.4407,-3.1729,-13.71,0.1136,0.0795,-5.49,84.09,0.4479,-1.5111
000759.SZ,20250331,20250428,-5.6838,-0.9574,-1.2447,-9.7,0.1215,0.0851,-3.88,83.15,0.2446,-1.8473
000759.SZ,20250331,20250428,-5.6838,-0.9574,-1.2447,-9.7,0.1215,0.0851,-3.88,83.15,0.2446,-1.8473
000761.SZ,20250930,20251029,-20.5796,-4.5274,-5.8856,-15.37,0.1692,0.1185,-6.15,78.0,0.7607,-0.9553
000761.SZ,20250630,20250829,-12.4988,-3.0532,-3.9692,-13.83,0.1939,0.1358,-5.53,75.57,0.5394,-1.2654
000761.SZ,20250331,20250428,-6.6578,-1.688,-2.1944,-15.13,0.2038,0.1427,-6.05,74.65,0.2676,-0.4572
000761.SZ,20241231,20250404,-34.8634,-9.5112,-12.3645,-24.19,0.2251,0.1576,-9.68,72.72,1.1145,-1.2184
000762.SZ,20250930,20251029,-0.2439,-0.1254,-0.163,-41.61,0.6344,0.4441,-16.64,48.61,0.0272,-9.9786
000762.SZ,20250630,20250821,-0.518,-0.2675,-0.3478,-61.18,0.6409,0.4487,-24.47,48.35,0.018,-4.0069
000762.SZ,20250331,20250425,-0.4529,-0.236,-0.3068,-59.87,0.6527,0.4569,-23.95,47.9,0.0091,-1.8333
000762.SZ,20241231,20250402,3.8164,1.9923,2.59,42.94,0.6554,0.4587,17.17,47.8,0.0798,-2.3348
000766.SZ,20250930,20251027,1.0957,0.5569,0.724,7.0,0.6202,0.4341,2.8,49.17,0.198,-1.8411
000766.SZ,20250630,20250821,0.7423,0.3718,0.4833,6.48,0.6021,0.4215,2.59,49.91,0.1441,-3.6437
000766.SZ,20250331,20250421,0.5122,0.2567,0.3337,9.66,0.6027,0.4219,3.87,49.89,0.0665,-2.6
000766.SZ,20241231,20250418,2.4683,1.2416,1.6141,10.58,0.6073,0.4251,4.23,49.7,0.2938,-1.8067
000767.SZ,20250930,20251030,2.7851,0.4992,0.6489,5.51,0.131,0.0917,2.2,82.08,0.1906,-10.8152
000767.SZ,20250930,20251030,2.7851,0.4992,0.6489,5.51,0.131,0.0917,2.2,82.08,0.1906,-10.8152
000767.SZ,20250630,20250829,1.2732,0.2217,0.2882,3.28,0.1265,0.0886,1.31,82.59,0.1252,
000767.SZ,20250630,20250829,1.2732,0.2217,0.2882,3.28,0.1265,0.0886,1.31,82.59,0.1252,
000768.SZ,20250930,20251030,4.6341,1.3634,1.7724,8.2,0.2501,0.1751,3.28,70.58,0.4089,9.2746
000768.SZ,20250630,20250826,3.2419,0.9507,1.2359,8.87,0.249,0.1743,3.55,70.68,0.2641,18.2668
000768.SZ,20250331,20250430,1.3613,0.3904,0.5075,8.55,0.2412,0.1689,3.42,71.33,0.1137,13.3845
000768.SZ,20241231,20250401,5.0454,1.4371,1.8683,5.92,0.239,0.1673,2.37,71.52,0.5586,1.0561
000776.SZ,20250930,20251031,7.2627,1.2153,1.5799,113.49,0.1206,0.0844,45.4,83.27,0.0306,1.1769
000776.SZ,20250630,20250830,4.3341,0.8318,1.0814,113.74,0.1425,0.0998,45.5,80.81,0.0196,1.2047
000776.SZ,20250331,20250430,1.8529,0.3542,0.4604,102.57,0.1418,0.0992,41.03,80.89,0.0092,6.4536
000776.SZ,20250331,20250430,1.8529,0.3542,0.4604,102.57,0.1418,0.0992,41.03,80.89,0.0092,6.4536
000777.SZ,20250930,20251029,5.0185,3.1001,4.0302,25.77,0.9696,0.6787,10.31,38.23,0.294,3.7293
000777.SZ,20250630,20250828,3.468,2.0989,2.7285,27.28,0.9198,0.6438,10.91,39.48,0.1899,5.01
000777.SZ,20250630,20250828,3.468,2.0989,2.7285,27.28,0.9198,0.6438,10.91,39.48,0.1899,5.01
000777.SZ,20250331,20250429,0.0824,0.051,0.0663,1.9,0.9754,0.6827,0.76,38.09,0.0656,
000778.SZ,20250930,20251028,2.7114,1.4553,1.8919,6.93,0.6952,0.4866,2.77,46.33,0.5072,-0.0533
000778.SZ,20250630,20250826,1.5729,0.8246,1.072,6.19,0.6612,0.4628,2.48,47.58,0.3281,-1.5648
000778.SZ,20250331,20250429,0.5382,0.2752,0.3577,4.58,0.6277,0.4394,1.83,48.87,0.1542,21.342
000778.SZ,20250331,20250429,0.5382,0.2752,0.3577,4.58,0.6277,0.4394,1.83,48.87,0.1542,21.342
000779.SZ,20250930,20251025,4.0522,2.9472,3.8314,27.86,1.6004,1.1203,11.14,27.27,0.2585,1.7813
000779.SZ,20250630,20250827,3.4316,2.5085,3.2611,36.04,1.6305,1.1413,14.42,26.9,0.1698,2.8369
000779.SZ,20250331,20250424,1.4252,1.0222,1.3289,33.34,1.522,1.0654,13.34,28.28,0.0755,4.1099
000779.SZ,20241231,20250424,6.1645,4.302,5.5925,29.15,1.3858,0.9701,11.66,30.21,0.3644,0.3961
000782.SZ,20250930,20251030,-3.2638,-1.8478,-2.4021,-7.88,0.783,0.5481,-3.15,43.39,0.6075,0.5963
000782.SZ,20250630,20250815,-2.0873,-1.2154,-1.58,-7.53,0.8364,0.5855,-3.01,41.77,0.4122,6.822
000782.SZ,20250331,20250425,0.069,0.0399,0.0519,0.49,0.8239,0.5767,0.2,42.14,0.2099,
000782.SZ,20241231,20250328,-4.6264,-2.8137,-3.6578,-5.4,0.9313,0.6519,-2.16,39.18,1.03,4.081
000783.SZ,20250930,20251031,8.3491,1.8174,2.3627,99.5,0.1669,0.1169,39.8,78.23,0.0467,-0.0617
000783.SZ,20250630,20250830,4.3633,1.0099,1.3129,92.46,0.1807,0.1265,36.98,76.86,0.0271,
000783.SZ,20250630,20250830,4.3633,1.0099,1.3129,92.46,0.1807,0.1265,36.98,76.86,0.0271,-4.3937
000783.SZ,20250331,20250429,2.4683,0.6251,0.8127,97.48,0.2035,0.1424,38.99,74.67,0.0152,-2.4688
000785.SZ,20250930,20251031,1.9506,0.9069,1.179,10.98,0.5214,0.365,4.39,53.51,0.1916,-2.6
000785.SZ,20250630,20250830,1.6113,0.7174,0.9326,12.82,0.4815,0.337,5.13,55.48,0.1322,-0.828
000785.SZ,20250331,20250430,1.0413,0.447,0.5811,16.72,0.4513,0.3159,6.69,57.07,0.0669,0.0133
000785.SZ,20250331,20250430,1.0413,0.447,0.5811,16.72,0.4513,0.3159,6.69,57.07,0.0669,0.0133
000786.SZ,20250930,20251025,9.8521,7.5119,9.7655,33.34,1.926,1.3482,13.34,23.75,0.5536,0.4088
000786.SZ,20250630,20250819,7.4465,5.7332,7.4531,36.39,2.0077,1.4054,14.56,23.01,0.3837,0.5015
000786.SZ,20250331,20250425,3.2282,2.4518,3.1874,34.21,1.8948,1.3264,13.68,24.05,0.1743,1.2633
000786.SZ,20241231,20250327,14.8739,11.31,14.703,36.08,1.9041,1.3329,14.43,23.96,0.7848,-0.4076
000788.SZ,20250930,20251031,8.6896,6.6835,8.6885,27.61,1.9989,1.3992,11.04,23.09,0.561,0.0316
000788.SZ,20250630,20250822,6.4458,4.4343,5.7646,26.19,1.3227,0.9259,10.48,31.21,0.4152,0.7695
000788.SZ,20250331,20250425,2.9683,1.9954,2.594,22.71,1.2306,0.8614,9.09,32.78,0.2179,2.3264
000788.SZ,20241231,20250425,9.3974,6.212,8.0756,16.75,1.1701,0.8191,6.7,33.9,0.8713,-1.5205
000789.SZ,20250930,20251030,0.111,0.0699,0.0908,1.28,1.0187,0.7131,0.51,37.07,0.2058,
000789.SZ,20250630,20250827,0.5994,0.3833,0.4983,7.1,1.064,0.7448,2.84,36.06,0.137,-3.8495
000789.SZ,20250331,20250429,0.5182,0.3234,0.4205,12.7,0.9963,0.6974,5.08,37.59,0.0649,-3.9147
000789.SZ,20250331,20250429,0.5182,0.3234,0.4205,12.7,0.9963,0.6974,5.08,37.59,0.0649,-3.9147
000790.SZ,20250930,20251030,-9.987,-5.0953,-6.6239,-53.08,0.625,0.4375,-21.23,48.98,0.2225,-0.8941
000790.SZ,20250630,20250829,-5.4815,-2.6726,-3.4743,-46.74,0.5709,0.3996,-18.7,51.24,0.1345,-0.7156
000790.SZ,20250331,20250429,-1.4325,-0.7082,-0.9207,-28.57,0.5867,0.4107,-11.43,50.56,0.0579,-0.3932
000790.SZ,20250331,20250429,-1.4325,-0.7082,-0.9207,-28.57,0.5867,0.4107,-11.43,50.56,0.0579,-0.3932
000791.SZ,20250930,20251031,11.2351,5.2174,6.7826,85.34,0.5202,0.3641,34.14,53.56,0.1754,-1.6645
000791.SZ,20250630,20250815,6.0203,2.8148,3.6593,75.15,0.5269,0.3688,30.06,53.24,0.1084,-1.6972
000791.SZ,20250630,20250815,6.0203,2.8148,3.6593,75.15,0.5269,0.3688,30.06,53.24,0.1084,-1.6972
000791.SZ,20250331,20250430,3.4719,1.6387,2.1304,78.52,0.5364,0.3755,31.41,52.8,0.0617,-1.5274
000792.SZ,20250930,20251025,11.6,9.979,12.9727,108.82,3.6936,2.5855,43.53,13.97,0.2297,-0.9676
000792.SZ,20250630,20250830,6.6492,5.7321,7.4517,99.9,3.7501,2.6251,39.96,13.79,0.143,-1.4502
000792.SZ,20250331,20250424,3.0816,2.6911,3.4985,101.02,4.1352,2.8946,40.41,12.67,0.0674,-0.2321
000792.SZ,20241231,20250329,13.6187,11.7778,15.3111,81.17,3.8386,2.687,32.47,13.52,0.3283,-0.6332
000793.SZ,20250930,20251030,-61.3155,-11.7813,-15.3157,-99.82,0.1427,0.0999,-39.93,80.79,0.1084,-0.1558
000793.SZ,20250630,20250823,-42.9832,-7.739,-10.0608,-144.69,0.1318,0.0922,-57.87,82.0,0.0544,-0.1671
000793.SZ,20250331,20250430,-15.1899,-3.0257,-3.9334,-117.5,0.1492,0.1045,-47.0,80.08,0.0259,-0.268
000793.SZ,20250331,20250430,-15.1899,-3.0257,-3.9334,-117.5,0.1492,0.1045,-47.0,80.08,0.0259,-0.268
000795.SZ,20250930,20251022,7.595,4.8223,6.269,18.76,1.0435,0.7305,7.5,36.51,0.6615,0.0219
000795.SZ,20250630,20250820,5.3495,3.6202,4.7063,21.17,1.2561,0.8793,8.47,32.33,0.4265,0.593
000795.SZ,20250331,20250419,2.5289,1.7831,2.318,21.0,1.4344,1.0041,8.4,29.49,0.2085,-0.4545
000795.SZ,20250331,20250419,2.5289,1.7831,2.318,21.0,1.4344,1.0041,8.4,29.49,0.2085,-0.4545
000796.SZ,20250930,20251028,-3.3962,-1.6928,-2.2006,-7.86,0.5962,0.4174,-3.14,50.16,0.2867,3.6108
000796.SZ,20250630,20250827,-3.0822,-1.4923,-1.94,-17.42,0.5632,0.3942,-6.97,51.58,0.1676,-0.0331
000796.SZ,20250331,20250424,-0.5641,-0.2825,-0.3673,-3.2,0.602,0.4214,-1.28,49.92,0.0744,
000796.SZ,20241231,20250424,-11.6049,-5.3967,-7.0157,-38.6,0.5216,0.3651,-15.44,53.5,0.3112,0.6727
000797.SZ,20250930,20251030,-2.8781,-0.6678,-0.8681,-17.85,0.1813,0.1269,-7.14,76.8,0.0953,0.1585
000797.SZ,20250630,20250830,-1.802,-0.4258,-0.5535,-16.6,0.1856,0.1299,-6.64,76.37,0.0643,1.6182
000797.SZ,20250331,20250430,-0.8747,-0.2144,-0.2787,-14.45,0.1948,0.1364,-5.78,75.49,0.0355,6.4083
000797.SZ,20250331,20250430,-0.8747,-0.2144,-0.2787,-14.45,0.1948,0.1364,-5.78,75.49,0.0355,6.4083
000798.SZ,20250930,20251024,13.852,3.9216,5.0981,8.94,0.2369,0.1659,3.58,71.69,0.4997,-5.6075
000798.SZ,20250630,20250815,21.334,5.8975,7.6667,19.29,0.2292,0.1605,7.72,72.36,0.2875,-3.3853
000798.SZ,20250630,20250815,21.334,5.8975,7.6667,19.29,0.2292,0.1605,7.72,72.36,0.2875,-3.3853
000798.SZ,20250331,20250425,-4.5624,-1.1676,-1.5179,-4.5,0.2064,0.1445,-1.8,74.41,0.1404,-1.6287
000799.SZ,20250930,20251031,-0.2537,-0.2054,-0.2671,-3.23,2.5531,1.7872,-1.29,19.03,0.1562,32.2152
000799.SZ,20250630,20250823,0.2312,0.1773,0.2305,3.99,1.9742,1.382,1.6,23.31,0.1122,27.1087
000799.SZ,20250331,20250429,0.7963,0.6325,0.8223,23.05,2.3176,1.6223,9.22,20.57,0.068,5.0143
000799.SZ,20250331,20250429,0.7963,0.6325,0.8223,23.05,2.3176,1.6223,9.22,20.57,0.068,5.0143
000800.SZ,20250930,20251031,1.4115,0.4952,0.6438,2.32,0.3243,0.227,0.93,64.91,0.5908,-8.4418
000800.SZ,20250630,20250823,0.0749,0.0249,0.0323,0.36,0.2982,0.2087,0.15,66.8,0.3685,
000800.SZ,20250331,20250430,0.1103,0.0372,0.0483,0.61,0.3049,0.2134,0.24,66.31,0.189,
000800.SZ,20241231,20250329,2.4503,0.8957,1.1645,2.81,0.3457,0.242,1.13,63.44,0.8452,10.3878
000801.SZ,20250930,20251030,3.261,1.4578,1.8952,11.09,0.4851,0.3396,4.44,55.3,0.395,-1.0708
000801.SZ,20250630,20250827,2.4125,1.1202,1.4562,12.92,0.5201,0.3641,5.17,53.57,0.2617,-0.7157
000801.SZ,20250331,20250430,0.7132,0.3374,0.4386,8.99,0.5387,0.3771,3.59,52.69,0.1145,-1.8785
000801.SZ,20250331,20250430,0.7132,0.3374,0.4386,8.99,0.5387,0.3771,3.59,52.69,0.1145,-1.8785
000802.SZ,20250930,20251025,-32.758,-12.5209,-16.2771,-305.51,0.3712,0.2599,-122.21,61.78,0.1076,-1.2811
000802.SZ,20250630,20250802,-24.0217,-9.771,-12.7023,-368.64,0.4114,0.288,-147.46,59.32,0.0671,-1.2855
000802.SZ,20250630,20250802,-24.0217,-9.771,-12.7023,-368.64,0.4114,0.288,-147.46,59.32,0.0671,-1.2855
000802.SZ,20250331,20250419,-22.3301,-9.0648,-11.7843,-555.97,0.41,0.287,-222.39,59.41,0.0413,-0.9501
000803.SZ,20250930,20251031,3.6321,1.0343,1.3446,10.99,0.2389,0.1672,4.4,71.52,0.1988,-3.3327
000803.SZ,20250630,20250829,2.7994,0.8102,1.0533,12.93,0.2444,0.1711,5.17,71.06,0.1389,-0.4311
000803.SZ,20250331,20250423,1.959,0.5474,0.7116,16.38,0.2327,0.1629,6.55,72.06,0.0829,1.4233
000803.SZ,20241231,20250423,0.9167,0.2542,0.3305,0.45,0.2303,0.1612,0.18,72.27,0.2734,-25.46
000807.SZ,20250930,20251025,14.5054,11.139,14.4806,29.61,1.9853,1.3897,11.85,23.21,0.9831,-0.5866
000807.SZ,20250630,20250826,9.3824,7.3233,9.5203,27.23,2.1339,1.4937,10.89,21.95,0.6728,-0.342
000807.SZ,20250331,20250424,3.3812,2.5706,3.3418,19.33,1.9028,1.3319,7.73,23.97,0.3364,-0.7858
000807.SZ,20241231,20250327,16.3245,12.5244,16.2817,23.41,1.9775,1.3842,9.36,23.28,1.341,-0.5774
000809.SZ,20250930,20251027,-1.8514,-1.7061,-2.2179,-122.86,7.0447,4.9313,-49.14,7.85,0.0349,0.0705
000809.SZ,20250630,20250828,-1.3101,-1.1075,-1.4398,-769.26,3.2799,2.2959,-307.7,15.46,0.0037,-1.1837
000809.SZ,20250630,20250828,-1.3101,-1.1075,-1.4398,-769.26,3.2799,2.2959,-307.7,15.46,0.0037,-1.1837
000809.SZ,20250331,20250426,-0.5382,-0.4981,-0.6475,-4559.26,7.455,5.2185,-1823.7,7.45,0.0003,-6.4056
000810.SZ,20250930,20251025,1.3382,0.7638,0.993,3.09,0.7979,0.5585,1.24,42.92,0.5921,1.9747
000810.SZ,20250630,20250823,0.8373,0.4731,0.615,2.98,0.7792,0.5455,1.19,43.5,0.3745,4.7015
000810.SZ,20250331,20250410,0.0832,0.0496,0.0644,0.29,0.8842,0.6189,0.12,40.43,0.1689,
000810.SZ,20241231,20250325,3.9157,2.3606,3.0688,6.77,0.9108,0.6375,2.71,39.71,0.7865,-0.3204
000811.SZ,20250930,20251031,7.16,3.7247,4.8421,25.24,0.6506,0.4554,10.09,47.98,0.3963,0.9412
000811.SZ,20250930,20251031,7.16,3.7247,4.8421,25.24,0.6506,0.4554,10.09,47.98,0.3963,0.9412
000811.SZ,20250630,20250821,4.5573,2.4562,3.1931,23.76,0.7014,0.491,9.51,46.1,0.2653,1.9933
000811.SZ,20250331,20250430,1.6,0.8858,1.1515,19.19,0.7441,0.5209,7.68,44.64,0.118,5.1067
000812.SZ,20250930,20251028,0.6548,0.2109,0.2741,4.55,0.285,0.1995,1.82,67.8,0.1914,-12.5649
000812.SZ,20250630,20250813,1.3691,0.491,0.6383,10.91,0.3355,0.2348,4.36,64.14,0.13,5.5864
000812.SZ,20250331,20250425,0.8856,0.3196,0.4155,13.33,0.3388,0.2372,5.33,63.91,0.0699,10.3732
000812.SZ,20241231,20250425,2.3361,0.8455,1.0992,8.79,0.3403,0.2382,3.51,63.81,0.2987,-6.1737
000813.SZ,20250930,20251025,-1.2043,-1.1419,-1.4845,-79.76,10.983,7.6881,-31.91,5.18,0.0526,-1.4375
000813.SZ,20250630,20250823,-0.8439,-0.802,-1.0425,-89.83,11.4719,8.0304,-35.93,4.97,0.0314,-1.6368
000813.SZ,20250331,20250429,-0.4297,-0.412,-0.5356,-81.98,13.9932,9.7952,-32.79,4.11,0.0167,-1.7981
000813.SZ,20241231,20250429,-0.3927,-0.3813,-0.4956,-22.63,20.0086,14.006,-9.05,2.91,0.0872,
000815.SZ,20250930,20251027,2.4241,1.4472,1.8814,31.4,0.8889,0.6222,12.56,40.3,0.1121,2.398
000815.SZ,20250630,20250819,1.4974,0.8814,1.1458,30.14,0.8586,0.601,12.06,41.14,0.0719,7.4433
000815.SZ,20250331,20250428,0.8278,0.4763,0.6192,33.03,0.813,0.5691,13.21,42.46,0.0359,9.825
000815.SZ,20241231,20250314,-34.4522,-18.5568,-24.1238,-150.03,0.7005,0.4903,-60.01,46.14,0.3441,-0.8182
000816.SZ,20250930,20251025,0.5017,0.3651,0.4746,8.74,1.6036,1.1226,3.5,27.23,0.2586,
000816.SZ,20250630,20250816,0.4779,0.3483,0.4528,7.62,1.6129,1.129,3.05,27.11,0.1667,
000816.SZ,20250331,20250426,-0.3238,-0.2314,-0.3008,-9.69,1.5023,1.0516,-3.88,28.54,0.0546,
000816.SZ,20250331,20250426,-0.3238,-0.2314,-0.3008,-9.69,1.5023,1.0516,-3.88,28.54,0.0546,
000818.SZ,20250930,20251030,0.6598,0.2114,0.2749,5.11,0.2829,0.198,2.04,67.96,0.383,-58.17
000818.SZ,20250630,20250822,0.5964,0.1912,0.2486,6.31,0.2831,0.1982,2.52,67.94,0.2589,-27.75
000818.SZ,20250331,20250425,0.2243,0.0732,0.0952,7.3,0.2908,0.2036,2.92,67.35,0.1261,
000818.SZ,20241231,20250425,-32.6755,-10.3968,-13.5158,-57.63,0.28,0.196,-23.05,68.18,0.5732,-0.9065
000819.SZ,20250930,20251029,-1.489,-0.9797,-1.2736,-2.77,1.1541,0.8079,-1.11,34.21,0.8131,1.6345
000819.SZ,20250630,20250819,-1.374,-0.9574,-1.2446,-4.96,1.3788,0.9652,-1.98,30.32,0.4838,2.4753
000819.SZ,20250331,20250419,0.6296,0.4314,0.5608,3.84,1.306,0.9142,1.53,31.48,0.3308,4.0216
000819.SZ,20250331,20250419,0.6296,0.4314,0.5608,3.84,1.306,0.9142,1.53,31.48,0.3308,4.0216
000820.SZ,20250930,20251028,-5.7657,-2.2654,-2.945,-35.12,0.3883,0.2718,-14.05,60.71,0.1929,1.7769
000820.SZ,20250630,20250802,-4.867,-2.3343,-3.0346,-177.01,0.553,0.3871,-70.8,52.04,0.0408,1.7207
000820.SZ,20250331,20250429,-1.2768,-0.6512,-0.8466,-70.11,0.6246,0.4372,-28.04,49.0,0.0285,
000820.SZ,20241231,20250429,-19.8881,-11.8623,-15.421,-57.07,0.8868,0.6208,-22.83,40.35,0.3541,0.9424
000821.SZ,20250930,20251025,6.8401,2.2312,2.9006,14.31,0.2905,0.2033,5.72,67.38,0.3899,0.73
000821.SZ,20250630,20250822,4.9984,1.6328,2.1226,15.84,0.2911,0.2038,6.34,67.33,0.264,1.3906
000821.SZ,20250630,20250822,4.9984,1.6328,2.1226,15.84,0.2911,0.2038,6.34,67.33,0.264,1.3906
000821.SZ,20250331,20250426,2.3334,0.7207,0.9369,15.73,0.2681,0.1877,6.29,69.12,0.1254,0.064
000822.SZ,20250930,20251025,-7.9258,-4.0801,-5.3041,-27.79,0.6366,0.4456,-11.12,48.52,0.399,-0.6668
000822.SZ,20250930,20251025,-7.9258,-4.0801,-5.3041,-27.79,0.6366,0.4456,-11.12,48.52,0.399,-0.6668
000822.SZ,20250630,20250822,-5.0843,-2.9938,-3.8919,-30.16,0.8593,0.6015,-12.06,41.12,0.2523,-2.3338
000822.SZ,20250630,20250822,-5.0843,-2.9938,-3.8919,-30.16,0.8593,0.6015,-12.06,41.12,0.2523,-2.3338
000823.SZ,20250930,20251029,3.7088,2.3666,3.0766,12.14,1.058,0.7406,4.86,36.19,0.5523,-2.1112
000823.SZ,20250630,20250829,2.4015,1.5507,2.0159,12.19,1.0936,0.7655,4.88,35.43,0.3636,-1.5388
000823.SZ,20250331,20250425,0.8711,0.5634,0.7324,9.66,1.0985,0.769,3.86,35.32,0.175,-1.0257
000823.SZ,20241231,20250320,4.5969,2.9159,3.7907,11.22,1.0408,0.7286,4.49,36.57,0.6827,-1.159
000825.SZ,20250930,20251031,1.7288,0.9273,1.2055,2.15,0.6942,0.4859,0.86,46.36,1.0168,-4.633
000825.SZ,20250630,20250830,1.1993,0.6373,0.8285,2.22,0.6804,0.4763,0.89,46.86,0.6859,-5.4232
000825.SZ,20250331,20250428,0.5754,0.2975,0.3867,2.15,0.6423,0.4496,0.86,48.3,0.3442,-6.0727
000825.SZ,20250331,20250428,0.5754,0.2975,0.3867,2.15,0.6423,0.4496,0.86,48.3,0.3442,-6.0727
000826.SZ,20250930,20251031,-55.9177,-7.7349,-10.0553,-48.61,0.0963,0.0674,-19.44,86.17,0.1677,-1.5731
000826.SZ,20250630,20250830,-24.9549,-5.6345,-7.3248,-56.09,0.175,0.1225,-22.44,77.42,0.1121,-1.5611
000826.SZ,20250331,20250429,-5.7845,-1.3279,-1.7263,-24.4,0.1788,0.1251,-9.76,77.04,0.0541,-1.6965
000826.SZ,20241231,20250429,-74.2553,-17.5464,-22.8103,-146.95,0.1856,0.13,-58.78,76.37,0.2356,-1.3061
000828.SZ,20250930,20251030,8.3536,5.2506,6.8258,174.1,1.0153,0.7107,69.64,37.15,0.0702,-0.9675
000828.SZ,20250630,20250826,5.3603,3.3709,4.3821,170.83,1.0166,0.7116,68.33,37.11,0.0457,-0.7489
000828.SZ,20250331,20250428,2.2041,1.2785,1.6621,145.66,0.8288,0.5802,58.26,41.99,0.021,-0.7699
000828.SZ,20241231,20250408,9.2044,5.2782,6.8616,137.66,0.8066,0.5646,55.06,42.66,0.0724,-0.4533
000829.SZ,20250930,20251031,-1.9368,-0.2337,-0.3038,-0.15,0.0823,0.0576,-0.06,87.93,2.7362,-7.0717
000829.SZ,20250630,20250830,-2.1187,-0.2596,-0.3375,-0.26,0.0838,0.0586,-0.1,87.75,1.9498,
000829.SZ,20250630,20250830,-2.1187,-0.2596,-0.3375,-0.26,0.0838,0.0586,-0.1,87.75,1.9498,-17.818
000829.SZ,20250331,20250430,-0.9592,-0.1251,-0.1627,-0.28,0.09,0.063,-0.11,86.95,0.9682,-15.1043
000830.SZ,20250930,20251030,5.4231,2.8951,3.7636,11.69,0.6871,0.481,4.68,46.62,0.607,-2.8952
000830.SZ,20250630,20250822,4.0747,2.1769,2.83,12.97,0.6883,0.4818,5.19,46.57,0.4111,-3.1673
000830.SZ,20250630,20250822,4.0747,2.1769,2.83,12.97,0.6883,0.4818,5.19,46.57,0.4111,-3.1673
000830.SZ,20250331,20250426,2.1855,1.1643,1.5136,14.17,0.6841,0.4789,5.67,46.73,0.2014,-2.5419
000831.SZ,20250930,20251030,4.0561,3.4866,4.5325,19.55,3.673,2.5711,7.82,14.04,0.4411,0.3838
000831.SZ,20250630,20250830,3.4247,3.0395,3.9513,21.85,4.7342,3.3139,8.74,11.25,0.3382,1.2822
000831.SZ,20250331,20250428,1.5517,1.4332,1.8632,24.97,7.257,5.0799,9.99,7.64,0.135,2.633
000831.SZ,20241231,20250428,-6.0411,-5.3013,-6.8916,-23.26,4.2992,3.0094,-9.3,12.25,0.5493,1.0703
000833.SZ,20250930,20251028,11.9019,7.7509,10.0762,51.11,1.1203,0.7842,20.44,34.88,0.3529,0.2011
000833.SZ,20250630,20250828,6.4678,4.2792,5.563,42.49,1.1731,0.8212,17.0,33.84,0.2317,0.5797
000833.SZ,20250630,20250828,6.4678,4.2792,5.563,42.49,1.1731,0.8212,17.0,33.84,0.2317,0.5797
000833.SZ,20250331,20250428,3.2337,2.0794,2.7032,42.11,1.0808,0.7566,16.85,35.7,0.1149,1.6232
000837.SZ,20250930,20251023,0.9826,0.55,0.715,5.3,0.7628,0.534,2.12,44.03,0.3181,-2.3708
000837.SZ,20250630,20250830,0.9161,0.5166,0.6716,6.79,0.7759,0.5431,2.72,43.61,0.2165,-0.5626
000837.SZ,20250331,20250430,0.5703,0.3183,0.4138,7.51,0.7578,0.5304,3.0,44.19,0.1068,-0.1355
000837.SZ,20250331,20250430,0.5703,0.3183,0.4138,7.51,0.7578,0.5304,3.0,44.19,0.1068,-0.1355
000838.SZ,20250930,20251028,-4.4908,-0.7971,-1.0363,-22.81,0.1295,0.0906,-9.12,82.25,0.0798,-4.9529
000838.SZ,20250930,20251028,-4.4908,-0.7971,-1.0363,-22.81,0.1295,0.0906,-9.12,82.25,0.0798,-4.9529
000838.SZ,20250630,20250829,-1.0527,-0.2143,-0.2785,-4.67,0.1533,0.1073,-1.87,79.65,0.0654,
000838.SZ,20250331,20250430,-0.8397,-0.1622,-0.2109,-24.18,0.1436,0.1005,-9.67,80.68,0.0411,
000839.SZ,20250930,20251029,0.5772,0.0856,0.1113,3.38,0.1045,0.0731,1.35,85.17,0.3785,
000839.SZ,20250630,20250823,-2.2317,-0.2631,-0.342,-2.12,0.0802,0.0561,-0.85,88.21,0.2618,
000839.SZ,20250331,20250429,0.2479,0.0307,0.0399,4.31,0.0849,0.0594,1.72,87.61,0.1323,
000839.SZ,20241231,20250429,-5.856,-0.7063,-0.9182,-1.29,0.0823,0.0576,-0.52,87.94,0.5426,0.8788
000848.SZ,20250930,20251023,11.0288,8.2231,10.69,49.03,1.7585,1.231,19.61,25.44,0.4202,0.3911
000848.SZ,20250630,20250827,7.5702,5.8066,7.5486,46.67,1.9755,1.3828,18.67,23.3,0.3073,1.1128
000848.SZ,20250331,20250424,6.0933,4.8312,6.2806,53.77,2.2968,1.6077,21.51,20.71,0.2184,0.9657
000848.SZ,20241231,20250424,20.413,15.2891,19.8758,50.66,1.7903,1.2532,20.26,25.1,0.7494,0.0642
000850.SZ,20250930,20251031,3.8186,2.4194,3.1453,16.64,1.0375,0.7263,6.66,36.64,0.3529,-1.4011
000850.SZ,20250630,20250828,2.157,1.3563,1.7632,14.87,1.0163,0.7114,5.95,37.12,0.2223,1.4858
000850.SZ,20250331,20250430,-0.9238,-0.5849,-0.7604,-13.52,1.0355,0.7248,-5.41,36.69,0.1073,1.8289
000850.SZ,20241231,20250407,6.5172,4.1752,5.4278,20.62,1.0697,0.7488,8.25,35.94,0.4621,0.1574
000852.SZ,20250930,20251023,0.2209,0.0653,0.0848,0.98,0.2515,0.1761,0.39,70.46,0.4457,
000852.SZ,20250630,20250821,0.8966,0.2793,0.3631,2.56,0.2714,0.19,1.03,68.85,0.3296,7.0537
000852.SZ,20250331,20250424,0.1886,0.0575,0.0748,1.5,0.2633,0.1843,0.6,69.5,0.1458,
000852.SZ,20241231,20250424,3.1844,1.0005,1.3006,3.79,0.2749,0.1924,1.52,68.58,0.7856,4.9718
000856.SZ,20250930,20251030,1.935,0.3775,0.4907,1.03,0.1454,0.1018,0.41,80.49,0.9075,8.2542
000856.SZ,20250630,20250827,2.6275,0.5092,0.662,1.86,0.1442,0.101,0.74,80.62,0.6311,5.0779
000856.SZ,20250331,20250425,0.0287,0.0059,0.0077,0.2,0.1551,0.1086,0.08,79.46,0.2797,
000856.SZ,20241231,20250327,5.2716,1.0554,1.372,2.17,0.1502,0.1051,0.87,79.98,1.144,2.5742
000858.SZ,20250930,20251031,15.6003,12.5958,16.3746,91.11,2.5154,1.7608,36.45,19.26,0.33,-0.3131
000858.SZ,20250630,20250828,14.2401,10.6116,13.7951,95.39,1.7547,1.2283,38.16,25.48,0.2765,-0.5974
000858.SZ,20250630,20250828,14.2401,10.6116,13.7951,95.39,1.7547,1.2283,38.16,25.48,0.2765,-0.5974
000858.SZ,20250331,20250426,10.5605,8.0952,10.5238,104.01,1.9702,1.3791,41.6,23.34,0.1913,-0.0666
000859.SZ,20250930,20251031,-2.3782,-1.4209,-1.8472,-10.3,0.8906,0.6234,-4.12,40.25,0.3579,-0.7729
000859.SZ,20250630,20250827,-1.4457,-0.9167,-1.1917,-9.77,1.0397,0.7278,-3.91,36.59,0.2363,-1.0275
000859.SZ,20250331,20250430,-0.8665,-0.5567,-0.7238,-12.34,1.0784,0.7549,-4.94,35.75,0.1129,0.9467
000859.SZ,20241231,20250315,-2.467,-1.5876,-2.0638,-7.53,1.0831,0.7582,-3.01,35.65,0.5505,-2.5688
000860.SZ,20250930,20251030,1.1003,0.5983,0.7778,3.65,0.7152,0.5006,1.46,45.62,0.4204,11.6416
000860.SZ,20250630,20250829,2.4541,1.3444,1.7477,9.81,0.7269,0.5088,3.92,45.22,0.3281,6.4989
000860.SZ,20250331,20250423,3.9461,2.1511,2.7964,21.88,0.719,0.5033,8.75,45.49,0.229,3.4924
000860.SZ,20250331,20250423,3.9461,2.1511,2.7964,21.88,0.719,0.5033,8.75,45.49,0.229,3.4924
000862.SZ,20250930,20251025,5.4416,2.8001,3.6401,62.28,0.636,0.4452,24.91,48.54,0.1073,-3.397
000862.SZ,20250630,20250826,3.8199,1.7906,2.3277,64.89,0.5294,0.3706,25.96,53.13,0.069,-0.1671
000862.SZ,20250331,20250424,1.6947,0.7921,1.0298,59.85,0.5266,0.3686,23.94,53.26,0.033,-0.6625
000862.SZ,20241231,20250325,2.0696,0.961,1.2493,18.72,0.5201,0.3641,7.49,53.57,0.1344,-5.1584
000863.SZ,20250930,20251028,0.1641,0.1128,0.1467,-1.64,1.32,0.924,-0.66,31.25,0.0991,
000863.SZ,20250930,20251028,0.1641,0.1128,0.1467,-1.64,1.32,0.924,-0.66,31.25,0.0991,
000863.SZ,20250630,20250826,0.1317,0.0905,0.1176,-1.2,1.3162,0.9214,-0.48,31.31,0.0627,
000863.SZ,20250331,20250422,0.3464,0.2323,0.302,7.56,1.222,0.8554,3.02,32.93,0.0365,
000868.SZ,20250930,20251025,-1.0129,-0.2112,-0.2746,-2.04,0.1581,0.1107,-0.81,79.15,0.6215,
000868.SZ,20250630,20250826,2.1185,0.4849,0.6303,0.69,0.1781,0.1247,0.28,77.11,0.4191,2.715
000868.SZ,20250331,20250422,0.5076,0.1215,0.1579,0.6,0.1887,0.1321,0.24,76.07,0.1774,
000868.SZ,20241231,20250325,0.9825,0.2458,0.3195,0.99,0.2002,0.1401,0.4,74.98,0.791,
000869.SZ,20250930,20251025,1.7797,1.5522,2.0179,22.64,4.0942,2.8659,9.06,12.78,0.1715,-0.9025
000869.SZ,20250930,20251025,1.7797,1.5522,2.0179,22.64,4.0942,2.8659,9.06,12.78,0.1715,-0.9025
000869.SZ,20250630,20250828,1.7541,1.5413,2.0037,32.52,4.3462,3.0423,13.01,12.13,0.1191,-0.2729
000869.SZ,20250630,20250828,1.7541,1.5413,2.0037,32.52,4.3462,3.0423,13.01,12.13,0.1191,-0.2729
000875.SZ,20250930,20251028,4.574,1.4129,1.8368,33.55,0.2682,0.1877,13.42,69.11,0.1138,-5.5941
000875.SZ,20250630,20250822,4.2385,1.3052,1.6968,41.04,0.267,0.1869,16.42,69.21,0.0767,-2.321
000875.SZ,20250331,20250429,3.6473,1.1307,1.47,53.95,0.2696,0.1887,21.58,69.0,0.0442,-0.5318
000875.SZ,20241231,20250429,7.6989,2.3107,3.0039,30.7,0.2573,0.1801,12.28,69.99,0.1721,-2.9716
000876.SZ,20250930,20251031,2.9561,0.9018,1.1724,3.05,0.2634,0.1844,1.22,69.49,0.6858,-10.6013
000876.SZ,20250630,20250830,2.9239,0.9129,1.1868,4.35,0.2724,0.1907,1.74,68.78,0.4403,-6.1169
000876.SZ,20250331,20250430,1.7307,0.5322,0.6919,5.18,0.2664,0.1865,2.07,69.25,0.207,-1.3733
000876.SZ,20250331,20250430,1.7307,0.5322,0.6919,5.18,0.2664,0.1865,2.07,69.25,0.207,-1.3733
000877.SZ,20250930,20251024,-1.4352,-0.4886,-0.6351,-5.23,0.3097,0.2168,-2.09,65.96,0.1902,-5.1253
000877.SZ,20250630,20250819,-1.1201,-0.3795,-0.4934,-6.72,0.3075,0.2152,-2.69,66.12,0.1242,-3.1088
000877.SZ,20250331,20250424,-1.8199,-0.6084,-0.791,-27.77,0.3013,0.2109,-11.11,66.57,0.0514,0.4455
000877.SZ,20241231,20250327,-0.7172,-0.2476,-0.3219,-1.87,0.3164,0.2215,-0.75,65.47,0.2985,-24.4906
000878.SZ,20250930,20251025,10.2992,3.5548,4.6212,3.43,0.3162,0.2214,1.37,65.48,2.8135,4.271
000878.SZ,20250630,20250826,8.7275,3.1802,4.1343,4.53,0.344,0.2408,1.81,63.56,1.859,4.0917
000878.SZ,20250331,20250425,3.7582,1.4134,1.8375,4.87,0.3617,0.2532,1.95,62.39,0.8135,4.0501
000878.SZ,20241231,20250326,8.8082,3.7297,4.8486,2.69,0.4406,0.3084,1.08,57.66,4.2927,0.8856
000880.SZ,20250930,20251029,9.0746,2.4102,3.1332,10.55,0.217,0.1519,4.22,73.44,0.6312,-1.2265
000880.SZ,20250630,20250816,6.8263,2.0804,2.7046,13.08,0.263,0.1841,5.23,69.52,0.412,-0.1465
000880.SZ,20250331,20250430,1.5317,0.4827,0.6275,7.45,0.2761,0.1933,2.98,68.49,0.1651,-7.127
000880.SZ,20250331,20250430,1.5317,0.4827,0.6275,7.45,0.2761,0.1933,2.98,68.49,0.1651,-7.127
000881.SZ,20250930,20251031,-1.9481,-1.0814,-1.4058,-6.7,0.7486,0.524,-2.68,44.49,0.3801,-1.3816
000881.SZ,20250630,20250829,-1.9262,-0.9826,-1.2773,-9.65,0.6247,0.4373,-3.86,48.99,0.2425,-0.4479
000881.SZ,20250331,20250429,-1.2514,-0.6516,-0.8471,-15.51,0.6519,0.4563,-6.2,47.93,0.1,-0.5087
000881.SZ,20250331,20250429,-1.2514,-0.6516,-0.8471,-15.51,0.6519,0.4563,-6.2,47.93,0.1,-0.5087
000882.SZ,20250930,20251030,-2.0124,-1.077,-1.4001,-37.12,0.6908,0.4836,-14.85,46.48,0.0735,-4.004
000882.SZ,20250630,20250830,-0.3316,-0.1783,-0.2318,-9.46,0.6978,0.4885,-3.79,46.23,0.0489,
000882.SZ,20250331,20250428,0.0445,0.0247,0.0321,2.47,0.7482,0.5238,0.99,44.5,0.0265,
000882.SZ,20241231,20250428,0.2939,0.16,0.208,5.0,0.717,0.5019,2.0,45.56,0.1146,
000883.SZ,20250930,20251031,6.8171,2.9812,3.8756,46.67,0.4663,0.3264,18.67,56.27,0.1392,-1.1883
000883.SZ,20250630,20250829,2.8235,1.1575,1.5047,31.7,0.4168,0.2918,12.68,59.01,0.0854,-1.7827
000883.SZ,20250331,20250425,1.0523,0.4393,0.571,25.03,0.4299,0.3009,10.01,58.26,0.0425,-3.1533
000883.SZ,20241231,20250425,5.4985,2.2747,2.9571,27.7,0.4234,0.2964,11.08,58.63,0.2113,-2.5386
000885.SZ,20250930,20251028,10.3542,3.2718,4.2533,50.38,0.2772,0.194,20.15,68.4,0.1544,-0.7543
000885.SZ,20250630,20250812,6.8026,2.1331,2.773,50.08,0.2741,0.1919,20.03,68.64,0.103,-0.6584
000885.SZ,20250331,20250425,3.1678,1.0058,1.3075,48.41,0.2791,0.1954,19.36,68.25,0.0497,-0.3722
000885.SZ,20241231,20250425,14.2879,4.4467,5.7807,46.48,0.2711,0.1898,18.59,68.88,0.221,0.0562
000886.SZ,20250930,20251029,-0.3509,-0.2726,-0.3544,-5.27,2.0896,1.4627,-2.11,22.31,0.0802,11.8545
000886.SZ,20250630,20250826,-1.1704,-0.9264,-1.2044,-46.39,2.2785,1.5949,-18.56,20.84,0.0442,0.4417
000886.SZ,20250331,20250430,-0.4488,-0.3561,-0.4629,-63.87,2.3049,1.6134,-25.55,20.66,0.0148,2.8143
000886.SZ,20241231,20250429,2.0217,1.6021,2.0828,66.0,2.2911,1.6038,26.4,20.75,0.0635,12.6484
000887.SZ,20250930,20251030,9.6521,5.179,6.7327,22.42,0.6947,0.4863,8.97,46.34,0.5769,0.0433
000887.SZ,20250630,20250830,6.127,3.2743,4.2565,20.66,0.6887,0.4821,8.26,46.56,0.3952,0.244
000887.SZ,20250331,20250429,3.0515,1.6656,2.1653,20.56,0.7211,0.5048,8.22,45.42,0.199,0.1745
000887.SZ,20250331,20250429,3.0515,1.6656,2.1653,20.56,0.7211,0.5048,8.22,45.42,0.199,0.1745
000888.SZ,20250930,20251031,8.7699,6.5055,8.4572,73.72,1.7238,1.2067,29.49,25.82,0.2202,-0.4119
000888.SZ,20250630,20250807,4.6394,3.3144,4.3087,60.75,1.5009,1.0506,24.3,28.56,0.1377,-0.2854
000888.SZ,20250331,20250430,2.2238,1.674,2.1762,60.61,1.8268,1.2788,24.25,24.72,0.0688,-0.2182
000888.SZ,20250331,20250430,2.2238,1.674,2.1762,60.61,1.8268,1.2788,24.25,24.72,0.0688,-0.2182
000889.SZ,20250930,20251031,-34.2554,-2.7396,-3.5615,-6.19,0.0522,0.0365,-2.48,92.0,1.3104,-0.2141
000889.SZ,20250630,20250826,-23.9284,-2.0365,-2.6474,-6.92,0.0558,0.0391,-2.77,91.49,0.839,0.262
000889.SZ,20250331,20250430,-5.7874,-0.6381,-0.8295,-3.79,0.0744,0.052,-1.52,88.97,0.4185,
000889.SZ,20250331,20250430,-5.7874,-0.6381,-0.8295,-3.79,0.0744,0.052,-1.52,88.97,0.4185,
000890.SZ,20250930,20251031,-389.8452,-19.2225,-24.9892,-49.66,0.0311,0.0218,-19.86,95.07,0.2014,-2.652
000890.SZ,20250930,20251031,-389.8452,-19.2225,-24.9892,-49.66,0.0311,0.0218,-19.86,95.07,0.2014,-2.652
000890.SZ,20250630,20250828,-154.9221,-9.0564,-11.7734,-57.54,0.0373,0.0261,-23.02,94.15,0.124,-1.84
000890.SZ,20250630,20250828,-154.9221,-9.0564,-11.7734,-57.54,0.0373,0.0261,-23.02,94.15,0.124,-1.84
000892.SZ,20250930,20251028,-4.0633,-1.958,-2.5454,-25.56,0.558,0.3906,-10.22,51.81,0.2043,3.0194
000892.SZ,20250630,20250826,-0.7295,-0.3739,-0.4861,-8.19,0.631,0.4417,-3.27,48.74,0.1198,
000892.SZ,20250331,20250417,-0.4638,-0.2336,-0.3037,-11.98,0.6091,0.4264,-4.79,49.62,0.0512,
000892.SZ,20250331,20250417,-0.4638,-0.2336,-0.3037,-11.98,0.6091,0.4264,-4.79,49.62,0.0512,
000893.SZ,20250930,20251030,10.8361,7.3026,9.4934,88.02,1.24,0.868,35.21,32.61,0.2059,-0.0195
000893.SZ,20250930,20251030,10.8361,7.3026,9.4934,88.02,1.24,0.868,35.21,32.61,0.2059,-0.0195
000893.SZ,20250630,20250828,6.9369,4.5367,5.8977,84.56,1.1341,0.7939,33.82,34.6,0.135,0.0381
000893.SZ,20250331,20250424,3.1801,2.0614,2.6798,78.69,1.1056,0.7739,31.47,35.18,0.0659,-0.1176
000895.SZ,20250930,20251029,19.1498,9.6368,12.5278,22.47,0.6078,0.4255,8.99,49.68,1.146,-0.5145
000895.SZ,20250630,20250813,11.0729,6.1194,7.9552,20.69,0.7412,0.5189,8.27,44.74,0.7562,-0.2544
000895.SZ,20250331,20250430,5.2438,2.7411,3.5635,20.17,0.6572,0.46,8.07,47.73,0.3561,0.2648
000895.SZ,20250331,20250430,5.2438,2.7411,3.5635,20.17,0.6572,0.46,8.07,47.73,0.3561,0.2648
000897.SZ,20250930,20251029,0.5795,0.4097,0.5326,11.8,1.4474,1.0132,4.72,29.31,0.0654,37.2566
000897.SZ,20250630,20250830,0.069,0.047,0.0611,-1.53,1.2788,0.8952,-0.61,31.93,0.041,
000897.SZ,20250331,20250429,0.4209,0.3004,0.3905,22.6,1.4953,1.0467,9.04,28.64,0.0296,
000897.SZ,20250331,20250429,0.4209,0.3004,0.3905,22.6,1.4953,1.0467,9.04,28.64,0.0296,
000898.SZ,20250930,20251031,-4.3676,-2.0962,-2.7251,-6.79,0.5537,0.3876,-2.72,52.0,0.738,-1.9633
000898.SZ,20250630,20250827,-2.4266,-1.1747,-1.5271,-5.73,0.563,0.3941,-2.29,51.59,0.4884,-1.3541
000898.SZ,20250331,20250430,-1.1683,-0.5598,-0.7278,-5.39,0.5521,0.3864,-2.16,52.08,0.2494,-1.6898
000898.SZ,20241231,20250331,-13.9125,-6.7324,-8.7522,-16.87,0.5626,0.3938,-6.75,51.61,1.0638,-0.8895
000899.SZ,20250930,20251025,14.4371,5.1104,6.6436,42.18,0.3288,0.2301,16.87,64.6,0.2729,-1.3992
000899.SZ,20250630,20250822,7.5347,2.6183,3.4038,35.39,0.3195,0.2237,14.16,65.25,0.1638,-1.6756
000899.SZ,20250331,20250429,3.2965,1.1077,1.44,31.85,0.3036,0.2125,12.74,66.4,0.0825,-2.1426
000899.SZ,20250331,20250429,3.2965,1.1077,1.44,31.85,0.3036,0.2125,12.74,66.4,0.0825,-2.1426
000900.SZ,20250930,20251030,3.4527,0.8286,1.0772,25.44,0.1895,0.1326,10.18,76.0,0.0948,-6.0406
000900.SZ,20250630,20250830,2.3918,0.5855,0.7612,24.92,0.1945,0.1362,9.97,75.52,0.0691,-4.7538
000900.SZ,20250331,20250429,1.4033,0.3467,0.4507,31.08,0.1969,0.1378,12.43,75.3,0.0323,-3.5538
000900.SZ,20250331,20250429,1.4033,0.3467,0.4507,31.08,0.1969,0.1378,12.43,75.3,0.0323,-3.5538
000901.SZ,20250930,20251031,2.2374,1.4132,1.8371,6.14,1.0287,0.7201,2.46,36.84,0.5238,-0.3818
000901.SZ,20250930,20251031,2.2374,1.4132,1.8371,6.14,1.0287,0.7201,2.46,36.84,0.5238,-0.3818
000901.SZ,20250630,20250827,2.0968,1.3086,1.7012,7.88,0.9961,0.6973,3.15,37.59,0.3759,-0.3883
000901.SZ,20250331,20250430,-0.0871,-0.0445,-0.0579,-0.34,0.6272,0.439,-0.14,48.89,0.1931,
000902.SZ,20250930,20251027,12.3915,7.5757,9.8484,25.91,0.9439,0.6607,10.36,38.86,0.7096,0.1096
000902.SZ,20250630,20250808,8.7518,5.5523,7.2179,25.74,1.0412,0.7288,10.3,36.56,0.5138,-0.0554
000902.SZ,20250630,20250808,8.7518,5.5523,7.2179,25.74,1.0412,0.7288,10.3,36.56,0.5138,-0.0554
000902.SZ,20250331,20250425,4.7477,2.8763,3.7392,27.93,0.9222,0.6455,11.17,39.42,0.2502,-1.0261
000903.SZ,20250930,20251030,-21.0132,-2.7303,-3.5494,-20.39,0.0896,0.0627,-8.16,87.01,0.358,0.3586
000903.SZ,20250630,20250827,-9.1197,-1.2676,-1.6479,-12.81,0.0969,0.0678,-5.12,86.1,0.2546,1.4243
000903.SZ,20250331,20250430,-1.5137,-0.2146,-0.279,-4.21,0.0991,0.0694,-1.68,85.82,0.1318,12.5769
000903.SZ,20250331,20250430,-1.5137,-0.2146,-0.279,-4.21,0.0991,0.0694,-1.68,85.82,0.1318,12.5769
000905.SZ,20250930,20251025,3.9032,1.8915,2.4589,3.45,0.5641,0.3949,1.38,51.54,1.252,2.611
000905.SZ,20250630,20250826,2.8167,1.3702,1.7813,3.89,0.5684,0.3979,1.56,51.35,0.7974,3.2545
000905.SZ,20250331,20250430,1.2642,0.6139,0.798,4.16,0.5663,0.3964,1.66,51.44,0.3283,6.2115
000905.SZ,20250331,20250430,1.2642,0.6139,0.798,4.16,0.5663,0.3964,1.66,51.44,0.3283,6.2115
000906.SZ,20250930,20251025,3.3124,0.5924,0.7701,0.66,0.1307,0.0915,0.26,82.12,3.8631,34.8443
000906.SZ,20250930,20251025,3.3124,0.5924,0.7701,0.66,0.1307,0.0915,0.26,82.12,3.8631,34.8443
000906.SZ,20250630,20250823,3.6011,0.6528,0.8486,0.8,0.1328,0.093,0.32,81.87,2.4626,21.2342
000906.SZ,20250630,20250823,3.6011,0.6528,0.8486,0.8,0.1328,0.093,0.32,81.87,2.4626,21.2342
000908.SZ,20250930,20251029,-74.8397,3.2183,4.1837,-39.8,-0.0247,-0.0173,-15.92,104.3,0.2991,-1.6785
000908.SZ,20250930,20251029,-74.8397,3.2183,4.1837,-39.8,-0.0247,-0.0173,-15.92,104.3,0.2991,-2.432
000908.SZ,20250630,20250825,-49.7027,2.5984,3.3779,-43.87,-0.0298,-0.0209,-17.55,105.23,0.1989,-0.9486
000908.SZ,20250331,20250429,-15.6882,0.4468,0.5808,-27.92,-0.0166,-0.0116,-11.17,102.85,0.1075,-1.963
000909.SZ,20250930,20251025,-6.5271,-2.9001,-3.7702,-66.26,0.4798,0.3358,-26.5,55.57,0.1005,-1.6801
000909.SZ,20250630,20250823,-4.5753,-2.1012,-2.7315,-78.63,0.5095,0.3567,-31.45,54.08,0.0601,-1.4727
000909.SZ,20250331,20250429,-0.9845,-0.4611,-0.5994,-33.39,0.5285,0.37,-13.35,53.17,0.0282,-1.3208
000909.SZ,20241231,20250419,-5.9566,-2.7526,-3.5784,-48.04,0.5155,0.3608,-19.22,53.79,0.1155,-6.4537
000910.SZ,20250930,20251030,1.0864,0.7655,0.9951,3.97,1.431,1.0017,1.59,29.54,0.3557,1.2823
000910.SZ,20250930,20251030,1.0864,0.7655,0.9951,3.97,1.431,1.0017,1.59,29.54,0.3557,1.2823
000910.SZ,20250630,20250828,0.5309,0.3814,0.4958,2.3,1.5303,1.0712,0.92,28.17,0.2215,1.8129
000910.SZ,20250331,20250426,-1.0346,-0.7801,-1.0141,-25.54,1.8391,1.2874,-10.22,24.6,0.0854,-0.4215
000911.SZ,20250930,20251030,-3.5951,-0.2305,-0.2997,-1.1,0.0411,0.0288,-0.44,93.59,0.509,4.1364
000911.SZ,20250630,20250828,7.8933,0.5074,0.6597,1.23,0.0412,0.0289,0.49,93.57,0.3782,21.0078
000911.SZ,20250331,20250426,5.2428,0.2661,0.346,1.52,0.0321,0.0225,0.61,94.92,0.1886,62.2754
000911.SZ,20241231,20250426,24.7088,1.3591,1.7669,1.56,0.0349,0.0244,0.62,94.5,0.768,-15.6018
000912.SZ,20250930,20251027,0.029,0.0194,0.0252,0.1,1.2034,0.8424,0.04,33.27,0.3479,
000912.SZ,20250630,20250827,0.7205,0.5002,0.6503,4.81,1.3623,0.9536,1.92,30.58,0.2442,0.8967
000912.SZ,20250331,20250430,0.576,0.3857,0.5015,6.11,1.2165,0.8515,2.45,33.03,0.1517,-1.265
000912.SZ,20250331,20250430,0.576,0.3857,0.5015,6.11,1.2165,0.8515,2.45,33.03,0.1517,-1.265
000913.SZ,20250930,20251027,6.7427,3.0219,3.9285,18.06,0.4873,0.3411,7.22,55.18,0.4254,0.3948
000913.SZ,20250630,20250827,5.5796,2.4663,3.2062,22.15,0.4753,0.3327,8.86,55.8,0.2885,0.2829
000913.SZ,20250331,20250422,1.7925,0.8403,1.0924,16.21,0.5295,0.3707,6.49,53.12,0.1288,2.7066
000913.SZ,20241231,20250422,14.6685,6.8439,8.8971,27.85,0.5248,0.3674,11.14,53.34,0.6433,-0.6621
000915.SZ,20250930,20251025,14.1623,12.464,16.2032,119.72,4.4034,3.0824,47.89,11.99,0.3301,-1.3403
000915.SZ,20250930,20251025,14.1623,12.464,16.2032,119.72,4.4034,3.0824,47.89,11.99,0.3301,-1.3403
000915.SZ,20250630,20250808,11.8574,10.5214,13.6778,136.52,4.7252,3.3076,54.61,11.27,0.2457,-0.9992
000915.SZ,20250331,20250419,6.0725,5.0092,6.5119,140.29,2.8266,1.9786,56.12,17.51,0.1222,0.7037
000917.SZ,20250930,20251025,1.2748,0.8819,1.1465,17.25,1.3469,0.9428,6.9,30.82,0.192,1.7602
000917.SZ,20250930,20251025,1.2748,0.8819,1.1465,17.25,1.3469,0.9428,6.9,30.82,0.192,1.7602
000917.SZ,20250630,20250827,0.3945,0.2682,0.3487,13.52,1.2747,0.8923,5.41,32.01,0.118,1.0586
000917.SZ,20250331,20250426,0.0293,0.0199,0.0259,5.61,1.2801,0.8961,2.24,31.91,0.0552,
000919.SZ,20250930,20251028,1.8055,1.4528,1.8886,7.86,2.4711,1.7298,3.14,19.54,0.393,-0.3006
000919.SZ,20250630,20250828,1.2781,1.0181,1.3236,7.87,2.3498,1.6448,3.15,20.34,0.2637,0.6731
000919.SZ,20250630,20250828,1.2781,1.0181,1.3236,7.87,2.3498,1.6448,3.15,20.34,0.2637,0.6731
000919.SZ,20250331,20250428,0.6044,0.4862,0.6321,7.77,2.4683,1.7278,3.11,19.55,0.1334,3.5027
000920.SZ,20250930,20251029,10.1326,7.7473,10.0715,36.71,1.9488,1.3641,14.68,23.54,0.4917,0.3753
000920.SZ,20250630,20250822,6.5572,5.0574,6.5746,36.59,2.0232,1.4163,14.64,22.87,0.3194,0.8027
000920.SZ,20250331,20250425,2.3588,1.7937,2.3317,31.91,1.9043,1.333,12.77,23.96,0.1316,1.5043
000920.SZ,20241231,20250328,10.783,7.9494,10.3342,29.34,1.6833,1.1783,11.74,26.28,0.6641,-0.5495
000921.SZ,20250930,20251029,17.367,4.9821,6.4767,14.23,0.2414,0.169,5.69,71.31,1.0101,-1.4471
000921.SZ,20250630,20250731,13.1981,3.4427,4.4756,15.14,0.2117,0.1482,6.06,73.91,0.6828,-1.5269
000921.SZ,20250630,20250731,13.1981,3.4427,4.4756,15.14,0.2117,0.1482,6.06,73.91,0.6828,
000921.SZ,20250331,20250429,7.0417,2.0258,2.6336,16.45,0.2423,0.1696,6.58,71.23,0.3483,0.9434
000922.SZ,20250930,20251028,4.9682,2.6368,3.4278,16.98,0.6786,0.475,6.79,46.93,0.3692,4.9941
000922.SZ,20250930,20251028,4.9682,2.6368,3.4278,16.98,0.6786,0.475,6.79,46.93,0.3692,4.9941
000922.SZ,20250630,20250823,3.3664,1.7697,2.3006,17.42,0.665,0.4655,6.97,47.43,0.2575,7.8507
000922.SZ,20250331,20250425,1.4054,0.7068,0.9189,17.84,0.6071,0.425,7.13,49.71,0.1169,12.1833
000923.SZ,20250930,20251031,5.4055,4.0848,5.3102,40.66,1.8557,1.299,16.27,24.43,0.2489,0.0514
000923.SZ,20250630,20250829,2.6939,2.0326,2.6424,31.93,1.8441,1.2909,12.77,24.55,0.1667,-0.4534
000923.SZ,20250331,20250425,1.285,0.9981,1.2976,35.26,2.0877,1.4614,14.1,22.32,0.0741,-0.1623
000923.SZ,20241231,20250425,6.0145,4.6705,6.0716,31.99,2.085,1.4595,12.8,22.35,0.3461,-0.9986
000925.SZ,20250930,20251030,-1.3767,-0.5656,-0.7353,-3.46,0.4184,0.2929,-1.38,58.92,0.1557,7.4886
000925.SZ,20250630,20250820,-1.9872,-0.8225,-1.0693,-20.01,0.4237,0.2966,-8.0,58.61,0.0747,5.819
000925.SZ,20250331,20250430,-1.4802,-0.6356,-0.8263,-52.62,0.4515,0.3161,-21.05,57.06,0.0242,4.39
000925.SZ,20241231,20250424,0.7804,0.3255,0.4231,6.48,0.4293,0.3005,2.59,58.29,0.2404,-6.4925
000926.SZ,20250930,20251031,-9.6019,-3.2769,-4.26,-216.96,0.3109,0.2176,-86.79,65.87,0.0363,-1.251
000926.SZ,20250630,20250829,-7.2229,-2.4412,-3.1736,-228.0,0.3063,0.2144,-91.2,66.2,0.0258,-2.0392
000926.SZ,20250331,20250429,-1.0237,-0.3689,-0.4796,-74.0,0.3381,0.2366,-29.6,63.96,0.0122,-3.859
000926.SZ,20241231,20250429,-24.1624,-8.8774,-11.5406,-75.77,0.3485,0.2439,-30.31,63.26,0.2693,-0.9833
000927.SZ,20250930,20251030,4.7807,2.5034,3.2545,4.19,0.6596,0.4617,1.68,47.63,1.226,-0.0936
000927.SZ,20250930,20251030,4.7807,2.5034,3.2545,4.19,0.6596,0.4617,1.68,47.63,1.226,-0.0936
000927.SZ,20250630,20250828,3.4052,1.7266,2.2446,4.51,0.6172,0.432,1.8,49.29,0.8118,-2.8582
000927.SZ,20250331,20250429,1.879,0.8998,1.1697,5.03,0.5513,0.3859,2.01,52.11,0.3928,-5.0788
000928.SZ,20250930,20251030,6.622,2.249,2.9237,15.79,0.3086,0.216,6.32,66.04,0.3442,3.1794
000928.SZ,20250930,20251030,6.622,2.249,2.9237,15.79,0.3086,0.216,6.32,66.04,0.3442,3.1794
000928.SZ,20250630,20250826,5.0959,1.6994,2.2092,16.35,0.3002,0.2101,6.54,66.65,0.2527,7.8611
000928.SZ,20250331,20250424,2.7384,0.9062,1.1781,17.05,0.2968,0.2077,6.82,66.91,0.1294,8.0626
000929.SZ,20250930,20251030,2.2917,1.6011,2.0815,-25.27,1.3911,0.9738,-10.11,30.13,0.2109,13.1878
000929.SZ,20250930,20251030,2.2917,1.6011,2.0815,-25.27,1.3911,0.9738,-10.11,30.13,0.2109,13.1878
000929.SZ,20250630,20250826,-2.4923,-2.0141,-2.6184,-61.9,2.5273,1.7691,-24.76,19.19,0.1006,0.6885
000929.SZ,20250331,20250429,1.476,1.2343,1.6046,12.21,3.0637,2.1446,4.88,16.38,0.0494,3.6864
000930.SZ,20250930,20251024,0.7477,0.4815,0.6259,1.56,1.0851,0.7596,0.63,35.61,0.7685,-14.3068
000930.SZ,20250630,20250822,1.0116,0.6313,0.8207,3.13,0.9961,0.6972,1.25,37.59,0.5022,-6.3789
000930.SZ,20250331,20250426,0.3843,0.2366,0.3076,2.38,0.9613,0.6729,0.95,38.43,0.2495,7.3257
000930.SZ,20250331,20250426,0.3843,0.2366,0.3076,2.38,0.9613,0.6729,0.95,38.43,0.2495,7.3257
000931.SZ,20250930,20251030,3.0681,1.5006,1.9508,8.13,0.5744,0.4021,3.25,51.09,0.5001,0.5297
000931.SZ,20250630,20250827,2.4138,1.1852,1.5408,9.03,0.5788,0.4052,3.61,50.9,0.3311,0.4485
000931.SZ,20250331,20250430,0.9871,0.4788,0.6224,7.53,0.5651,0.3956,3.01,51.5,0.1649,-3.1818
000931.SZ,20241231,20250418,3.4314,1.6704,2.1715,7.54,0.5691,0.3984,3.02,51.32,0.6761,-1.3792
000932.SZ,20250930,20251028,4.5996,2.0452,2.6588,8.89,0.4804,0.3363,3.56,55.53,0.6293,-1.3836
000932.SZ,20250630,20250819,3.2272,1.4323,1.862,9.2,0.4788,0.3351,3.68,55.62,0.4183,-1.251
000932.SZ,20250331,20250430,1.0409,0.4451,0.5786,6.91,0.4482,0.3137,2.77,57.24,0.1997,0.3907
000932.SZ,20241231,20250322,3.8007,1.6717,2.1732,5.55,0.4711,0.3298,2.22,56.02,1.0289,-1.8436
000933.SZ,20250930,20251021,15.2914,7.484,9.7292,34.08,0.5752,0.4026,13.63,51.06,0.5723,-0.9472
000933.SZ,20250630,20250819,8.6507,3.9979,5.1973,27.54,0.5156,0.3609,11.02,53.78,0.3782,-1.2936
000933.SZ,20250331,20250422,3.2089,1.6222,2.1089,20.36,0.6134,0.4294,8.14,49.45,0.1874,-1.3374
000933.SZ,20241231,20250325,20.7502,10.6718,13.8734,31.26,0.6353,0.4447,12.5,48.57,0.7076,-0.7779
000935.SZ,20250930,20251031,3.8513,3.2507,4.2259,80.26,3.2472,2.273,32.1,15.6,0.1003,0.3628
000935.SZ,20250930,20251031,3.8513,3.2507,4.2259,80.26,3.2472,2.273,32.1,15.6,0.1003,0.3628
000935.SZ,20250630,20250830,1.7056,1.441,1.8733,51.25,3.2676,2.2874,20.5,15.51,0.0696,-0.2029
000935.SZ,20250331,20250429,1.5471,1.3139,1.7081,89.4,3.3811,2.3668,35.76,15.07,0.0361,0.6633
000936.SZ,20250930,20251031,6.2525,4.6645,6.0638,32.51,1.7624,1.2337,13.0,25.4,0.3681,0.4481
000936.SZ,20250630,20250829,3.157,2.4493,3.1841,25.36,2.0767,1.4537,10.14,22.42,0.2431,0.3047
000936.SZ,20250331,20250429,1.0823,0.8493,1.1041,18.26,2.1876,1.5313,7.3,21.52,0.1164,1.535
000936.SZ,20250331,20250429,1.0823,0.8493,1.1041,18.26,2.1876,1.5313,7.3,21.52,0.1164,1.535
000937.SZ,20250930,20251030,2.0359,0.8226,1.0694,13.07,0.4068,0.2848,5.23,59.59,0.1994,-1.7569
000937.SZ,20250630,20250816,1.7444,0.7038,0.9149,15.82,0.4058,0.284,6.33,59.66,0.1368,-0.7086
000937.SZ,20250331,20250429,1.5071,0.6762,0.8791,24.98,0.4883,0.3418,9.99,55.13,0.0745,0.6013
000937.SZ,20250331,20250429,1.5071,0.6762,0.8791,24.98,0.4883,0.3418,9.99,55.13,0.0745,0.6013
000938.SZ,20250930,20251031,10.0992,1.8572,2.4144,5.57,0.1352,0.0946,2.23,81.61,0.8476,0.806
000938.SZ,20250630,20250830,7.5863,1.3383,1.7398,6.77,0.1285,0.09,2.71,82.36,0.5094,3.7054
000938.SZ,20250331,20250429,2.5804,0.4438,0.5769,4.72,0.1246,0.0872,1.89,82.8,0.225,3.411
000938.SZ,20250331,20250429,2.5804,0.4438,0.5769,4.72,0.1246,0.0872,1.89,82.8,0.225,3.411
000948.SZ,20250930,20251021,-0.4046,-0.1326,-0.1724,-0.4,0.2925,0.2047,-0.16,67.23,0.772,189.5596
000948.SZ,20250630,20250820,-0.1856,-0.0572,-0.0744,-0.28,0.2673,0.1871,-0.11,69.18,0.4845,406.7795
000948.SZ,20250331,20250429,-1.1134,-0.3493,-0.4541,-3.85,0.2743,0.192,-1.54,68.63,0.2121,59.8665
000948.SZ,20241231,20250429,4.3665,1.1905,1.5477,2.94,0.2249,0.1574,1.18,72.73,0.9442,-0.3882
000949.SZ,20250930,20251031,2.0302,1.0067,1.3087,5.78,0.5901,0.4131,2.31,50.42,0.4341,1.2985
000949.SZ,20250630,20250821,0.9614,0.4745,0.6168,4.16,0.5846,0.4092,1.67,50.65,0.2835,3.6834
000949.SZ,20250331,20250429,0.4246,0.2097,0.2726,3.61,0.5852,0.4097,1.44,50.62,0.1424,3.006
000949.SZ,20250331,20250429,0.4246,0.2097,0.2726,3.61,0.5852,0.4097,1.44,50.62,0.1424,3.006
000950.SZ,20250930,20251028,3.3562,0.8166,1.0615,2.14,0.1929,0.135,0.86,75.67,0.9262,7.1291
000950.SZ,20250630,20250821,2.4699,0.6024,0.7831,2.36,0.1935,0.1355,0.94,75.61,0.6121,9.2219
000950.SZ,20250630,20250821,2.4699,0.6024,0.7831,2.36,0.1935,0.1355,0.94,75.61,0.6121,9.2219
000950.SZ,20250331,20250424,1.1,0.2677,0.3481,2.09,0.193,0.1351,0.84,75.66,0.3051,18.8929
000951.SZ,20250930,20251031,6.804,2.396,3.1148,9.17,0.3261,0.2283,3.67,64.78,0.9073,-0.5362
000951.SZ,20250630,20250828,4.3345,1.5918,2.0693,8.98,0.3482,0.2438,3.59,63.28,0.6029,1.9758
000951.SZ,20250630,20250828,4.3345,1.5918,2.0693,8.98,0.3482,0.2438,3.59,63.28,0.6029,1.9758
000951.SZ,20250331,20250430,2.005,0.7583,0.9858,8.33,0.3649,0.2555,3.33,62.18,0.3004,11.4392
000952.SZ,20250930,20251027,-9.5843,-3.5777,-4.651,-62.33,0.3574,0.2502,-24.93,62.67,0.1598,-1.4926
000952.SZ,20250630,20250829,-7.3613,-2.4658,-3.2055,-72.36,0.3022,0.2115,-28.94,66.5,0.0989,-1.3346
000952.SZ,20250630,20250829,-7.3613,-2.4658,-3.2055,-72.36,0.3022,0.2115,-28.94,66.5,0.0989,-1.3346
000952.SZ,20250331,20250428,-3.4641,-1.2407,-1.6129,-67.65,0.3348,0.2344,-27.06,64.19,0.0522,-0.9836
000953.SZ,20250930,20251028,5.3034,3.3475,4.3517,16.71,1.0269,0.7188,6.68,36.88,0.4279,-4.3779
000953.SZ,20250930,20251028,5.3034,3.3475,4.3517,16.71,1.0269,0.7188,6.68,36.88,0.4279,-4.3779
000953.SZ,20250630,20250828,2.6054,1.5288,1.9874,13.04,0.852,0.5964,5.21,41.32,0.2619,-6.9143
000953.SZ,20250331,20250429,0.9334,0.5463,0.7102,9.16,0.8467,0.5927,3.66,41.47,0.1333,
000955.SZ,20250930,20251028,0.0355,0.0292,0.0379,-1.0,2.7664,1.9365,-0.4,17.82,0.3899,
000955.SZ,20250630,20250822,-0.1302,-0.1068,-0.1389,-2.37,2.745,1.9215,-0.95,17.94,0.2597,
000955.SZ,20250630,20250822,-0.1302,-0.1068,-0.1389,-2.37,2.745,1.9215,-0.95,17.94,0.2597,
000955.SZ,20250331,20250424,-0.1448,-0.1159,-0.1507,-4.17,2.4064,1.6845,-1.67,19.96,0.1149,
000957.SZ,20250930,20251028,9.1314,3.0095,3.9124,12.24,0.295,0.2065,4.89,67.04,0.6415,-0.6174
000957.SZ,20250630,20250827,6.3708,2.1159,2.7507,12.08,0.2984,0.2089,4.83,66.79,0.4556,0.5721
000957.SZ,20250331,20250426,2.5659,0.9081,1.1806,11.3,0.3287,0.2301,4.52,64.61,0.2028,0.9938
000957.SZ,20250331,20250426,2.5659,0.9081,1.1806,11.3,0.3287,0.2301,4.52,64.61,0.2028,0.9938
000958.SZ,20250930,20251029,3.0618,1.8117,2.3552,64.78,0.8696,0.6087,25.91,40.83,0.0739,1.0629
000958.SZ,20250930,20251029,3.0618,1.8117,2.3552,64.78,0.8696,0.6087,25.91,40.83,0.0739,1.0629
000958.SZ,20250630,20250822,2.2889,1.3855,1.8011,63.39,0.9201,0.6441,25.36,39.47,0.0548,-0.0035
000958.SZ,20250630,20250822,2.2889,1.3855,1.8011,63.39,0.9201,0.6441,25.36,39.47,0.0548,-0.0035
000959.SZ,20250930,20251031,1.9061,0.8154,1.0601,3.34,0.4486,0.314,1.34,57.22,0.591,-4.729
000959.SZ,20250630,20250823,1.3176,0.5609,0.7292,3.47,0.4448,0.3113,1.39,57.43,0.402,-2.3341
000959.SZ,20250331,20250418,0.6586,0.2748,0.3572,3.31,0.4296,0.3007,1.33,58.28,0.2013,4.8322
000959.SZ,20241231,20250418,0.9508,0.3937,0.5118,1.37,0.4241,0.2968,0.55,58.59,0.8042,-12.4119
000960.SZ,20250930,20251027,8.1578,5.137,6.6781,13.41,1.0203,0.7142,5.36,37.03,0.9385,-0.9032
000960.SZ,20250630,20250825,5.0278,3.073,3.9949,13.37,0.9432,0.6603,5.35,38.88,0.5739,-0.3827
000960.SZ,20250331,20250428,2.3915,1.4296,1.8585,13.04,0.8917,0.6242,5.22,40.22,0.2649,-0.3226
000960.SZ,20250331,20250428,2.3915,1.4296,1.8585,13.04,0.8917,0.6242,5.22,40.22,0.2649,-0.3226
000962.SZ,20250930,20251025,7.7937,6.0217,7.8282,43.48,2.0389,1.4272,17.39,22.74,0.3609,2.1415
000962.SZ,20250930,20251025,7.7937,6.0217,7.8282,43.48,2.0389,1.4272,17.39,22.74,0.3609,2.1415
000962.SZ,20250630,20250826,5.4585,4.4259,5.7537,45.55,2.5717,1.8002,18.22,18.92,0.2481,1.4092
000962.SZ,20250331,20250429,2.1548,1.7878,2.3242,41.8,2.9229,2.0461,16.72,17.03,0.1078,1.5004
000963.SZ,20250930,20251028,11.6455,7.1445,9.2879,20.99,0.9524,0.6667,8.39,38.65,0.8396,0.0508
000963.SZ,20250630,20250820,7.7537,4.8172,6.2623,20.8,0.9843,0.689,8.32,37.87,0.5652,-0.3608
000963.SZ,20250331,20250425,3.8825,2.4175,3.1428,21.28,0.9901,0.6931,8.51,37.73,0.2777,1.9087
000963.SZ,20241231,20250418,15.9251,9.9067,12.8787,20.85,0.9876,0.6913,8.34,37.79,1.174,-0.066
000965.SZ,20250930,20251025,1.1818,0.5087,0.6614,12.01,0.4535,0.3175,4.8,56.95,0.1539,15.6512
000965.SZ,20250630,20250827,2.1494,0.9096,1.1824,56.46,0.4402,0.3081,22.58,57.68,0.032,10.5103
000965.SZ,20250331,20250428,1.8277,0.779,1.0127,141.04,0.4457,0.312,56.42,57.38,0.0112,11.3009
000965.SZ,20241231,20250329,0.3095,0.1388,0.1804,0.71,0.4877,0.3414,0.28,55.16,0.1798,-41.7961
000966.SZ,20250930,20251031,2.4902,0.8648,1.1242,8.01,0.3192,0.2235,3.2,65.27,0.2595,-7.3633
000966.SZ,20250630,20250823,0.6927,0.2433,0.3163,3.36,0.3249,0.2274,1.34,64.87,0.1642,-16.6544
000966.SZ,20250331,20250426,-0.5414,-0.1877,-0.244,-5.93,0.3185,0.2229,-2.37,65.33,0.0827,-13.128
000966.SZ,20241231,20250426,6.0709,2.1002,2.7303,10.5,0.3174,0.2222,4.2,65.4,0.4461,-3.4417
000967.SZ,20250930,20251030,2.7038,1.4411,1.8734,12.64,0.6848,0.4793,5.05,46.7,0.3031,4.9513
000967.SZ,20250630,20250823,2.1974,1.2549,1.6314,15.39,0.7989,0.5592,6.15,42.89,0.213,5.4542
000967.SZ,20250331,20250425,1.026,0.6273,0.8155,14.56,0.9441,0.6609,5.82,38.86,0.1072,1.52
000967.SZ,20241231,20250425,2.938,1.7817,2.3161,10.35,0.9245,0.6471,4.14,39.36,0.4471,-1.2931
000968.SZ,20250930,20251028,4.4232,2.4568,3.1939,40.14,0.7497,0.5248,16.06,44.46,0.1429,-2.2889
000968.SZ,20250630,20250826,3.8597,2.1562,2.8031,51.13,0.7595,0.5316,20.45,44.14,0.0989,-1.7746
000968.SZ,20250331,20250425,3.0608,1.5228,1.9796,80.31,0.594,0.4158,32.12,50.25,0.0476,-0.5084
000968.SZ,20241231,20250425,7.4852,3.9096,5.0825,47.9,0.6561,0.4592,19.16,47.77,0.1951,-1.5269
000969.SZ,20250930,20251030,5.034,2.8192,3.6649,13.2,0.7637,0.5346,5.28,44.0,0.5146,0.285
000969.SZ,20250630,20250826,3.3766,1.9709,2.5622,13.71,0.8413,0.5889,5.48,41.63,0.3372,1.4505
000969.SZ,20250331,20250428,1.4799,0.859,1.1167,12.43,0.8302,0.5811,4.97,41.95,0.1603,2.6311
000969.SZ,20241231,20250328,6.9924,4.0077,5.21,14.34,0.8057,0.564,5.73,42.68,0.6743,-1.0291
000970.SZ,20250930,20251031,1.3952,0.9854,1.281,5.57,1.4427,1.0099,2.23,29.37,0.4644,-1.024
000970.SZ,20250930,20251031,1.3952,0.9854,1.281,5.57,1.4427,1.0099,2.23,29.37,0.4644,-1.024
000970.SZ,20250630,20250813,0.6821,0.5087,0.6613,4.23,1.7602,1.2322,1.69,25.42,0.2887,-2.0
000970.SZ,20250331,20250425,0.2092,0.1554,0.2021,3.42,1.735,1.2145,1.37,25.7,0.144,-6.2321
000972.SZ,20250930,20251028,,,,-106.58,-0.0711,-0.0497,-42.63,113.43,0.2371,-0.7404
000972.SZ,20250930,20251028,,,,-106.58,-0.0711,-0.0497,-42.63,113.43,0.2371,-0.7404
000972.SZ,20250630,20250823,,,,-78.74,-0.0382,-0.0267,-31.5,106.8,0.157,0.354
000972.SZ,20250331,20250425,,,,-24.76,-0.0091,-0.0064,-9.9,101.54,0.0469,
000973.SZ,20250930,20251030,2.9104,2.0496,2.6645,14.19,1.4286,1.0,5.68,29.58,0.3379,-0.7659
000973.SZ,20250630,20250829,1.8476,1.3126,1.7064,14.59,1.4722,1.0305,5.84,28.96,0.2212,-1.0547
000973.SZ,20250331,20250426,0.6943,0.5,0.6499,12.45,1.5435,1.0805,4.98,27.99,0.1056,4.5777
000973.SZ,20250331,20250426,0.6943,0.5,0.6499,12.45,1.5435,1.0805,4.98,27.99,0.1056,4.5777
000975.SZ,20250930,20251024,17.9497,14.5103,18.8633,45.05,2.5313,1.7719,18.02,19.16,0.7793,-0.5009
000975.SZ,20250630,20250819,12.0187,9.6037,12.4849,47.51,2.3861,1.6702,19.0,20.09,0.4924,-0.6409
000975.SZ,20250331,20250422,5.2045,4.2586,5.5361,44.59,2.7011,1.8908,17.84,18.18,0.2321,-0.4146
000975.SZ,20241231,20250318,17.7096,14.4214,18.7478,44.72,2.6315,1.842,17.89,18.57,0.7878,-0.7815
000977.SZ,20250930,20251031,7.2182,1.4134,1.8374,3.08,0.1461,0.1023,1.23,80.42,1.3369,9.4845
000977.SZ,20250630,20250827,3.9514,0.7666,0.9966,2.49,0.1444,0.1011,1.0,80.6,0.9,7.9814
000977.SZ,20250331,20250430,2.2976,0.5176,0.6729,2.46,0.1745,0.1221,0.98,77.47,0.5761,-11.5418
000977.SZ,20250331,20250430,2.2976,0.5176,0.6729,2.46,0.1745,0.1221,0.98,77.47,0.5761,-11.5418
000978.SZ,20250930,20251030,3.2818,1.596,2.0748,24.68,0.5681,0.3976,9.87,51.37,0.1528,-2.025
000978.SZ,20250630,20250829,0.7442,0.3645,0.4738,7.45,0.5759,0.4031,2.98,51.02,0.0902,-5.9294
000978.SZ,20250331,20250429,-1.2277,-0.6064,-0.7883,-41.68,0.5856,0.41,-16.67,50.61,0.0383,-0.0357
000978.SZ,20250331,20250429,-1.2277,-0.6064,-0.7883,-41.68,0.5856,0.41,-16.67,50.61,0.0383,-0.0357
000980.SZ,20250930,20251024,-179.9636,-1.0533,-1.3693,-131.82,0.0035,0.0025,-52.73,99.41,0.1202,-0.8875
000980.SZ,20250630,20250830,-91.822,-2.4954,-3.2441,-131.87,0.0168,0.0117,-52.75,97.28,0.0797,-0.63
000980.SZ,20250331,20250430,-56.2102,-2.1936,-2.8517,-262.5,0.0244,0.0171,-105.0,96.1,0.0278,-0.795
000980.SZ,20250331,20250430,-56.2102,-2.1936,-2.8517,-262.5,0.0244,0.0171,-105.0,96.1,0.0278,-0.795
000981.SZ,20250930,20251029,30.6292,6.1427,7.9855,43.46,0.1505,0.1054,17.38,79.94,0.245,1.4416
000981.SZ,20250630,20250828,18.1469,2.6762,3.4791,29.22,0.1038,0.0727,11.69,85.25,0.1737,1.9589
000981.SZ,20250331,20250430,7.041,0.8458,1.0995,18.0,0.0819,0.0573,7.2,87.99,0.0975,
000981.SZ,20250331,20250430,7.041,0.8458,1.0995,18.0,0.0819,0.0573,7.2,87.99,0.0975,
000983.SZ,20250930,20251030,3.9314,1.7157,2.2304,17.75,0.4646,0.3252,7.1,56.36,0.2478,-2.0986
000983.SZ,20250630,20250828,2.7862,1.2094,1.5722,17.93,0.4602,0.3221,7.17,56.59,0.1645,-2.2816
000983.SZ,20250630,20250828,2.7862,1.2094,1.5722,17.93,0.4602,0.3221,7.17,56.59,0.1645,-2.2816
000983.SZ,20250331,20250429,1.8542,0.8089,1.0515,23.47,0.4643,0.325,9.39,56.38,0.082,-1.7675
000985.SZ,20250930,20251030,2.1698,1.8295,2.3784,2.31,3.2259,2.2582,0.92,15.68,2.0075,-7.9471
000985.SZ,20250630,20250823,1.4927,1.2769,1.6599,2.36,3.5493,2.4845,0.94,14.46,1.3602,-8.6681
000985.SZ,20250630,20250823,1.4927,1.2769,1.6599,2.36,3.5493,2.4845,0.94,14.46,1.3602,-8.6681
000985.SZ,20250331,20250426,1.1711,1.0336,1.3437,3.55,4.5099,3.157,1.42,11.74,0.7213,-4.7727
000987.SZ,20250930,20251031,9.404,2.1472,2.7913,159.3,0.1775,0.1243,63.72,77.17,0.0384,-0.6054
000987.SZ,20250630,20250830,4.9419,1.1029,1.4337,123.81,0.1724,0.1207,49.53,77.68,0.0256,
000987.SZ,20250630,20250830,4.9419,1.1029,1.4337,123.81,0.1724,0.1207,49.53,77.68,0.0256,-1.7734
000987.SZ,20250331,20250430,2.0842,0.4663,0.6062,110.48,0.1729,0.1211,44.19,77.63,0.0127,-3.4297
000988.SZ,20250930,20251024,12.5345,6.1125,7.9462,29.75,0.5711,0.3998,11.9,51.23,0.5089,1.1269
000988.SZ,20250630,20250815,8.8151,4.4294,5.7582,29.69,0.606,0.4242,11.88,49.75,0.3642,1.5262
000988.SZ,20250331,20250425,3.9481,2.0718,2.6934,30.3,0.6625,0.4638,12.12,47.52,0.163,1.8307
000988.SZ,20241231,20250412,12.6276,6.2323,8.1019,25.69,0.5847,0.4093,10.27,50.65,0.6125,0.3984
000989.SZ,20250930,20251030,4.0933,3.1613,4.1097,25.5,2.0352,1.4246,10.2,22.77,0.3188,-1.0285
000989.SZ,20250630,20250821,3.8877,2.9762,3.8691,30.35,1.9591,1.3714,12.14,23.45,0.247,-0.465
000989.SZ,20250331,20250424,3.0578,2.3096,3.0025,37.8,1.8522,1.2965,15.12,24.47,0.152,0.528
000989.SZ,20250331,20250424,3.0578,2.3096,3.0025,37.8,1.8522,1.2965,15.12,24.47,0.152,0.528
000990.SZ,20250930,20251025,0.5802,0.3965,0.5154,6.44,1.2947,0.9063,2.58,31.67,0.3188,-8.0023
000990.SZ,20250930,20251025,0.5802,0.3965,0.5154,6.44,1.2947,0.9063,2.58,31.67,0.3188,-8.0023
000990.SZ,20250630,20250808,0.1074,0.0743,0.0965,4.0,1.3443,0.941,1.6,30.86,0.2211,-32.3822
000990.SZ,20250331,20250424,0.4696,0.3278,0.4262,9.73,1.3874,0.9712,3.89,30.19,0.1109,-4.3763
000993.SZ,20250930,20251029,5.8602,4.2317,5.5012,79.06,1.5591,1.0914,31.62,27.79,0.1321,-0.4976
000993.SZ,20250930,20251029,5.8602,4.2317,5.5012,79.06,1.5591,1.0914,31.62,27.79,0.1321,-0.4976
000993.SZ,20250630,20250829,2.7985,2.0033,2.6043,63.56,1.5115,1.058,25.43,28.42,0.0787,0.1737
000993.SZ,20250331,20250430,0.4473,0.3174,0.4126,23.44,1.4661,1.0263,9.38,29.04,0.036,1.535
000995.SZ,20250930,20251028,-4.7653,-1.4588,-1.8964,-20.39,0.2647,0.1853,-8.15,69.39,0.1785,1.02
000995.SZ,20250630,20250829,-3.5055,-1.1319,-1.4715,-22.52,0.2861,0.2003,-9.01,67.71,0.1209,3.8867
000995.SZ,20250331,20250429,2.2336,0.7489,0.9736,22.23,0.3026,0.2118,8.89,66.47,0.0807,4.9639
000995.SZ,20250331,20250429,2.2336,0.7489,0.9736,22.23,0.3026,0.2118,8.89,66.47,0.0807,4.9639
000997.SZ,20250930,20251029,13.0738,7.2213,9.3877,42.83,0.7403,0.5182,17.13,44.77,0.4707,0.8553
000997.SZ,20250630,20250826,8.5568,5.0308,6.5401,43.51,0.8561,0.5993,17.41,41.21,0.3163,0.3819
000997.SZ,20250331,20250423,4.4502,2.6431,3.436,48.97,0.8776,0.6143,19.59,40.61,0.1491,-0.1669
000997.SZ,20250331,20250423,4.4502,2.6431,3.436,48.97,0.8776,0.6143,19.59,40.61,0.1491,-0.1669
000998.SZ,20250930,20251030,-12.6395,-4.5697,-5.9406,-75.84,0.3398,0.2378,-30.34,63.85,0.115,-1.9428
000998.SZ,20250630,20250823,-2.9995,-1.1991,-1.5589,-27.56,0.3996,0.2797,-11.02,60.02,0.0898,4.3297
000998.SZ,20250331,20250426,-0.0428,-0.0151,-0.0196,5.65,0.3257,0.228,2.26,64.82,0.0584,
000998.SZ,20241231,20250426,2.1947,0.7356,0.9563,-4.69,0.3025,0.2117,-1.88,66.48,0.3315,-3.1278
000999.SZ,20250930,20251025,11.4719,7.581,9.8553,32.97,1.169,0.8183,13.19,33.92,0.455,-0.2379
000999.SZ,20250630,20250816,8.8027,5.7927,7.5305,37.33,1.1547,0.8083,14.93,34.19,0.3043,-0.5717
000999.SZ,20250331,20250429,6.1832,3.7774,4.9106,48.56,0.942,0.6594,19.43,38.91,0.14,0.2371
000999.SZ,20250331,20250429,6.1832,3.7774,4.9106,48.56,0.942,0.6594,19.43,38.91,0.14,0.2371
001201.SZ,20250930,20251031,0.3381,0.1852,0.2408,1.76,0.727,0.5089,0.7,45.21,0.2606,-12.16
001201.SZ,20250630,20250830,0.098,0.0539,0.0701,0.71,0.7341,0.5138,0.29,44.98,0.1788,
001201.SZ,20250331,20250426,-0.1643,-0.0897,-0.1166,-2.91,0.7216,0.5051,-1.16,45.4,0.0805,-11.605
001201.SZ,20241231,20250426,-1.9069,-1.0655,-1.3851,-10.92,0.7598,0.5318,-4.37,44.13,0.2499,-1.8673
001202.SZ,20250930,20251031,7.4588,3.3413,4.3436,8.87,0.4869,0.3408,3.55,55.2,0.7803,0.8089
001202.SZ,20250630,20250829,5.2819,2.5784,3.3519,13.62,0.5722,0.4006,5.45,51.19,0.425,-0.1128
001202.SZ,20250331,20250429,1.0367,0.5222,0.6789,-2.9,0.609,0.4263,-1.16,49.63,0.1739,5.7533
001202.SZ,20250331,20250429,1.0367,0.5222,0.6789,-2.9,0.609,0.4263,-1.16,49.63,0.1739,5.7533
001203.SZ,20250930,20251025,9.033,3.5172,4.5723,49.07,0.3826,0.2678,19.63,61.06,0.1864,-0.7479
001203.SZ,20250630,20250821,6.223,2.5007,3.2509,51.41,0.4031,0.2822,20.56,59.82,0.1246,-0.5415
001203.SZ,20250331,20250419,3.3912,1.4468,1.8808,60.73,0.4464,0.3125,24.29,57.34,0.0593,-0.2267
001203.SZ,20241231,20250419,12.1071,5.1142,6.6485,48.86,0.4388,0.3072,19.55,57.76,0.2608,-1.0108
001205.SZ,20250930,20251025,3.498,1.7478,2.2721,17.93,0.5991,0.4194,7.17,50.04,0.2285,-3.6957
001205.SZ,20250630,20250823,2.5997,1.2556,1.6323,19.74,0.5605,0.3924,7.9,51.7,0.1492,-3.9594
001205.SZ,20250331,20250426,1.816,0.849,1.1037,26.46,0.5268,0.3688,10.59,53.25,0.0765,-0.9861
001205.SZ,20250331,20250426,1.816,0.849,1.1037,26.46,0.5268,0.3688,10.59,53.25,0.0765,-0.9861
001206.SZ,20250930,20251027,8.4612,7.1945,9.3528,29.99,3.4078,2.3854,12.0,14.97,0.5943,-0.6766
001206.SZ,20250630,20250822,5.5287,4.6624,6.0611,28.76,3.229,2.2603,11.5,15.67,0.4033,-0.8662
001206.SZ,20250331,20250423,2.9069,2.3961,3.115,27.86,2.8148,1.9704,11.14,17.57,0.2164,-0.3469
001206.SZ,20250331,20250423,2.9069,2.3961,3.115,27.86,2.8148,1.9704,11.14,17.57,0.2164,-0.3469
001207.SZ,20250930,20251016,10.8758,7.9856,10.3813,32.43,1.6578,1.1605,12.97,26.57,0.5966,-0.2745
001207.SZ,20250630,20250829,8.1183,5.6247,7.3121,32.5,1.3534,0.9474,13.0,30.72,0.4301,-0.2428
001207.SZ,20250331,20250430,4.3929,3.0205,3.9267,34.54,1.3206,0.9244,13.82,31.24,0.2182,0.0931
001207.SZ,20250331,20250430,4.3929,3.0205,3.9267,34.54,1.3206,0.9244,13.82,31.24,0.2182,0.0931
001208.SZ,20250930,20251024,4.0865,1.9314,2.5109,6.82,0.5377,0.3764,2.73,52.74,0.6274,0.7395
001208.SZ,20250630,20250822,3.8892,1.2502,1.6252,7.26,0.2842,0.199,2.91,67.86,0.4474,0.1558
001208.SZ,20250331,20250428,1.9645,0.691,0.8983,8.0,0.3256,0.2279,3.2,64.82,0.215,4.6333
001208.SZ,20250331,20250428,1.9645,0.691,0.8983,8.0,0.3256,0.2279,3.2,64.82,0.215,4.6333
001209.SZ,20250930,20251031,1.3358,0.877,1.1401,3.45,1.147,0.8029,1.38,34.34,0.6212,2.6485
001209.SZ,20250630,20250829,0.8928,0.5832,0.7581,3.43,1.13,0.791,1.37,34.68,0.4158,1.0944
001209.SZ,20250331,20250430,1.5837,1.0807,1.4049,11.6,1.2892,0.9024,4.64,31.76,0.2258,2.8281
001209.SZ,20241231,20250424,6.2685,4.0486,5.2632,11.27,1.0943,0.766,4.51,35.41,0.9138,-0.5845
001210.SZ,20250930,20251025,7.0471,4.7408,6.163,31.21,1.2333,0.8633,12.48,32.73,0.319,1.7193
001210.SZ,20250930,20251025,7.0471,4.7408,6.163,31.21,1.2333,0.8633,12.48,32.73,0.319,1.7193
001210.SZ,20250630,20250822,9.1842,6.673,8.6749,43.96,1.5944,1.1161,17.58,27.34,0.3147,2.4289
001210.SZ,20250331,20250426,9.8724,7.028,9.1364,52.26,1.4825,1.0378,20.91,28.81,0.2896,2.3258
001211.SZ,20250930,20251031,0.9724,0.4579,0.5953,1.91,0.534,0.3738,0.76,52.91,0.5836,-2.2945
001211.SZ,20250630,20250822,1.1809,0.5567,0.7237,3.76,0.5352,0.3746,1.5,52.86,0.3683,2.8493
001211.SZ,20250331,20250425,1.0621,0.512,0.6657,7.04,0.5585,0.391,2.82,51.79,0.1803,1.4677
001211.SZ,20241231,20250425,3.2722,1.5364,1.9974,5.19,0.5311,0.3718,2.08,53.05,0.7857,-0.649
001212.SZ,20250930,20251029,0.2106,0.1673,0.2174,2.74,2.3158,1.621,1.1,20.58,0.1385,-4.185
001212.SZ,20250930,20251029,0.2106,0.1673,0.2174,2.74,2.3158,1.621,1.1,20.58,0.1385,-4.185
001212.SZ,20250630,20250828,0.1459,0.1118,0.1454,2.97,1.9706,1.3794,1.19,23.34,0.0858,0.36
001212.SZ,20250630,20250828,0.1459,0.1118,0.1454,2.97,1.9706,1.3794,1.19,23.34,0.0858,0.36
001213.SZ,20250930,20251031,2.4743,2.2469,2.921,13.98,5.9284,4.1499,5.59,9.19,0.4046,-0.1842
001213.SZ,20250930,20251031,2.4743,2.2469,2.921,13.98,5.9284,4.1499,5.59,9.19,0.4046,-0.1842
001213.SZ,20250630,20250827,1.7712,1.6317,2.1213,15.66,7.0201,4.9141,6.26,7.87,0.2604,-0.3588
001213.SZ,20250331,20250429,0.8972,0.8243,1.0717,16.62,6.7893,4.7525,6.65,8.12,0.1242,-0.9
001215.SZ,20250930,20251028,2.9152,2.2384,2.9099,9.71,1.9844,1.3891,3.88,23.22,0.5797,-1.0835
001215.SZ,20250930,20251028,2.9152,2.2384,2.9099,9.71,1.9844,1.3891,3.88,23.22,0.5797,-1.0835
001215.SZ,20250630,20250828,1.9453,1.5753,2.0479,10.04,2.5545,1.7881,4.02,19.02,0.3839,0.1846
001215.SZ,20250331,20250426,1.1702,0.9391,1.2208,11.33,2.4379,1.7065,4.53,19.75,0.2037,1.3032
001216.SZ,20250930,20251027,10.6972,8.8744,11.5367,41.29,2.9211,2.0448,16.52,17.04,0.5276,-0.5328
001216.SZ,20250630,20250827,6.91,5.706,7.4178,40.83,2.8434,1.9904,16.33,17.42,0.3438,-0.2883
001216.SZ,20250331,20250428,2.8741,2.3139,3.0081,35.51,2.4785,1.7349,14.21,19.49,0.1623,0.8348
001216.SZ,20241231,20250403,12.3819,10.2078,13.2702,37.76,2.8171,1.972,15.11,17.56,0.657,-0.0446
001217.SZ,20250930,20251027,0.9755,0.6316,0.821,3.61,1.1018,0.7713,1.44,35.26,0.4321,-3.8486
001217.SZ,20250630,20250808,1.2992,0.8275,1.0758,7.3,1.0526,0.7368,2.92,36.31,0.2823,1.1244
001217.SZ,20250331,20250418,0.7512,0.4734,0.6154,9.05,1.0224,0.7157,3.62,36.98,0.1311,8.23
001217.SZ,20241231,20250418,3.9343,2.4879,3.2342,13.37,1.032,0.7224,5.35,36.76,0.4741,-4.0281
001218.SZ,20250930,20251024,4.4865,3.3169,4.3119,7.22,1.7015,1.1911,2.89,26.07,1.1715,-1.2716
001218.SZ,20250630,20250829,2.4958,1.869,2.4298,6.23,1.7893,1.2525,2.49,25.11,0.7606,-1.022
001218.SZ,20250331,20250430,1.2445,0.9615,1.2499,6.55,2.0381,1.4267,2.62,22.74,0.3661,1.361
001218.SZ,20241231,20250423,5.0228,3.868,5.0284,7.48,2.0098,1.4068,2.99,22.99,1.3087,-1.4138
001219.SZ,20250930,20251025,8.881,7.3423,9.545,54.84,2.8631,2.0042,21.93,17.33,0.3471,-0.3583
001219.SZ,20250930,20251025,8.881,7.3423,9.545,54.84,2.8631,2.0042,21.93,17.33,0.3471,-0.3583
001219.SZ,20250630,20250823,6.2804,5.5794,7.2533,58.52,4.7757,3.343,23.41,11.16,0.2387,0.16
001219.SZ,20250331,20250429,2.8534,2.643,3.4359,55.15,7.538,5.2766,22.06,7.37,0.1175,0.8151
001220.SZ,20250930,20260115,12.3917,10.3913,13.5087,41.28,3.1168,2.1818,16.51,16.14,0.604,-1.0051
001220.SZ,20250630,20260115,7.702,6.3426,8.2453,37.14,2.7993,1.9595,14.86,17.65,0.4131,-1.2396
001220.SZ,20241231,20260115,23.0573,17.7487,23.0734,41.35,2.0061,1.4042,16.54,23.02,1.098,0.3333
001220.SZ,20240930,20260115,18.4753,,,40.31,,,16.12,,,
001221.SZ,20250930,20251028,21.5514,13.8683,18.0288,48.41,1.083,0.7581,19.36,35.65,0.7388,-0.5096
001221.SZ,20250930,20251028,21.5514,13.8683,18.0288,48.41,1.083,0.7581,19.36,35.65,0.7388,-0.5096
001221.SZ,20250630,20250829,14.1263,9.8274,12.7756,45.77,1.3716,0.9601,18.31,30.43,0.5378,-0.3622
001221.SZ,20250331,20250711,6.4069,4.4868,5.8329,46.15,1.4021,0.9815,18.46,29.97,0.2427,0.9391
001222.SZ,20250930,20251030,9.4621,8.2909,10.7782,30.8,4.2474,2.9732,12.32,12.38,0.724,0.8746
001222.SZ,20250930,20251030,9.4621,8.2909,10.7782,30.8,4.2474,2.9732,12.32,12.38,0.724,0.8746
001222.SZ,20250630,20250828,5.4954,4.7623,6.191,28.72,3.8976,2.7283,11.49,13.34,0.4542,1.412
001222.SZ,20250331,20250426,1.893,1.6727,2.1745,24.37,4.5552,3.1886,9.75,11.64,0.1957,-0.0097
001223.SZ,20250930,20251031,4.8214,3.7487,4.8733,32.55,2.0967,1.4677,13.02,22.25,0.3039,-0.2512
001223.SZ,20250630,20250827,3.6442,2.9562,3.8431,40.24,2.5782,1.8047,16.1,18.88,0.1931,0.4718
001223.SZ,20250331,20250428,2.1503,1.7643,2.2936,52.38,2.7425,1.9198,20.95,17.95,0.0856,-0.0525
001223.SZ,20250331,20250428,2.1503,1.7643,2.2936,52.38,2.7425,1.9198,20.95,17.95,0.0856,-0.0525
001225.SZ,20250930,20251031,2.2436,2.0046,2.606,43.45,5.0333,3.5233,17.38,10.65,0.1166,0.0488
001225.SZ,20250630,20250822,1.3792,1.2478,1.6221,38.99,5.6968,3.9878,15.6,9.53,0.0804,0.0323
001225.SZ,20250331,20250422,0.7365,0.6687,0.8694,50.61,5.922,4.1454,20.24,9.2,0.0331,0.38
001225.SZ,20241231,20250422,4.0039,3.6562,4.7531,57.35,6.3094,4.4166,22.94,8.68,0.1584,-0.7427
001226.SZ,20250930,20251031,2.2472,1.3962,1.815,8.36,0.9844,0.6891,3.34,37.87,0.4097,-3.5395
001226.SZ,20250630,20250827,1.6949,1.0807,1.4049,9.57,1.0557,0.739,3.83,36.24,0.2732,-3.3524
001226.SZ,20250331,20250428,1.0866,0.661,0.8593,11.44,0.9318,0.6523,4.58,39.17,0.1434,0.0755
001226.SZ,20241231,20250423,2.7676,1.6556,2.1522,8.09,0.8933,0.6253,3.24,40.18,0.5118,7.5374
001227.SZ,20250930,20251031,3.9603,0.3089,0.4015,65.11,0.0508,0.0355,26.05,92.2,0.0117,-9.911
001227.SZ,20250630,20250828,2.6735,0.1889,0.2456,62.17,0.0456,0.0319,24.87,92.93,0.0079,-13.1719
001227.SZ,20250331,20250428,1.5819,0.1138,0.1479,70.2,0.0465,0.0326,28.08,92.81,0.0042,-1.6411
001227.SZ,20241231,20250428,5.5121,0.4068,0.5289,61.83,0.0478,0.0335,24.73,92.62,0.0167,-7.9934
001228.SZ,20250930,20251029,5.6159,2.2694,2.9503,6.79,0.4069,0.2848,2.71,59.59,0.9514,2.6338
001228.SZ,20250930,20251029,5.6159,2.2694,2.9503,6.79,0.4069,0.2848,2.71,59.59,0.9514,2.6338
001228.SZ,20250630,20250827,3.2157,1.3797,1.7936,7.17,0.4509,0.3156,2.87,57.1,0.5571,7.8836
001228.SZ,20250331,20250430,2.2203,1.0043,1.3055,10.3,0.4955,0.3469,4.12,54.77,0.2698,8.9311
001229.SZ,20250930,20251028,4.0897,3.8152,4.9597,76.0,8.3376,5.8363,30.4,6.71,0.1253,-1.1752
001229.SZ,20250630,20250827,1.9621,1.8179,2.3632,67.44,7.5617,5.2932,26.98,7.35,0.0675,-2.3026
001229.SZ,20250331,20250426,0.5883,0.552,0.7176,53.62,9.1166,6.3816,21.45,6.17,0.0256,-2.705
001229.SZ,20241231,20250426,8.1414,7.57,9.841,101.64,7.9491,5.5644,40.66,7.02,0.1858,0.0645
001230.SZ,20250930,20251031,6.61,4.087,5.3131,30.31,0.9719,0.6803,12.13,38.17,0.3644,0.6221
001230.SZ,20250930,20251031,6.61,4.087,5.3131,30.31,0.9719,0.6803,12.13,38.17,0.3644,0.6221
001230.SZ,20250630,20250827,4.218,2.6297,3.4186,29.01,0.9934,0.6954,11.61,37.66,0.2459,1.1544
001230.SZ,20250331,20250425,2.077,1.2758,1.6585,29.0,0.9554,0.6688,11.6,38.58,0.1188,1.0334
001231.SZ,20250930,20251029,4.0837,2.7906,3.6277,16.56,1.2948,0.9064,6.62,31.67,0.3872,3.8057
001231.SZ,20250630,20250829,4.7883,3.1829,4.1378,24.75,1.1896,0.8327,9.9,33.53,0.3082,3.1672
001231.SZ,20250331,20250428,1.8959,1.234,1.6042,20.28,1.1186,0.783,8.11,34.91,0.1431,4.8621
001231.SZ,20250331,20250428,1.8959,1.234,1.6042,20.28,1.1186,0.783,8.11,34.91,0.1431,4.8621
001233.SZ,20250930,20251106,17.6985,13.5447,17.6081,71.38,1.9565,1.3695,28.55,23.47,0.4633,0.4394
001233.SZ,20250630,20251106,13.3601,10.0107,13.0139,78.93,1.7933,1.2553,31.57,25.07,0.3126,0.5656
001233.SZ,20250331,20250523,5.8064,,,76.13,,,30.45,,0.1404,
001233.SZ,20241231,20251106,33.2344,24.1649,31.4144,73.81,1.5987,1.1191,29.53,27.29,0.7561,0.2957
001234.SZ,20250930,20251027,3.8073,2.999,3.8988,13.84,2.2263,1.5584,5.54,21.23,0.5246,0.2705
001234.SZ,20250630,20250823,3.2883,2.5126,3.2664,19.53,1.9435,1.3604,7.81,23.59,0.3164,-1.3326
001234.SZ,20250331,20250429,2.2774,1.7736,2.3057,23.92,2.1122,1.4786,9.57,22.12,0.1806,-0.9068
001234.SZ,20250331,20250429,2.2774,1.7736,2.3057,23.92,2.1122,1.4786,9.57,22.12,0.1806,-0.9068
001236.SZ,20250930,20251029,0.1116,0.0166,0.0216,1.13,0.105,0.0735,0.45,85.1,0.0381,
001236.SZ,20250630,20250829,-0.1928,-0.0334,-0.0434,-2.79,0.1257,0.088,-1.12,82.68,0.0287,
001236.SZ,20250331,20250426,0.0641,0.013,0.0169,0.47,0.1532,0.1072,0.19,79.66,0.0614,
001236.SZ,20241231,20250329,1.6017,0.2569,0.334,2.59,0.1146,0.0802,1.04,83.96,0.2737,-77.7162
001238.SZ,20250930,20251031,4.1665,2.5348,3.2952,8.76,0.9321,0.6525,3.51,39.16,0.7471,-2.53
001238.SZ,20250930,20251031,4.1665,2.5348,3.2952,8.76,0.9321,0.6525,3.51,39.16,0.7471,-2.5049
001238.SZ,20250630,20250830,6.3773,3.8884,5.055,16.92,0.9374,0.6562,6.77,39.03,0.5929,-0.5847
001238.SZ,20250331,20250429,3.7494,2.2395,2.9113,20.0,0.8899,0.6229,8.0,40.27,0.2918,1.0995
001239.SZ,20250930,20251028,5.3597,2.6624,3.4611,21.29,0.5922,0.4146,8.52,50.33,0.3779,0.9376
001239.SZ,20250930,20251028,5.3597,2.6624,3.4611,21.29,0.5922,0.4146,8.52,50.33,0.3779,0.9376
001239.SZ,20250630,20250828,4.3482,2.173,2.8248,24.36,0.5994,0.4196,9.74,50.03,0.2556,0.6789
001239.SZ,20250331,20250429,1.387,0.6623,0.861,14.85,0.5483,0.3838,5.94,52.25,0.1172,1.8725
001255.SZ,20250930,20251028,0.9845,0.5179,0.6732,3.53,0.6659,0.4661,1.41,47.4,0.2559,2.9575
001255.SZ,20250630,20250812,1.1795,0.6418,0.8343,9.17,0.7161,0.5013,3.67,45.59,0.1546,-0.3945
001255.SZ,20250331,20250428,0.3962,0.2404,0.3125,7.78,0.9258,0.648,3.11,39.32,0.0759,11.1311
001255.SZ,20250331,20250428,0.3962,0.2404,0.3125,7.78,0.9258,0.648,3.11,39.32,0.0759,11.1311
001256.SZ,20250930,20251031,6.8895,5.2531,6.829,49.52,1.9261,1.3483,19.81,23.75,0.2609,0.2004
001256.SZ,20250630,20250829,4.4031,3.0664,3.9863,49.19,1.3764,0.9635,19.68,30.36,0.1602,0.4778
001256.SZ,20250331,20250429,2.253,1.6348,2.1253,55.13,1.5868,1.1108,22.05,27.44,0.0747,0.8411
001256.SZ,20250331,20250429,2.253,1.6348,2.1253,55.13,1.5868,1.1108,22.05,27.44,0.0747,0.8411
001258.SZ,20250930,20251027,4.4643,1.0658,1.3855,40.23,0.1882,0.1317,16.09,76.13,0.0503,-2.4129
001258.SZ,20250630,20250805,0.3076,0.059,0.0766,4.36,0.1423,0.0996,1.75,80.83,0.031,
001258.SZ,20250630,20250805,0.3076,0.059,0.0766,4.36,0.1423,0.0996,1.75,80.83,0.031,
001258.SZ,20250331,20250429,-0.3222,-0.0597,-0.0777,-11.01,0.1366,0.0956,-4.4,81.46,0.014,
001259.SZ,20250930,20251030,0.58,0.497,0.6461,2.94,3.5921,2.5145,1.18,14.31,0.3244,-2.3657
001259.SZ,20250930,20251030,0.58,0.497,0.6461,2.94,3.5921,2.5145,1.18,14.31,0.3244,-2.3657
001259.SZ,20250630,20250829,0.6855,0.5585,0.7261,5.45,2.6394,1.8476,2.18,18.52,0.2262,-1.2915
001259.SZ,20250630,20250829,0.6855,0.5585,0.7261,5.45,2.6394,1.8476,2.18,18.52,0.2262,-1.2915
001260.SZ,20250930,20251025,4.6045,3.5686,4.6392,22.01,2.0671,1.4469,8.8,22.5,0.3992,-1.0644
001260.SZ,20250930,20251025,4.6045,3.5686,4.6392,22.01,2.0671,1.4469,8.8,22.5,0.3992,-1.0644
001260.SZ,20250630,20250830,2.7433,2.1255,2.7631,19.72,2.0641,1.4449,7.89,22.52,0.2655,-0.3447
001260.SZ,20250331,20250424,0.8239,0.6365,0.8275,12.67,2.038,1.4266,5.07,22.74,0.124,1.4683
001266.SZ,20250930,20251029,1.1767,0.6475,0.8418,6.29,0.7342,0.514,2.52,44.97,0.2538,-6.7155
001266.SZ,20250930,20251029,1.2632,0.6993,0.9091,6.75,0.744,0.5208,2.7,44.64,0.2552,-6.0725
001266.SZ,20250630,20250830,1.5823,0.938,1.2194,11.0,0.8735,0.6115,4.4,40.72,0.2001,0.2687
001266.SZ,20250331,20250429,0.2591,0.1575,0.2048,1.88,0.9303,0.6512,0.75,39.21,0.1139,3.8567
001267.SZ,20250930,20251029,3.2905,1.5672,2.0374,22.54,0.5457,0.382,9.02,52.37,0.3184,5.3308
001267.SZ,20250630,20250826,2.3989,1.2056,1.5673,25.11,0.6062,0.4243,10.04,49.74,0.2134,5.01
001267.SZ,20250331,20250423,1.262,0.6327,0.8225,29.06,0.6033,0.4223,11.63,49.86,0.0945,6.4921
001267.SZ,20241231,20250423,4.2431,2.4193,3.1451,27.96,0.7959,0.5571,11.19,42.98,0.2243,-0.18
001268.SZ,20250930,20251028,5.8313,3.9026,5.0734,24.92,1.2141,0.8499,9.97,33.07,0.4058,-0.496
001268.SZ,20250930,20251028,5.8313,3.9026,5.0734,24.92,1.2141,0.8499,9.97,33.07,0.4058,-0.496
001268.SZ,20250630,20250827,5.0522,3.3912,4.4086,28.87,1.225,0.8575,11.55,32.88,0.3039,-0.0406
001268.SZ,20250331,20250425,1.8729,1.2877,1.674,21.42,1.3201,0.9241,8.57,31.25,0.1538,3.5706
001269.SZ,20250930,20251031,-8.5577,-4.0179,-5.2233,-61.82,0.531,0.3717,-24.73,53.05,0.1645,-0.6884
001269.SZ,20250630,20250830,-7.2375,-3.4292,-4.458,-77.74,0.5403,0.3782,-31.1,52.62,0.1111,-0.222
001269.SZ,20250331,20250428,-0.3458,-0.1655,-0.2152,-6.52,0.551,0.3857,-2.61,52.13,0.0636,0.9319
001269.SZ,20241231,20250428,-37.3135,-17.9403,-23.3223,-141.56,0.5556,0.3889,-56.62,51.92,0.3293,-1.156
001270.SZ,20250930,20251023,6.3649,5.9042,7.6755,73.8,7.6898,5.3829,29.52,7.24,0.198,2.1597
001270.SZ,20250630,20250815,4.0452,3.7937,4.9318,70.37,9.0516,6.3361,28.15,6.22,0.1327,2.3891
001270.SZ,20250331,20250423,2.1544,1.9873,2.5835,81.01,7.1356,4.995,32.41,7.76,0.0609,3.8826
001270.SZ,20250331,20250423,2.1544,1.9873,2.5835,81.01,7.1356,4.995,32.41,7.76,0.0609,3.8826
001277.SZ,20250930,20251027,4.9245,3.7292,4.8479,27.63,1.8719,1.3103,11.05,24.27,0.3536,1.0336
001277.SZ,20250630,20250829,2.6679,2.0476,2.6619,21.28,1.9806,1.3864,8.51,23.25,0.2504,2.3198
001277.SZ,20250331,20250428,0.7281,0.5734,0.7454,17.78,2.2235,1.5565,7.11,21.25,0.0842,1.1307
001277.SZ,20250331,20250428,0.7281,0.5734,0.7454,17.78,2.2235,1.5565,7.11,21.25,0.0842,1.1307
001278.SZ,20250930,20251029,-2.9343,-0.9576,-1.2449,-6.51,0.2907,0.2035,-2.6,67.37,0.4245,-0.8081
001278.SZ,20250630,20250828,-2.1254,-0.7538,-0.98,-8.04,0.3298,0.2308,-3.22,64.53,0.2635,-2.0723
001278.SZ,20250331,20250430,-0.543,-0.2031,-0.264,-4.83,0.3586,0.251,-1.93,62.59,0.1264,-9.4373
001278.SZ,20241231,20250415,2.3452,0.8928,1.1606,2.84,0.3688,0.2582,1.14,61.93,0.662,4.3001
001279.SZ,20250930,20251031,4.5932,2.7891,3.6259,10.6,0.9276,0.6493,4.24,39.28,0.7278,-6.8852
001279.SZ,20250930,20251031,4.5932,2.7891,3.6259,10.6,0.9276,0.6493,4.24,39.28,0.7278,-6.8852
001279.SZ,20250630,20250830,3.2278,2.2144,2.8788,11.39,1.3112,0.9178,4.55,31.39,0.5108,-6.4554
001279.SZ,20250331,20250425,2.0913,1.6318,2.1213,14.28,2.1305,1.4913,5.71,21.97,0.2819,-0.8217
001280.SZ,20250930,20251113,10.5625,5.081,6.6053,24.57,0.5562,0.3893,9.83,51.9,0.5671,3.6952
001280.SZ,20250630,20251113,6.88,3.1912,4.1485,22.79,0.5191,0.3633,9.12,53.62,0.3946,6.119
001280.SZ,20241231,20251113,14.6897,8.4425,10.9753,24.77,0.8108,0.5676,9.91,42.53,0.8675,0.65
001280.SZ,20240930,20251113,10.3604,,,25.59,,,10.24,,,
001282.SZ,20250930,20251029,5.7905,3.5768,4.6498,19.1,0.9694,0.6786,7.64,38.23,0.4875,0.7943
001282.SZ,20250630,20250828,4.5448,2.7785,3.6121,23.01,0.9439,0.6607,9.2,38.86,0.3161,0.81
001282.SZ,20250331,20250429,1.927,1.1827,1.5375,19.22,0.9533,0.6673,7.69,38.63,0.1608,-0.4232
001282.SZ,20250331,20250429,1.927,1.1827,1.5375,19.22,0.9533,0.6673,7.69,38.63,0.1608,-0.4232
001283.SZ,20250930,20251030,5.9581,2.4032,3.1242,9.97,0.4056,0.2839,3.99,59.67,0.506,-0.6844
001283.SZ,20250630,20250819,4.0204,1.1309,1.4702,8.75,0.2348,0.1644,3.5,71.87,0.3199,0.1207
001283.SZ,20250331,20250428,1.3217,0.3567,0.4637,6.49,0.2218,0.1553,2.6,73.01,0.1389,-2.207
001283.SZ,20241231,20250428,3.6589,1.0095,1.3124,4.47,0.2286,0.16,1.79,72.41,0.5889,-3.9194
001285.SZ,20250930,20251028,8.8046,6.5997,8.5796,35.92,1.7959,1.2571,14.37,25.04,0.4276,0.3186
001285.SZ,20250630,20250911,8.0041,4.8068,6.2489,33.24,0.902,0.6314,13.3,39.95,0.3633,-0.1852
001285.SZ,20250630,20250911,8.0041,4.8068,6.2489,33.24,0.902,0.6314,13.3,39.95,0.3633,-0.1852
001285.SZ,20241231,20250911,17.1965,10.4466,13.5806,34.74,0.9286,0.65,13.9,39.25,0.7241,-0.8291
001286.SZ,20250930,20251029,9.4961,4.4835,5.8286,56.71,0.5367,0.3757,22.68,52.79,0.2345,-1.7848
001286.SZ,20250630,20250820,5.3671,2.5035,3.2545,51.75,0.5245,0.3672,20.7,53.35,0.1446,-1.885
001286.SZ,20250331,20250418,2.7965,1.3262,1.7241,50.97,0.5412,0.3789,20.39,52.58,0.0761,-1.3163
001286.SZ,20241231,20250418,12.5565,5.8854,7.651,50.34,0.5293,0.3705,20.13,53.13,0.3528,-1.7454
001287.SZ,20250930,20251030,4.8503,0.8877,1.154,1.27,0.1344,0.0941,0.51,81.7,1.8107,20.9298
001287.SZ,20250630,20250827,3.4282,0.6813,0.8857,1.35,0.1488,0.1042,0.54,80.13,1.2599,12.4706
001287.SZ,20250331,20250429,1.6027,0.2857,0.3714,1.21,0.1302,0.0911,0.48,82.17,0.6208,21.9775
001287.SZ,20250331,20250429,1.6027,0.2857,0.3714,1.21,0.1302,0.0911,0.48,82.17,0.6208,21.9775
001288.SZ,20250930,20251028,4.7762,2.2009,2.8611,22.47,0.5128,0.3589,8.99,53.92,0.2429,7.3426
001288.SZ,20250930,20251028,4.7762,2.2009,2.8611,22.47,0.5128,0.3589,8.99,53.92,0.2429,7.3426
001288.SZ,20250630,20250826,3.2936,1.5363,1.9972,21.53,0.5246,0.3672,8.61,53.35,0.1759,7.486
001288.SZ,20250331,20250429,1.7481,0.8135,1.0575,24.06,0.5222,0.3656,9.62,53.46,0.0814,12.2942
001289.SZ,20250930,20251030,5.8919,2.0104,2.6135,58.27,0.3108,0.2175,23.31,65.88,0.0855,-2.593
001289.SZ,20250630,20250820,4.5596,1.4986,1.9482,63.94,0.2938,0.2056,25.58,67.13,0.0595,-0.9775
001289.SZ,20250331,20250429,2.5619,0.8542,1.1105,69.28,0.3001,0.2101,27.71,66.66,0.0312,-0.4176
001289.SZ,20250331,20250429,2.5619,0.8542,1.1105,69.28,0.3001,0.2101,27.71,66.66,0.0312,-0.4176
001296.SZ,20250930,20251023,6.5491,5.3097,6.9027,34.74,2.5706,1.7994,13.9,18.92,0.3865,-0.5932
001296.SZ,20250930,20251023,6.5491,5.3097,6.9027,34.74,2.5706,1.7994,13.9,18.92,0.3865,-0.5932
001296.SZ,20250630,20250816,4.2783,3.4102,4.4333,36.91,2.3571,1.65,14.76,20.29,0.2385,-0.5678
001296.SZ,20250331,20250430,1.9434,1.5841,2.0594,37.86,2.6456,1.8519,15.15,18.49,0.1092,-2.255
001298.SZ,20250930,20251030,3.0844,1.3653,1.7749,1.98,0.4765,0.3336,0.79,55.73,1.9021,9.2795
001298.SZ,20250630,20250827,2.1216,0.9965,1.2955,2.16,0.5314,0.372,0.87,53.03,1.2555,16.9579
001298.SZ,20250331,20250425,1.1109,0.6531,0.849,2.48,0.8559,0.5991,0.99,41.21,0.6437,3.6277
001298.SZ,20241231,20250425,1.9343,1.0907,1.4179,1.04,0.7757,0.543,0.42,43.61,2.6525,13.368
001299.SZ,20250930,20251025,5.3438,3.9745,5.1669,32.04,1.7416,1.2191,12.82,25.62,0.3069,0.8315
001299.SZ,20250630,20250827,4.1171,3.077,4.0,33.05,1.7749,1.2424,13.22,25.26,0.2294,0.951
001299.SZ,20250331,20250429,2.0196,1.5424,2.0051,26.78,1.9391,1.3574,10.71,23.63,0.1397,1.1514
001299.SZ,20250331,20250429,2.0196,1.5424,2.0051,26.78,1.9391,1.3574,10.71,23.63,0.1397,1.1514
001300.SZ,20250930,20251028,-0.4399,-0.3602,-0.4683,-3.96,2.7115,1.8981,-1.58,18.12,0.2712,1.9153
001300.SZ,20250930,20251028,-0.4399,-0.3602,-0.4683,-3.96,2.7115,1.8981,-1.58,18.12,0.2712,1.9153
001300.SZ,20250630,20250821,0.7854,0.6442,0.8375,7.92,2.7376,1.9163,3.17,17.98,0.1894,1.5647
001300.SZ,20250331,20250428,0.6197,0.5136,0.6677,11.79,2.9059,2.0341,4.72,17.11,0.107,3.4291
001301.SZ,20250930,20251028,10.9182,6.6997,8.7097,32.29,0.9529,0.667,12.92,38.64,0.5428,1.6673
001301.SZ,20250630,20250820,7.4925,4.6994,6.1092,35.37,1.0095,0.7066,14.15,37.28,0.3444,1.9136
001301.SZ,20250331,20250428,3.7547,2.2655,2.9452,36.75,0.9128,0.639,14.7,39.66,0.1628,5.2884
001301.SZ,20250331,20250428,3.7547,2.2655,2.9452,36.75,0.9128,0.639,14.7,39.66,0.1628,5.2884
001306.SZ,20250930,20251024,1.9012,1.1063,1.4381,11.0,0.835,0.5845,4.4,41.81,0.2699,2.0512
001306.SZ,20250630,20250822,1.5521,0.9617,1.2503,13.76,0.9774,0.6842,5.5,38.04,0.1822,3.5248
001306.SZ,20250331,20250424,0.969,0.6377,0.829,19.09,1.1549,0.8084,7.63,34.19,0.0846,4.99
001306.SZ,20241231,20250424,4.7233,3.1894,4.1462,23.32,1.2475,0.8733,9.33,32.48,0.3481,0.7088
001308.SZ,20250930,20251029,6.3376,3.1015,4.032,11.65,0.575,0.4025,4.66,51.06,0.6506,-0.3454
001308.SZ,20250930,20251029,6.3376,3.1015,4.032,11.65,0.575,0.4025,4.66,51.06,0.6506,-0.3454
001308.SZ,20250630,20250826,4.9006,2.4856,3.2313,13.82,0.6175,0.4323,5.53,49.28,0.431,-1.0767
001308.SZ,20250331,20250429,2.7488,1.4562,1.8931,17.03,0.6759,0.4732,6.81,47.02,0.2001,-1.3981
001309.SZ,20250930,20251031,-1.0983,-0.2935,-0.3816,-1.02,0.2188,0.1532,-0.41,73.28,0.8461,53.8942
001309.SZ,20250630,20250822,-4.891,-1.583,-2.0579,-7.18,0.2871,0.201,-2.87,67.63,0.5951,3.9289
001309.SZ,20250331,20250430,-2.8176,-0.9622,-1.2509,-13.8,0.3112,0.2178,-5.52,65.85,0.1832,6.1481
001309.SZ,20241231,20250426,19.4622,7.3537,9.5598,18.37,0.3644,0.2551,7.35,62.22,0.9684,4.5687
001311.SZ,20250930,20251029,4.1883,2.997,3.8961,17.68,1.5095,1.0566,7.07,28.44,0.44,-0.3965
001311.SZ,20250630,20250822,3.4535,2.6185,3.404,22.69,1.8814,1.317,9.07,24.18,0.2912,-0.5496
001311.SZ,20250630,20250822,3.4535,2.6185,3.404,22.69,1.8814,1.317,9.07,24.18,0.2912,-0.5496
001311.SZ,20250331,20250430,2.0682,1.6313,2.1207,27.29,2.2406,1.5684,10.92,21.12,0.1479,-0.4047
001313.SZ,20250930,20251030,1.022,0.5252,0.6828,1.15,0.6344,0.4441,0.46,48.61,1.0257,15.8825
001313.SZ,20250630,20250829,0.1382,0.0756,0.0983,0.1,0.7242,0.5069,0.04,45.31,0.5613,
001313.SZ,20250331,20250429,-0.9617,-0.5452,-0.7087,-6.8,0.7852,0.5497,-2.72,43.31,0.2009,15.9575
001313.SZ,20241231,20250429,-3.2184,-1.7287,-2.2473,-3.73,0.6963,0.4874,-1.49,46.29,1.2545,-7.1833
001314.SZ,20250930,20251029,0.3383,0.1805,0.2347,0.38,0.6864,0.4805,0.15,46.64,0.8136,60.32
001314.SZ,20250630,20250822,0.553,0.3063,0.3982,1.76,0.7448,0.5214,0.7,44.62,0.444,29.2775
001314.SZ,20250331,20250422,-0.0765,-0.0533,-0.0692,-0.81,1.3745,0.9621,-0.33,30.39,0.1804,
001314.SZ,20241231,20250422,1.6507,1.0942,1.4224,2.6,1.1797,0.8258,1.04,33.71,1.0671,1.5904
001316.SZ,20250930,20251031,9.6648,8.535,11.0956,38.62,4.5329,3.173,15.45,11.69,0.5372,0.2696
001316.SZ,20250630,20250826,6.364,5.3288,6.9274,40.82,3.0885,2.1619,16.33,16.27,0.328,-0.6985
001316.SZ,20250331,20250430,2.8195,2.4306,3.1597,35.6,3.7497,2.6248,14.24,13.79,0.1697,0.2584
001316.SZ,20241231,20250418,7.576,6.5569,8.524,23.36,3.8605,2.7024,9.34,13.45,0.6893,0.4864
001317.SZ,20250930,20251028,-1.3516,-0.6626,-0.8614,-2.05,0.5771,0.404,-0.82,50.97,0.6367,-5.72
001317.SZ,20250930,20251028,-1.3516,-0.6626,-0.8614,-2.05,0.5771,0.404,-0.82,50.97,0.6367,-5.72
001317.SZ,20250630,20250828,-1.5394,-0.6849,-0.8903,-3.83,0.4809,0.3366,-1.53,55.51,0.4149,-2.5387
001317.SZ,20250630,20250828,-1.5394,-0.6849,-0.8903,-3.83,0.4809,0.3366,-1.53,55.51,0.4149,-2.5387
001318.SZ,20250930,20251028,6.1388,5.8258,7.5735,60.48,11.1668,7.8167,24.19,5.1,0.2362,-0.1087
001318.SZ,20250630,20250820,4.2428,4.0639,5.2831,62.35,13.6295,9.5406,24.94,4.22,0.1591,0.0194
001318.SZ,20250331,20250418,1.5574,1.4885,1.9351,51.22,12.9655,9.0758,20.49,4.42,0.0702,0.0474
001318.SZ,20241231,20250418,8.3576,7.9352,10.3157,54.6,11.2708,7.8896,21.84,5.05,0.3562,-0.2181
001319.SZ,20250930,20251029,7.5096,5.7363,7.4571,29.1,1.9408,1.3586,11.64,23.61,0.4934,0.0418
001319.SZ,20250630,20250826,4.372,3.3594,4.3672,27.56,1.9905,1.3934,11.02,23.16,0.302,-0.0518
001319.SZ,20250331,20250425,1.8832,1.477,1.9201,25.67,2.1817,1.5272,10.27,21.57,0.1399,0.8032
001319.SZ,20241231,20250425,8.8654,6.8458,8.8996,29.27,2.0338,1.4237,11.71,22.78,0.5819,0.1318
001322.SZ,20250930,20251031,0.6785,0.3482,0.4527,1.66,0.6325,0.4428,0.66,48.68,0.464,17.8688
001322.SZ,20250630,20250822,0.5929,0.2988,0.3885,2.36,0.6097,0.4268,0.94,49.6,0.2918,18.9097
001322.SZ,20250630,20250822,0.5929,0.2988,0.3885,2.36,0.6097,0.4268,0.94,49.6,0.2918,18.9097
001322.SZ,20250331,20250422,-1.5165,-0.7747,-1.0071,-17.59,0.6265,0.4386,-7.04,48.92,0.1081,8.1836
001323.SZ,20250930,20251030,10.4528,5.9982,7.7977,30.88,0.8079,0.5655,12.35,42.62,0.4889,0.6723
001323.SZ,20250630,20250828,7.9357,4.73,6.149,35.99,0.8853,0.6197,14.39,40.4,0.3255,0.7629
001323.SZ,20250630,20250828,7.9357,4.73,6.149,35.99,0.8853,0.6197,14.39,40.4,0.3255,0.7629
001323.SZ,20250331,20250425,2.5751,1.6214,2.1078,26.26,1.02,0.714,10.5,37.04,0.1489,1.5569
001324.SZ,20250930,20251031,3.2686,2.7198,3.5357,28.26,2.9733,2.0813,11.3,16.79,0.244,0.7502
001324.SZ,20250630,20250823,3.2673,2.7692,3.5999,41.47,3.3354,2.3347,16.59,15.25,0.1682,0.5928
001324.SZ,20250331,20250426,1.1375,0.9408,1.223,34.66,2.8699,2.0089,13.86,17.29,0.0704,-0.267
001324.SZ,20241231,20250409,5.4778,4.4431,5.7761,33.33,2.5766,1.8036,13.33,18.89,0.337,0.997
001325.SZ,20250930,20251205,9.4414,6.2595,8.1373,29.01,1.1803,0.8262,11.61,33.7,0.5218,0.7543
001325.SZ,20250630,20251205,5.8303,3.7501,4.8752,28.45,1.0817,0.7572,11.38,35.68,0.3235,0.0317
001325.SZ,20241231,20251205,13.4658,8.3363,10.8372,28.66,0.9751,0.6826,11.46,38.09,0.7522,0.0114
001325.SZ,20240930,20251205,10.7955,,,29.5,,,11.8,,,
001326.SZ,20250930,20251030,1.6033,1.0516,1.3671,4.23,1.1437,0.8006,1.69,34.41,0.6096,0.9189
001326.SZ,20250630,20250828,1.3229,0.8674,1.1277,5.25,1.1427,0.7999,2.1,34.43,0.4048,3.4655
001326.SZ,20250331,20250426,0.9659,0.6297,0.8186,7.84,1.1238,0.7866,3.14,34.81,0.1975,7.4757
001326.SZ,20241231,20250426,8.2896,5.2249,6.7923,17.22,1.0229,0.716,6.89,36.97,0.7649,0.3307
001328.SZ,20250930,20251025,9.3206,6.8593,8.9171,27.66,1.6721,1.1705,11.06,26.41,0.6217,-0.3014
001328.SZ,20250630,20250826,5.9446,4.4179,5.7433,25.29,1.7363,1.2154,10.12,25.68,0.4358,0.2231
001328.SZ,20250331,20250422,2.9235,2.1496,2.7945,25.07,1.6667,1.1667,10.03,26.47,0.215,-0.5136
001328.SZ,20241231,20250422,11.2723,8.3413,10.8436,25.83,1.7075,1.1952,10.33,26.0,0.8137,-0.1188
001330.SZ,20250930,20251031,-23.4362,-8.1964,-10.6553,-285.76,0.3227,0.2259,-114.31,65.03,0.076,-1.0644
001330.SZ,20250630,20250828,-22.1964,-7.4982,-9.7476,-392.87,0.3061,0.2143,-157.15,66.22,0.0515,-0.9657
001330.SZ,20250630,20250828,-22.1964,-7.4982,-9.7476,-392.87,0.3061,0.2143,-157.15,66.22,0.0515,-0.9657
001330.SZ,20250331,20250429,-19.8872,-6.7621,-8.7907,-454.57,0.3091,0.2164,-181.83,66.0,0.0399,-1.03
001331.SZ,20250930,20251030,2.9718,2.638,3.4294,2.65,4.7413,3.3189,1.06,11.23,2.3946,-4.8659
001331.SZ,20250630,20250827,2.0408,1.8227,2.3695,2.8,5.0142,3.5099,1.12,10.69,1.5622,-6.4935
001331.SZ,20250331,20250426,1.987,1.4328,1.8627,4.41,1.5513,1.0859,1.77,27.89,0.8645,-13.4908
001331.SZ,20250331,20250426,1.987,1.4328,1.8627,4.41,1.5513,1.0859,1.77,27.89,0.8645,-13.4908
001332.SZ,20250930,20251027,8.0766,5.8584,7.6159,51.8,1.5846,1.1093,20.72,27.46,0.2772,0.5628
001332.SZ,20250630,20250826,5.0522,3.6519,4.7475,49.23,1.5648,1.0953,19.69,27.72,0.1821,0.9316
001332.SZ,20250331,20250424,1.9213,1.3429,1.7457,60.14,1.3929,0.9751,24.06,30.11,0.0557,0.7312
001332.SZ,20250331,20250424,1.9213,1.3429,1.7457,60.14,1.3929,0.9751,24.06,30.11,0.0557,0.7312
001333.SZ,20250930,20251027,4.6478,2.844,3.6973,16.55,0.946,0.6622,6.62,38.81,0.4472,1.8763
001333.SZ,20250630,20250828,2.9887,1.9344,2.5147,16.12,1.1009,0.7706,6.45,35.28,0.304,2.3038
001333.SZ,20250331,20250430,1.508,0.9959,1.2947,16.21,1.1669,0.8168,6.48,33.96,0.1541,1.8375
001333.SZ,20241231,20250328,8.9776,5.9652,7.7548,21.23,1.1881,0.8317,8.49,33.55,0.7213,1.4927
001335.SZ,20250930,20251028,7.8854,4.1637,5.4128,14.34,0.6713,0.4699,5.74,47.2,0.5548,1.0999
001335.SZ,20250930,20251028,7.8854,4.1637,5.4128,14.34,0.6713,0.4699,5.74,47.2,0.5548,1.0999
001335.SZ,20250630,20250827,6.7591,3.3928,4.4107,18.24,0.6047,0.4233,7.29,49.8,0.3704,1.578
001335.SZ,20250331,20250429,3.4706,1.4184,1.8439,15.29,0.4147,0.2903,6.12,59.13,0.1947,5.9024
001336.SZ,20250930,20251028,2.5017,1.507,1.9591,21.44,0.909,0.6363,8.58,39.76,0.1761,-0.2264
001336.SZ,20250630,20250830,1.6838,1.043,1.3559,28.48,0.9766,0.6836,11.39,38.06,0.0905,0.0247
001336.SZ,20250331,20250430,0.4972,0.2908,0.3781,40.21,0.8456,0.5919,16.08,41.5,0.0184,-4.042
001336.SZ,20241231,20250426,3.6411,2.2027,2.8636,17.63,0.9189,0.6432,7.05,39.5,0.3285,-0.8571
001337.SZ,20250930,20251028,23.1395,17.59,22.867,117.03,1.9018,1.3313,46.81,23.98,0.3683,-0.0905
001337.SZ,20250930,20251028,23.1395,17.59,22.867,117.03,1.9018,1.3313,46.81,23.98,0.3683,-0.0905
001337.SZ,20250630,20250827,13.7619,10.1593,13.2071,117.95,1.692,1.1844,47.18,26.18,0.2139,-0.4848
001337.SZ,20250331,20250429,6.3565,4.9274,6.4056,115.06,2.0687,1.4481,46.02,22.48,0.1038,0.0104
001338.SZ,20250930,20251027,6.8895,5.9679,7.7583,19.63,3.8856,2.7199,7.85,13.38,0.7538,-4.0044
001338.SZ,20250630,20250826,4.6591,3.9588,5.1464,19.02,3.3916,2.3741,7.61,15.03,0.5211,-5.7791
001338.SZ,20250331,20250428,1.9424,1.6976,2.2068,17.36,4.1601,2.912,6.94,12.6,0.2414,-5.788
001338.SZ,20241231,20250410,8.5618,7.2962,9.485,17.48,3.4589,2.4213,6.99,14.78,0.977,-7.1173
001339.SZ,20250930,20251022,6.028,2.5623,3.331,20.38,0.4436,0.3105,8.15,57.49,0.545,0.5685
001339.SZ,20250630,20250731,4.7299,1.9665,2.5564,23.27,0.427,0.2989,9.31,58.43,0.3586,-1.5534
001339.SZ,20250331,20250426,1.987,0.7898,1.0267,20.85,0.3958,0.2771,8.34,60.25,0.1572,-3.9435
001339.SZ,20241231,20250426,6.217,2.6537,3.4498,13.03,0.4468,0.3128,5.21,57.32,0.9681,-8.142
001356.SZ,20250930,20251031,4.6156,3.7629,4.8918,12.75,2.6479,1.8535,5.1,18.47,0.6673,0.9507
001356.SZ,20250630,20250827,3.9442,3.188,4.1444,16.22,2.5294,1.7706,6.49,19.17,0.4464,0.4533
001356.SZ,20250331,20250428,2.0822,1.6789,2.1826,16.22,2.4979,1.7486,6.49,19.37,0.2349,0.1762
001356.SZ,20250331,20250428,2.0822,1.6789,2.1826,16.22,2.4979,1.7486,6.49,19.37,0.2349,0.1762
001358.SZ,20250930,20251029,3.0968,2.8089,3.6515,29.47,5.8533,4.0973,11.79,9.3,0.2272,0.3249
001358.SZ,20250630,20250827,2.3445,2.1073,2.7395,36.61,5.3307,3.7315,14.64,10.12,0.1395,0.4382
001358.SZ,20250331,20250429,1.2009,1.1313,1.4706,39.89,9.7452,6.8216,15.95,5.8,0.0676,0.0393
001358.SZ,20241231,20250327,5.4646,5.1197,6.6556,41.98,8.9054,6.2338,16.79,6.31,0.29,-0.1367
