trade_date,close,gk_rv,log_rv,rq,log_rq,signed_jump,vol_lag5,vol_lag22,ret_lag5,ret_lag22,abs_ret_lag1,regime_prob,regime_lag5,vol_x_regime
20171110,4.179,5.551676322403884e-05,-9.798825542744034,,,,,,,,,0.01563734480860305,,-0.1532276137312354
20171113,4.188,1.366459518820668e-05,-11.200702363010844,,,,,,,,,0.001774103924428453,,-0.019871210018572585
20171114,4.156,2.2634395552730988e-05,-10.696039881531389,,,,,,,,0.002151309542511859,0.0017815827321965736,,-0.019055879955822207
20171115,4.126,3.476167932149418e-05,-10.266994946838375,,,,,,,,0.007670219771309439,0.006893406577879998,,-0.07077457050159636
20171116,4.165,3.1077608995631905e-05,-10.379022966066616,,,,-10.468317140038252,,,,0.0072446585879206715,0.024413519241029018,,-0.25338847688514937
20171117,4.17,2.827864706377944e-05,-10.473403558823609,2.8146100574839613e-09,-19.688442108046253,,-10.603232743254166,,-0.0021559476550683243,,0.009407860969745885,0.09892271802809717,0.01563734480860305,-1.0360575470439772
20171120,4.203,0.00013980696968022264,-8.875247874756175,3.5824560302771017e-09,-19.447217229776182,,-10.138141845603233,,0.003575263014689467,,0.0011997601919040424,0.47396692070183855,0.001774103924428453,-4.2065739056637215
20171121,4.286,9.71651219920557e-05,-9.239098738134006,3.213789887017725e-08,-17.25322985306846,,-9.846753616923756,,0.030800823814404188,,0.00788252021226965,0.5781008432521539,0.0017815827321965736,-5.34113077140518
20171122,4.285,0.0001529211636269485,-8.785588039781357,3.158696277943627e-08,-17.27052137175508,,-9.550472235512354,,0.03781213740068301,,0.019555341028405282,0.6328710024698156,0.006893406577879998,-5.560143910023251
20171123,4.149,0.00018559164756396033,-8.591961740974162,2.4645240324814113e-07,-15.216096952379226,,-9.193059990493861,,-0.0038489342680751992,,0.00023334500164184924,0.6363437635112066,0.024413519241029018,-5.467441270195796
20171124,4.153,8.690559945633659e-05,-9.350688092137784,2.4645216130794957e-07,-15.216097934071055,,-8.968516897156697,,-0.0040850711620936675,,0.032253210699012325,0.5780085433095522,0.09892271802809717,-5.404777603078536
20171127,4.086,5.4361768972556695e-05,-9.819849427405126,2.596755653651865e-07,-15.163832810631916,,-9.157437207686488,,-0.028232059627549377,,0.0009636232978855741,0.48820523062271404,0.47396692070183855,-4.794101854386646
20171128,4.105,3.454259499020348e-05,-10.273317358067757,2.30520519827573e-07,-15.282925955358914,,-9.364280931673239,,-0.043148154146993356,,0.01626446825318606,0.4316120966512086,0.5781008432521539,-4.434088044478879
20171129,4.101,0.00014115875918097517,-8.865625349356117,2.305206998954572e-07,-15.282925174223188,,-9.38028839358819,,-0.043889705639821086,,0.004639246508961303,0.4235769930411128,0.6328710024698156,-3.7552749269093293
20171130,4.054,7.274510171906905e-05,-9.528548984501535,1.761926383146501e-08,-17.854272997591277,,-9.567605842293663,,-0.023163293320922484,,0.0009748964944695793,0.3644602693814572,0.6363437635112066,-3.47277752970584
20171201,4.057,6.097448054719481e-05,-9.705055133009774,1.761915127074541e-08,-17.85427938611467,,-9.638479250468063,,-0.02338718042430621,,0.011526798380113723,0.29902563137238086,0.5780085433095522,-2.9020602386520133
20171204,4.074,8.128554930966152e-05,-9.417542302477688,3.684763923423167e-09,-19.419059377557264,,-9.558017825482576,,-0.00294117859081644,,0.0007397361945018499,0.24740281906015674,0.48820523062271404,-2.3299265142512593
20171205,4.099,2.700959005891422e-05,-10.519318567656851,3.8722686223702306e-09,-19.369425294326312,,-9.607218067400392,,-0.0014627013821910673,,0.004181533580303709,0.17643547677660487,0.4316120966512086,-1.855980986849529
20171206,4.068,0.00011313515074766505,-9.086927429603612,4.53637361686656e-09,-19.211137906878864,,-9.651478483449893,,-0.008079368223608663,,0.006117723717586676,0.16948535808934154,0.4235769930411128,-1.5401011493382282
20171207,4.022,0.00010178245549801395,-9.192672811549173,4.350717002557106e-09,-19.252925177254443,,-9.584303248859419,,-0.00792475667934811,,0.007591563335887175,0.13844971331668357,0.3644602693814572,-1.2727229153730546
20171208,4.061,5.649298653025891e-05,-9.781394059724725,6.084986457664962e-09,-18.91744133603693,,-9.599571034202409,,0.0009854644798503731,,0.01137218683585317,0.07159102785815422,0.29902563137238086,-0.700260054621337
20171211,4.128,3.9533563204936914e-05,-10.138360545458255,2.0364345610603655e-08,-17.709480229404118,,-9.743734682798523,-9.726644805164044,0.013167710374647701,,0.009649957353700334,0.024797268916755155,0.24740281906015674,-0.25140365282074884
20171212,4.063,3.270885453396438e-05,-10.327864735860405,3.27750889305191e-08,-17.233597093935902,-0.01181354721074401,-9.705443916439233,-9.750692041214789,-0.008821424516610943,-0.028150366460188758,0.016363779475101037,0.007704009114176443,0.17643547677660487,-0.07956596405505005
20171213,4.092,4.132969646872377e-05,-10.093929273558485,3.262254806668994e-08,-17.238262129171822,0.011928937393949486,-9.90684428523021,-9.700384173512408,0.005882369903066564,-0.023189444918910285,0.015871411173671968,0.0034648967291571703,0.16948535808934154,-0.034974422524296604
20171214,4.079,4.58707150829059e-05,-9.98968366013932,2.929797575541471e-08,-17.34574741015591,-0.011848506847930736,-10.066246454948239,-9.668277072540041,0.01407256898496101,-0.018701212901559572,0.007112231083790332,0.0018058707648219469,0.13844971331668357,-0.0180400776716651
20171215,4.025,2.9732893632534425e-05,-10.423256595299227,3.3872537052237795e-08,-17.200661267334834,-0.012073642655632261,-10.194618962063137,-9.675379874742807,-0.008904337833633758,-0.024783503778533333,0.003181987753958726,0.0007809060479782158,0.07159102785815422,-0.008139584114897992
20171218,4.026,5.936088111940343e-05,-9.731875115559596,1.953203205568684e-08,-17.7512100495602,0.011848917114444616,-10.113321876083408,-9.645964063356125,-0.02501970096166195,-0.033942948401206374,0.013326949464894433,0.0009191162455595312,0.024797268916755155,-0.008944724518467366
20171219,4.079,2.2652127516563023e-05,-10.695256780355303,1.2692625116030862e-08,-18.182244711678266,0.012243915689250746,-10.186800284982386,-9.656048300698474,0.003930243329831606,-0.022064175475288827,0.000248416347072844,0.0002503523663582902,0.007704009114176443,-0.002677582843771498
20171220,4.07,2.111765560672179e-05,-10.765401108757167,1.2185641382291437e-08,-18.223007514217883,-0.012083158875293952,-10.321094652022122,-9.74196435678943,-0.005390848634876377,-0.03215555656847613,0.013078533117821589,0.00027746488395455707,0.0034648967291571703,-0.0029870207693655673
20171221,4.12,8.547878862181344e-05,-9.367242299094634,1.6610590540131338e-08,-17.913225360664146,0.011565157092127463,-10.196606379813186,-9.74778906410582,0.010001303026013764,-0.039500733689949996,0.0022088608809176513,0.0013818053674924489,0.0018058707648219469,-0.012943705687491272
20171222,4.101,1.3398908235522515e-05,-11.22033732928768,1.0392999502101529e-08,-18.382133382247225,-0.011574777808552962,-10.356022526610875,-9.858459486356109,0.018705935539395258,-0.043889705639821086,0.012210163906931415,0.0005466160251564516,0.0007809060479782158,-0.006133216191849787
20171225,4.082,0.00011043933127494548,-9.111044226018937,1.0486006096619775e-08,-18.373224221390576,-0.009437241284598207,-10.231856348702744,-9.882054144767235,0.013813737170053297,-0.016280276963077878,0.004622316951512939,0.0037845707509497045,0.0009191162455595312,-0.03448139148840046
20171226,4.094,4.371468095774977e-05,-10.03782656359093,4.649370013914173e-09,-19.18653410740418,0.009463518191567197,-10.10037030534987,-9.913287711651467,0.003670626903676588,-0.014308477409518572,0.004643782022269116,0.002977799900566098,0.0002503523663582902,-0.029890638942960807
20171227,4.026,6.366240592248245e-05,-9.661916343508699,2.0384514544255115e-08,-17.70849031531956,-0.009502084960114541,-9.879673352300177,-9.906108935110721,-0.010869672236903938,-0.01479316917783069,0.00293542285144488,0.0032626799680254464,0.00027746488395455707,-0.0315237409067035
20171228,4.063,7.491532482617117e-05,-9.499152084548898,1.733990566870083e-08,-17.870255305706806,0.009669269788735708,-9.906055309391029,-9.870919604496228,-0.01393154635584537,-0.01028412589880201,0.016749160021498177,0.002749733984112981,0.0013818053674924489,-0.02612014130714177
20171229,4.076,2.3073075376150045e-05,-10.676844188371383,1.7269433736304896e-08,-17.874327734190192,0.009699662776348223,-9.79735668120777,-9.953247733542376,-0.006114731049443822,-0.006114731049443822,0.009148289787989983,0.0005917713524440094,0.0005466160251564516,-0.006318250525186495
20180102,4.136,2.9128571924457374e-05,-10.443791012415138,2.6296327503904232e-08,-17.453836546147894,0.009855861256117376,-10.06390603848701,-9.994849643902086,0.013142072818475015,0.02002508917631962,0.0031944983548886086,0.0004890093779636815,0.0037845707509497045,-0.005107111746563814
20180103,4.158,7.342136687064145e-05,-9.51929556292585,2.643989018449207e-08,-17.448391975356873,0.009900062617938776,-9.960199838353994,-9.98640602708009,0.015511702196723265,0.024590405211510902,0.01461302184564972,0.0010742091196908892,0.002977799900566098,-0.010225714106727964
20180104,4.171,2.2176709005470442e-05,-10.716467963720463,1.0718975837592775e-08,-18.351250223405742,0.00988701339650373,-10.171110162396346,-10.045448102591124,0.035382487997208445,0.023530497410194195,0.00530505222969313,0.0002541925373024176,0.0032626799680254464,-0.002724046182618177
20180105,4.187,2.7876691421048598e-05,-10.48771965124286,9.361107904596848e-09,-18.486702187585866,0.00984330644979747,-10.36882367573514,-10.04401178820867,0.030062870031416722,0.02124144551480578,0.0031216257789870028,0.00023449171492841633,0.002749733984112981,-0.0024592833667083907
20180108,4.204,4.068382893196211e-05,-10.109679868008651,9.394193192880334e-09,-18.483174083992044,0.00967284966499172,-10.255390811662592,-10.0905005354089,0.030920337654226415,0.032884974828391256,0.0038286718221982596,0.0003766964825073013,0.0005917713524440094,-0.003808280845553737
20180109,4.238,2.931913824699984e-05,-10.437270072680626,1.1162563120067862e-09,-20.613285329100492,0.009322699473529435,-10.25408662371569,-10.147073138187602,0.024362322639979395,0.05231216849564713,0.004051965977698302,0.00024589796296611225,0.0004890093779636815,-0.0025665034497993323
20180110,4.256,3.191773437301886e-05,-10.352348766190627,1.022378843588397e-09,-20.701133725410227,0.009192164069755251,-10.420697264368645,-10.173025624845142,0.023295562603522058,0.046900503335182586,0.0080550068314027,0.00021738074000605696,0.0010742091196908892,-0.0022504012355953093
20180111,4.25,1.5968445997732097e-05,-11.044895908065525,1.0041798368830108e-09,-20.719094711315613,-0.00864664768272794,-10.486382853237657,-10.214231777690928,0.018763167721517204,0.0291259547570637,0.004238292193235793,6.85369501054002e-05,0.0002541925373024176,-0.0007569834797704257
20180112,4.273,1.6947565707793878e-05,-10.985386350510947,1.1309095462543203e-09,-20.60024361979737,0.007777886497921952,-10.585916193091276,-10.244119123811407,0.02033166962488142,0.05039453965629814,0.0014107691030178504,0.00012279490455321628,0.00023449171492841633,-0.0013489494683911966
20180115,4.265,6.401193368251719e-05,-9.656441028197483,1.0794631155549752e-09,-20.646802034639897,-0.007748523679315732,-10.495268425129042,-10.224233294476816,0.014405727928937573,0.041408332854262264,0.005397173725562476,0.0008740194399702701,0.0003766964825073013,-0.008439917179571103
20180116,4.308,3.1939960430369424e-05,-10.35165265405202,2.2628814682519698e-09,-19.906626849814398,0.007848755334283829,-10.47814494140332,-10.240686430563755,0.01638229944803471,0.05462189895872083,0.0018739757182455463,0.000603233538436945,0.00024589796296611225,-0.006244464059173992
20180117,4.295,5.302385236161717e-05,-9.844768701093017,2.2150316812599673e-09,-19.927999130499696,-0.007135398204097027,-10.376628928383798,-10.214391526281656,0.009121803396875405,0.06492664456569175,0.010031578350499837,0.0009439120081514905,0.00021738074000605696,-0.00929259539443565
20180118,4.323,2.868610031306875e-05,-10.459097862163668,2.5708237792185723e-09,-19.77903945273926,0.007147066218754426,-10.259469319203426,-10.24744710567275,0.017030622749169444,0.0711762784678951,0.003022203857923511,0.0007948338413071381,6.85369501054002e-05,-0.008313244930390824
20180119,4.335,4.6943959651909256e-05,-9.966556015498167,2.4129272084921726e-09,-19.84242521715216,0.006800519523790955,-10.055703252200871,-10.21432434363379,0.014405453570617288,0.060869749897083825,0.006498050249276188,0.0019721881038542955,0.00012279490455321628,-0.019655923210162952
20180122,4.39,3.86081151498397e-05,-10.162048066547719,7.463608517484354e-09,-18.713226824202884,0.007014590606455772,-10.156824659870917,-10.18689920535154,0.028887046143437622,0.07568622763257626,0.0027720045470103205,0.0037911812329894353,0.0008740194399702701,-0.03852616591863229
20180123,4.388,1.505881978919186e-05,-11.103546705914937,5.438234545483442e-09,-19.02981136083074,-0.006776253623219291,-10.307203470243502,-10.265822132934282,0.018399783118841606,0.06302037905154867,0.012607616854574788,0.00925162019670419,0.000603233538436945,-0.10272579695949091
20180124,4.391,5.032418622055425e-05,-9.897024757049952,5.421593228307663e-09,-19.03287611112844,0.00658893071776566,-10.317654681434888,-10.20567156146893,0.02210543614336169,0.06832614516965818,0.0004556846740961795,0.09983509180653728,0.0009439120081514905,-0.9880703752316543
20180125,4.363,5.038371711509907e-05,-9.895842508199426,5.3999449184687785e-09,-19.036877083711765,-0.006696848021508288,-10.205003610642041,-10.241344210658953,0.009210288455977933,0.06657282975381973,0.0006834491665965725,0.26017226516502506,0.0007948338413071381,-2.5746237610745877
20180126,4.385,9.931057686707315e-05,-9.217258478314763,5.516135911705352e-09,-19.015588237778413,0.006710370264509163,-10.05514410320536,-10.20404566132822,0.011468015591641123,0.06866713858504836,0.0063970974381075685,0.5445555963677351,0.0019721881038542955,-5.019309687534259
20180129,4.302,0.0001379211995614749,-8.88882805357022,2.7133780870868788e-08,-17.42248635872969,-0.007053315297301752,-9.80050010060986,-10.168905284512833,-0.020249196241541645,0.06630670362793856,0.0050297316826735106,0.6921646733714628,0.0037911812329894353,-6.152532766354527
20180130,4.258,5.803836319332435e-05,-9.754406331701494,2.936776070721822e-08,-17.343368338863996,-0.0074536259959208,-9.53067202576717,-10.180507750292497,-0.03007397594169592,0.04687794946569812,0.01910959497860798,0.7322164806466464,0.00925162019670419,-7.142337074995832
20180131,4.271,4.4905467253246854e-05,-10.010951005523113,2.9384988658438276e-08,-17.342781882846197,0.007452698351712103,-9.553457275461804,-10.150239878344848,-0.02770899972025087,0.04673187649885113,0.010280464374250453,0.7897373321954397,0.09983509180653728,-7.906021739841078
20180201,4.241,0.00012543386046968716,-8.983731946519736,2.954381243789911e-08,-17.33739150798457,-0.007148899389622026,-9.371035163125864,-10.083873557167784,-0.028360803649019273,0.02506995328632544,0.00304842538804162,0.9193741908251721,0.26017226516502506,-8.25941128892183
20180202,4.267,0.0001319970462065281,-8.93273101285155,2.9694899160433228e-08,-17.332290551327652,0.007173315043269976,-9.314129670033221,-10.057211532164407,-0.027278621618283205,0.02587681477004189,0.00704890136687597,0.9635200108234562,0.5445555963677351,-8.606865082185747
20180205,4.263,6.883823788993e-05,-9.583751184131437,3.0242611024301594e-09,-19.616599038960285,-0.007173101554795914,-9.453114296145467,-10.005724405819452,-0.009106893062464927,0.021817322568265185,0.006111913713409578,0.9766590881221404,0.6921646733714628,-9.360057692283293
20180206,4.143,9.799774134240432e-05,-9.230566127085787,1.337240779872568e-07,-15.827487279394843,-0.009506133233195465,-9.348346255222324,-9.948581063812313,-0.02737940337602307,-0.010564323941741671,0.0009378664227897016,0.991129143929106,0.7322164806466464,-9.14868310351954
20180207,4.045,0.00030365812807977535,-8.099608068056087,1.9938571098647963e-07,-15.428024642034122,-0.010672265681372445,-8.96607766772892,-9.857214163814469,-0.05436644134887447,-0.038554902504249755,0.028552974687808597,0.9993159049759308,0.7897373321954397,-8.09406716647982
20180208,4.012,0.00023672303359366855,-8.348619734840929,1.9979253056126027e-07,-15.425986356009055,-0.010522358057288583,-8.839055225393158,-9.762275512094481,-0.05550922039276451,-0.054801589746418466,0.023938612584809782,0.9998599328466528,0.9193741908251721,-8.347450367440292
20180209,3.827,0.0006776955304828034,-7.296812440970407,1.1928966726632194e-06,-13.639126029946315,-0.014073277253934953,-8.511871511016931,-9.623387497311745,-0.10882979776229784,-0.10624854559577801,0.008191680410766011,0.9999653111032893,0.9635200108234562,-7.296559322597325
20180212,3.882,0.00016478712567581132,-8.710856064439703,1.2011881119369758e-06,-13.632199397708574,0.014640288701897326,-8.337292487078582,-9.517294777146935,-0.09362265303625472,-0.09056849818950674,0.04720866365612375,0.9988469008999087,0.9766590881221404,-8.700811584150772
20180213,3.929,0.00012771877916998618,-8.965679748807394,1.0724493438727883e-06,-13.745565419079941,0.014911554149670322,-8.284315211422904,-9.425489931614955,-0.053035222518942104,-0.0839312160855652,0.014269278303253419,0.9941846887977674,0.991129143929106,-8.913541530928525
20180214,3.964,4.899329649117017e-05,-9.923827075515133,1.0080077111313043e-06,-13.807534738412508,0.015152097096470878,-8.649159012914712,-9.437643842856666,-0.02022793404271339,-0.07318856447590072,0.01203445582950402,0.9805584518792557,0.9993159049759308,-9.73089251388456
20180222,4.046,5.878086606691689e-05,-9.74169416304127,1.0422579963647193e-06,-13.774121048001245,0.01574262276967903,-8.927773898554781,-9.409918456901632,0.008438868645864739,-0.06274502054858844,0.008868675891418931,0.9752899700113614,0.9998599328466528,-9.500976608132374
20180223,4.068,5.697132044102097e-05,-9.772962566909767,4.9047711526713734e-08,-16.830472307951826,0.015840928073935563,-9.423003923742652,-9.406654541711486,0.06107027174274826,-0.054300077249905154,0.02047512227781212,0.9736881855141567,0.9999653111032893,-9.515818188872146
20180226,4.12,0.0001947004539922154,-8.54404831383632,4.596177239298388e-08,-16.89545582089341,0.016061811135029854,-9.389642373621978,-9.319606834969333,0.059502678614616444,-0.04809644232405974,0.005422739440759772,0.9760662013611111,0.9988469008999087,-8.339556781932023
20180227,4.061,6.0086335574928895e-05,-9.7197281037557,5.042363852694445e-08,-16.80280575343208,-0.016226601065065144,-9.540452044611637,-9.308387384435584,0.033044308127837985,-0.0652923615283445,0.012701685175121602,0.9607561077454115,0.9941846887977674,-9.338288141308016
20180228,4.02,0.00010958413779149196,-9.118817922104311,5.1306874529765855e-08,-16.785441087319562,-0.01590862163282331,-9.379450213929474,-9.26096783241543,0.014028286163187964,-0.08804732445615038,0.01442391465727444,0.9506446177273429,0.9805584518792557,-8.668755177684096
20180301,4.049,0.00011133011862874751,-9.10301072866465,1.6689923032944544e-08,-17.908460710850434,0.016072390061484098,-9.251713527054148,-9.170034378904052,0.0007411983044705028,-0.08040360536295954,0.01014734607323109,0.9248278691356772,0.9752899700113614,-8.418718014910135
20180302,4.022,3.770270075562262e-05,-10.185778827996018,1.691775564096959e-08,-17.894902136899272,-0.016054493161558752,-9.3342767792714,-9.183159563947056,-0.01137218683585317,-0.08777770022912001,0.007188034419094658,0.8626562936113626,0.9736881855141567,-8.786826211304135
20180305,4.013,0.00010428834704999874,-9.168350927510899,1.1717137825114951e-08,-18.262213295496515,-0.0160492740253466,-9.459137302006315,-9.15009176482485,-0.02631407207665548,-0.08362080285669315,0.006690645699563902,0.8455616949253558,0.9760662013611111,-7.752406349936574
20180306,4.073,0.0001594977382066361,-8.743480816362577,1.2762025430785724e-08,-18.17679183880629,0.01643793427705352,-9.26388784452769,-9.128556416554297,0.0029505799621150075,-0.07380979715787062,0.0022402000656807086,0.804736104464519,0.9607561077454115,-7.036194691619873
20180307,4.04,9.534666907272049e-05,-9.257991160217392,1.1517487948433898e-08,-18.27939926548899,-0.016100114023238774,-9.291722492150308,-9.14533655776553,0.004962789342129126,-0.0628353388724796,0.01484073738149605,0.6130318765604865,0.9506446177273429,-5.675443694128464
20180308,4.081,4.6525545846258864e-05,-9.97550902318326,1.30626113777759e-08,-18.153511780729435,0.01623823383394883,-9.46622215105403,-9.155386680105611,0.007872119373644626,-0.042457510047618996,0.008135136693216971,0.2708600813766514,0.9248278691356772,-2.701967185792938
20180309,4.111,4.295949551236867e-05,-10.055252851027014,1.3237384898090849e-08,-18.14022082119619,0.016326008247308434,-9.440116955660228,-9.157400400355789,0.021887016565280915,-0.03818168394358823,0.010097364450610158,0.10385517816098894,0.8626562936113626,-1.0442900762972025
20180312,4.123,2.668506580888993e-05,-10.531406482043504,1.324678336726972e-08,-18.13951107872067,0.016309784028273246,-9.71272806656675,-9.227749242879595,0.027041962439983358,-0.028218036767690524,0.007324251492072387,0.03317741362161577,0.8455616949253558,-0.34940482887212276
20180313,4.079,3.5650341743883605e-05,-10.241751825066224,6.195312195465046e-09,-18.899472928386885,-0.016341382203966966,-10.01238226830748,-9.287250188889352,0.001472031669145668,-0.04505914387044174,0.002914745809021735,0.02132762341819424,0.804736104464519,-0.218432226067616
20180314,4.065,1.6776939590965857e-05,-10.995505257887872,5.347287386169873e-09,-19.046676435244443,-0.016341987094570066,-10.359885087841574,-9.351420828605555,0.006169051026715389,-0.04755939478329929,0.01072919338934164,0.01986928169936133,0.6130318765604865,-0.21847279139578277
20180315,4.095,3.5252281464773886e-05,-10.252980308395468,3.852882313169381e-09,-19.374444315976145,0.01534322536295799,-10.415379344884016,-9.397894200483268,0.00342466088136395,-0.011653445790231975,0.0034381173356472505,0.05230626993638714,0.2708600813766514,-0.5362951556633953
20180316,4.05,5.702349429605038e-05,-9.772047194420363,6.258959692860356e-09,-18.889251848893515,-0.014636632210105022,-10.358738213562686,-9.473914160772553,-0.014949426797293386,0.0012353306079928572,0.007352974305258719,0.16230187848733144,0.10385517816098894,-1.586021616321282
20180319,4.072,5.204592100671597e-05,-9.863384132799958,6.416787560544899e-09,-18.86434822445381,0.014558827771749753,-10.225133743713977,-9.54276708795251,-0.0124467744765413,0.014844409148532689,0.01104983618658495,0.31784739685741714,0.03317741362161577,-3.1350509708152194
20180320,4.07,6.712881123536842e-05,-9.60889722856653,3.766479362675781e-09,-19.397125127855883,-0.009905463418000587,-10.098562824414037,-9.64786185102506,-0.0022088608809176513,0.06156179301093845,0.0054173981297738205,0.5782964213457251,0.02132762341819424,-5.55679088035888
20180321,4.049,0.00013276635123374986,-8.926919732291822,3.881759476563439e-09,-19.3669773127581,-0.009698448911856231,-9.684845719294827,-9.65768292683652,-0.003943805949749857,0.04211945230320557,0.0004912797937179914,0.8537868512301279,0.01986928169936133,-7.621686689417531
20180322,4.013,8.983163288838115e-05,-9.317573385348782,4.569459720819733e-09,-19.203870862044564,-0.009686730617532857,-9.497764334685492,-9.673678092133857,-0.020227626020253187,0.021154150708456942,0.005173062404479456,0.9386205948503883,0.05230626993638714,-8.74566627351822
20180323,3.894,0.0003190837455361343,-8.050056964441493,1.6580631666309064e-07,-15.612445496882327,-0.011555019097692529,-9.153366288689716,-9.58850672344869,-0.03927997416843976,-0.01781670951773351,0.00893084576524461,0.992100945453264,0.16230187848733144,-7.986469125375038
20180326,3.876,0.00011267181402302854,-9.091031265598037,1.6572621678041285e-07,-15.612928706680195,-0.010548753006865521,-8.998895715249333,-9.55893113720127,-0.049330585219701906,-0.042925044717033956,0.03010218433477152,0.9947423088939845,0.31784739685741714,-9.043233431368394
20180327,3.911,6.379518809739913e-05,-9.659832792128746,1.6703223513671394e-07,-15.605079018385798,0.01069388588847924,-9.009082827961775,-9.553788874711223,-0.03984990368112662,-0.03935838241293643,0.004633212921488328,0.9951137310417575,0.5782964213457251,-9.612632251014755
20180328,3.832,0.0001422395563362642,-8.857997905324297,2.0156920896669148e-07,-15.417133045714257,-0.010885418747221858,-8.995298462568272,-9.56805931068795,-0.055083076941410125,-0.072466303252821,0.008989401744857295,0.9972494591214263,0.8537868512301279,-8.833633619983381
20180329,3.902,0.0004561225697986827,-7.692748991150203,2.2177384205592966e-07,-15.321607703809486,0.011493632246404853,-8.670333583728555,-9.47592389647861,-0.0280498490838601,-0.03994000650324114,0.02040623566476296,0.9968539063007439,0.9386205948503883,-7.668546882019187
20180330,3.896,4.384005672111891e-05,-10.034962621504208,5.7556479386109077e-08,-16.670499121041964,-0.011342005497656469,-9.067314715141098,-9.517566837360423,0.0005134788302805227,-0.03133151685064095,0.018102382092305414,0.958909005094145,0.992100945453264,-9.622616023543534
20180402,3.883,9.766842405438e-05,-9.233932244046349,5.7489275028171295e-08,-16.671667427789554,-0.01118232443265016,-9.095894910830761,-9.523517815332319,0.001804356721010425,-0.04186188630049403,0.0015388564206308963,0.9442515102156296,0.9947423088939845,-8.719154466669563
20180403,3.858,5.645916938909171e-05,-9.781992846740385,5.653136406584008e-08,-16.688470236604463,-0.011177712257625236,-9.120326921753087,-9.505163907093426,-0.013644181289839574,-0.041630376866922836,0.0033423350307584254,0.9158726484326898,0.9951137310417575,-8.959059695493742
20180404,3.848,8.443328381384895e-05,-9.379548876117044,2.1860239320385374e-08,-17.638596406390363,-0.011178495170736468,-9.224637115911637,-9.51476381384825,0.004166672694845941,-0.041985558481319574,0.006459136265992704,0.8983011843390887,0.9972494591214263,-8.42565986398231
20180409,3.853,7.443288596632448e-05,-9.505612698108976,3.8384316277098635e-10,-21.680787077055076,0.010568479083747966,-9.587209857303392,-9.549406172109451,-0.012637176556898888,-0.05552776302225504,0.0025953816800774465,0.8722732224229567,0.9968539063007439,-8.291491419284093
20180410,3.928,6.223737135163521e-05,-9.68455491305358,2.8008032344869596e-08,-17.390774498450753,0.011454349728948009,-9.517128315613267,-9.568795433602006,0.008180004711930922,-0.028114301480839154,0.0012985328405605845,0.842936498175773,0.958909005094145,-8.163464804800363
20180411,3.933,3.0306104033621362e-05,-10.404161412483102,2.7983596931511138e-08,-17.391647322307662,0.011188450497421827,-9.751174149300617,-9.588279633115635,0.012794442700142294,-0.036939562973996365,0.019278324848198913,0.8204897803264932,0.9442515102156296,-8.536508111809638
20180412,3.892,3.169384082841036e-05,-10.359388191592624,3.0047403546177026e-08,-17.320489584151616,-0.011150031022704999,-9.866653218271065,-9.602103966777708,0.008774249840221238,-0.05474314359198251,0.0012721029574529474,0.8308683098082792,0.9158726484326898,-8.607287357396409
20180413,3.865,9.329869610098286e-05,-9.279704425546436,3.050804644642026e-08,-17.305275370211454,-0.011120914155339817,-9.846684328156943,-9.545208418755113,0.004408149235925363,-0.06461937168537757,0.010479329125913761,0.8960716804095884,0.8983011843390887,-8.315280338303689
20180416,3.804,0.00013593540960807004,-8.903330714395313,4.331753308564205e-08,-16.954708362749944,-0.011346260120868186,-9.726227931414211,-9.4843710955428,-0.012798920960876758,-0.06979871565227747,0.0069614822843733215,0.9339194974174788,0.8722732224229567,-8.314994146129674
20180417,3.748,7.53182228331147e-05,-9.49378844934064,2.5368002720972733e-08,-17.48977719245033,-0.011615735265357578,-9.688074638671623,-9.416111240608835,-0.04690802611604372,-0.08119137862359826,0.015908537356241537,0.9428300749305872,0.842936498175773,-8.951029275066979
20180418,3.756,0.00023956804239819878,-8.336673079591206,2.53716126801147e-08,-17.489634898933932,0.011431239119348733,-9.274576972093243,-9.329006366572276,-0.046047932103655986,-0.0864121559590163,0.01483078030696805,0.9506607363892293,0.8204897803264932,-7.92534776888044
20180419,3.809,5.3068997438248506e-05,-9.84391765261159,3.066954095103209e-08,-17.29999582629346,0.011925775431464957,-9.171482864297037,-9.33227320558097,-0.02155647682729156,-0.061350193621980686,0.002132196969840683,0.9277038401677944,0.8308683098082792,-9.132240208623314
20180420,3.75,9.745608656076764e-05,-9.236108675666964,4.2077620935181085e-08,-16.983749806826694,-0.012078467311918275,-9.162763714321143,-9.303760684802198,-0.03020584205706589,-0.08237843926590216,0.014012126150450666,0.9160478735508627,0.8960716804095884,-8.460717712229396
20180423,3.766,0.00010448142278020165,-9.166501274801062,2.9333283818143078e-08,-17.34454299915559,0.012181370454264503,-9.215397826402292,-9.283651777812857,-0.01003971444818319,-0.077629569219543,0.015610847514147652,0.8915808277831905,0.9339194974174788,-8.172676794462802
20180424,3.845,9.128323853496167e-05,-9.301543373910095,5.680707808952571e-08,-16.683604904730803,0.013224747609069209,-9.176948811316183,-9.300680125159143,0.0255512385814316,-0.05169633409241681,0.0042575902526411635,0.8379583124760851,0.9428300749305872,-7.794305589024814
20180425,3.822,1.8391449656547345e-05,-10.90362469393134,5.706210242266096e-08,-16.67912564601684,-0.013169941682642117,-9.69033913418421,-9.372773366458349,0.017419284472064867,-0.04876524546669825,0.02076017272264674,0.7491297497108241,0.9506607363892293,-8.168229637905545
20180426,3.746,0.00013130640890352807,-8.937976966700305,8.19012936674461e-08,-16.317751050516826,-0.012304695890011914,-9.509150997001953,-9.413133366561022,-0.016678083474570338,-0.03874830292811127,0.005999757139526052,0.7553215149727226,0.9277038401677944,-6.751046303279374
20180427,3.754,0.00011217737866514993,-9.095429201378085,7.002763855626509e-08,-16.474375836306407,0.01231405561473749,-9.481015102144179,-9.413333272732844,0.0010660981819976545,-0.0319817558642026,0.02008524179618454,0.7350628839988884,0.9160478735508627,-6.685712419972682
20180502,3.766,8.083542484409074e-05,-9.423095262229696,6.998266976602496e-08,-16.475018200319816,0.012140735323603647,-9.532333899629904,-9.40257247591925,0.0,-0.037779665538416385,0.00213333414242034,0.6780922601716304,0.8915808277831905,-6.389727964177917
20180503,3.788,0.00014987689045801487,-8.80569633113141,3.3063312277018204e-08,-17.224841559704743,0.011488451313660948,-9.433164491074168,-9.400195131637755,-0.014935427633775644,-0.011548684784782326,0.003191492070643509,0.6019313864332282,0.8379583124760851,-5.300425001107921
20180504,3.77,3.5905107214948036e-05,-10.234631010333535,3.290710172374641e-08,-17.229577344604408,-0.010732449921017333,-9.299365754354607,-9.515735223418815,-0.013698844358162043,-0.03441424074100019,0.005824745088871097,0.2885001866158288,0.7491297497108241,-2.9526929564253734
20180507,3.831,6.53320219929215e-05,-9.636028259140218,1.3632725016671139e-08,-18.110792683365332,0.011370647968224708,-9.43897601284259,-9.497601843311362,0.022437261696615085,-0.016824520061776704,0.004763173863912451,0.1934178853301844,0.7553215149727226,-1.863780208864799
20180508,3.881,6.992332287951636e-05,-9.568111303725681,1.9282978909765128e-08,-17.764043051931207,0.011720861299102941,-9.533512433312108,-9.512791800569515,0.0332709142224521,-0.0005151983627609269,0.01605086425859259,0.10722768383349844,0.7350628839988884,-1.0259664137596198
20180509,3.87,2.364187753895495e-05,-10.652490946458533,1.927521001767678e-08,-17.76444602169766,-0.011651404603097661,-9.779391570157875,-9.552359896011247,0.027241076806729714,0.003105592558152903,0.012966986668257352,0.018435615146474647,0.6780922601716304,-0.19638522344021497
20180510,3.896,3.729623382842319e-05,-10.19661820615966,1.94470245743701e-08,-17.755571756765796,0.011715702632478042,-10.057575945163526,-9.589499411013184,0.028112210456456843,0.012396852976828576,0.0028383453450788743,0.005814311142994182,0.6019313864332282,-0.059286310856931465
20180511,3.873,3.256028760461724e-05,-10.332417183803306,1.9589890693967304e-08,-17.74825218469071,-0.01179497567440034,-10.07713317985748,-9.627081433090199,0.026954399072695923,0.00517733488859462,0.006695878738598227,0.0015872247539501397,0.2885001866158288,-0.016399868322272398
20180514,3.907,2.307938038025478e-05,-10.676570963294164,7.482457269713362e-09,-18.71070458691451,0.011182903103437994,-10.28524172068827,-9.672173071737499,0.01964395035442168,-0.005360574419285946,0.0059209852476733715,0.00043698569106777167,0.1934178853301844,-0.004665508740629205
20180515,3.922,4.616382474321078e-05,-9.983314080808547,1.871182160045648e-09,-20.096695434668515,0.011212702558240103,-10.368282276104843,-9.653043647570472,0.01050887538738543,-0.002800765675517791,0.008740415540318347,0.0005821014431996066,0.10722768383349844,-0.00581130153435361
20180516,3.89,3.204742148150318e-05,-10.34829383082933,2.7591723780554803e-09,-19.708335065208637,-0.01112240357678629,-10.307442852979001,-9.652539358444868,0.0051546505886646,-0.0005140066934037346,0.0038319117012211024,0.00039003124543116844,0.018435615146474647,-0.0040361579309260405
20180517,3.857,2.44096502047532e-05,-10.620532003659902,3.4107558468393894e-09,-19.496331914248408,-0.011173525743753613,-10.392225612479049,-9.713486066540936,-0.010060706554197774,-0.00207200281329456,0.008192570143799704,0.0004423538064111678,0.005814311142994182,-0.004698032757930584
20180518,3.899,8.48219403699681e-05,-9.374956317853526,5.916717232066496e-09,-18.945484063464857,0.010820077916081163,-10.200733439289094,-9.734923593970855,0.006690709467845002,0.02466696531731638,0.008519478404264147,0.0017348518116884657,0.0015872247539501397,-0.016264159952528418
20180521,3.918,4.0853725542919686e-05,-10.105512540255711,4.861170404862756e-09,-19.14198660398163,0.01023637463685601,-10.086521754681403,-9.762729234466994,0.0028115034494153868,0.04435895514617316,0.010830430774369404,0.0010273857319009296,0.00043698569106777167,-0.010382259397404637
20180522,3.902,4.618335040293312e-05,-9.982891205718273,4.874128746081779e-09,-19.139324467221154,-0.01031870410097623,-10.086437179663347,-9.837557331109133,-0.0051124855732351815,0.038134680854903014,0.004861209521888732,0.0007227307662226641,0.0005821014431996066,-0.007214942610226262
20180523,3.851,1.8357128748994316e-05,-10.905492571221883,9.965224259407121e-09,-18.424164378827694,-0.010404613949088265,-10.19787692774186,-9.88581073650051,-0.010076302797583203,0.010966167336304622,0.004092077321429466,0.00022129814639219002,0.00039003124543116844,-0.002413365291505201
20180524,3.82,4.2077278605522276e-05,-10.076002663548138,9.765098764844138e-09,-18.444451158501572,-0.009964034087610613,-10.088971059719507,-9.923987735949654,-0.009639256607607116,0.018494582636164214,0.013156387368147726,0.0007099262278009134,0.0004423538064111678,-0.007153218562244685
20180525,3.811,4.7779954212049434e-05,-9.948904374374951,7.019515264631379e-09,-18.774571671915105,-0.009955837743675918,-10.203760671023792,-9.959551513203012,-0.022828488108737055,0.011878191656762516,0.00808243221428806,0.0012720665473691809,0.0017348518116884657,-0.012655668437617285
20180528,3.835,7.528254705012417e-05,-9.494262228906116,7.2184714102192385e-09,-18.746622622492797,0.008986826233701306,-10.08151060875387,-9.968311461157377,-0.02141188470312949,-0.00260416813838793,0.002358800726760535,0.0018658027670884086,0.0010273857319009296,-0.017714420738155993
20180529,3.799,3.789244771052501e-05,-10.180758734584153,8.744966521600861e-09,-18.554787556773526,-0.00912253469921993,-10.121084114527047,-9.935453917550687,-0.026751367995430986,-0.006035971612592839,0.006277812927496296,0.0009034706138655974,0.0007227307662226641,-0.009198016343552287
20180530,3.727,2.613186086708239e-05,-10.552355265235272,2.956162212117932e-08,-17.33678886682468,-0.009025933207554659,-10.050456653329727,-10.008834749302277,-0.03272923433565045,-0.005084983524775488,0.00943156061373096,0.0005358950964680282,0.00022129814639219002,-0.005654955442828162
20180531,3.803,6.181563293571688e-05,-9.691354265364778,6.191924562063769e-08,-16.59743479086839,0.010017356017386623,-9.973526973693055,-10.035922252210764,-0.004460193672361168,0.012968290781805392,0.019134253708367188,0.0012386655493977486,0.0007099262278009134,-0.012004346655516276
20180601,3.777,5.105187956821948e-05,-9.882668195848817,6.235602315981379e-08,-16.59040556708329,-0.010121711922017789,-9.960279737987829,-10.056811931011632,-0.008961578161403416,0.0029166134953590994,0.02018660844900122,0.001071618615379819,0.0012720665473691809,-0.010590451208293683
20180604,3.814,3.229824365587542e-05,-10.34049770519318,6.385161551427488e-08,-16.566703953076516,0.010260406614467093,-10.12952683324524,-10.126575629832622,-0.005490927640992238,0.006840331854395476,0.006860185215802783,0.0005934476529294544,0.0018658027670884086,-0.006136544093269302
20180605,3.846,4.126970080926995e-05,-10.095381963819715,6.324368229265144e-08,-16.576270599028753,0.010332416577595661,-10.112451479092353,-10.120246127718358,0.012295772961099516,0.01995864570666872,0.009748463447907474,0.0006947888299008004,0.0009034706138655974,-0.0070141586220439445
20180606,3.839,1.0881579301614413e-05,-11.428439170672265,3.643716323594597e-08,-17.1276766151166,-0.009772490168462957,-10.287668260179752,-10.201719350969814,0.02960829552153932,0.002086050300148745,0.008355139988360794,0.0008342214202534978,0.0005358950964680282,-0.009533848756238923
20180607,3.838,4.28329723912274e-05,-10.058202368996566,3.226050967322645e-09,-19.55200705844611,-0.009340167757466558,-10.361037880906107,-10.223996217573035,0.009161168639385542,-0.011141454801261164,0.0018217311479273857,0.014750613779206754,0.0012386655493977486,-0.14836465845817076
20180608,3.787,8.393411647440075e-05,-9.385478394552552,9.187758406782082e-09,-18.505393846894727,-0.009727685062074345,-10.261599920646855,-10.166404737940946,0.0026441051893379974,-0.021680358122032617,0.00026051843315255674,0.047058809476729024,0.001071618615379819,-0.4416694396172051
20180611,3.797,2.4460408041848848e-05,-10.618454745839124,7.391194612444769e-09,-18.7229764624871,0.009612879060797993,-10.317191328776044,-10.185579126108195,-0.004467225928561858,-0.025739104530623225,0.013377248665850328,0.06831933922039507,0.0005934476529294544,-0.725445811777397
20180612,3.835,0.00012739073454436718,-8.96825154475223,8.383285474167037e-09,-18.597025937931942,0.009832787085983112,-10.091765244962549,-10.123571597060417,-0.0028642123473685555,-0.009859965713395757,0.002637132330007619,0.21426480871578957,0.0006947888299008004,-1.9215807017514208
20180613,3.796,2.9193510743489805e-05,-10.441564108199847,1.0564303800327688e-08,-18.36578508484782,-0.009820054346022128,-9.894390232468064,-10.112889467283402,-0.011264035270979189,-0.028821935325252124,0.009958153569554096,0.2604571118574107,0.0008342214202534978,-2.7195796308957325
20180614,3.786,7.014780187402801e-05,-9.564906086560658,1.057398601135581e-08,-18.36486900206236,-0.009755396387809563,-9.795730975980883,-10.093870922090318,-0.013641344798376975,-0.03529167498702357,0.01022155407153802,0.48910966447443516,0.014750613779206754,-4.678288006727166
20180615,3.78,6.169701630962387e-05,-9.693274986251005,4.170575126268189e-09,-19.295211890677393,-0.009643977363893306,-9.857290294320574,-10.064097338245848,-0.0018501392881615786,-0.028685147998858795,0.002637827960550343,0.7122453521164152,0.047058809476729024,-6.903990055743586
20180619,3.65,0.0004538265090286159,-7.697795571660016,3.041775987356496e-07,-15.005654099755027,-0.01196108309183641,-9.273158459484751,-9.931245682245853,-0.039484113655265274,-0.055162511631690725,0.0015860431556349308,0.9876268059417588,0.06831933922039507,-7.602549253231197
20180620,3.65,0.00014046959750353978,-8.87051948048087,3.022108663307703e-07,-15.012140830339366,0.0,-9.25361204663048,-9.90831673509255,-0.04944226722481937,-0.06599294240606013,0.034996842037096076,0.9967006723749522,0.21426480871578957,-8.841252730510394
20180621,3.62,0.0002217651812610695,-8.413891477963176,3.009555581488931e-07,-15.016303230444349,-0.011516992201661929,-8.848077520583146,-9.831424868624708,-0.04747385491000178,-0.07910729368466929,0.0,0.999337322192787,0.2604571118574107,-8.408315778808431
20180622,3.636,0.00014270915648694838,-8.854701869548803,3.010215310605528e-07,-15.016084042993176,0.011641522972142333,-8.706036677180773,-9.780143535162459,-0.04042587647189877,-0.07060506588568716,0.008253141756720428,0.9993765961303398,0.48910966447443516,-8.849181814138639
20180625,3.585,6.984355913097535e-05,-9.569252686520418,3.089831457933643e-07,-14.989979105894308,-0.011682723797207238,-8.681232217234657,-9.719405358585119,-0.05296553557991257,-0.07157438078118816,0.004410150477552666,0.9988934125705329,0.7122453521164152,-9.55866347178812
20180626,3.55,0.0001634974974375956,-8.718712873936182,1.0819384241264993e-08,-18.341926474457548,-0.011722489334791196,-8.885415677689888,-9.657710368148214,-0.027779564107075716,-0.07330281913115932,0.014125702263648732,0.9996145414613729,0.9876268059417588,-8.715352171613086
20180627,3.466,0.00019357023042119862,-8.549870163430928,7.658392790972667e-08,-16.384878600625708,-0.012513950535116832,-8.821285814279902,-9.594117904014395,-0.05172597630098563,-0.0948904305983087,0.009810870564259222,0.9997992918486128,0.9967006723749522,-8.548154134795825
20180628,3.446,0.00014407774950288662,-8.845157476993087,7.588033081935847e-08,-16.394108332118957,-0.012290074128752902,-8.907539014085883,-9.564613142563802,-0.049259887731941676,-0.10695529671348147,0.023946412193909916,0.9997144328921016,0.999337322192787,-8.842631590953477
20180629,3.537,0.00011631560154558979,-9.05920335829162,1.681140315530465e-07,-15.5986233285517,0.013887727319445792,-8.948439311834447,-9.513633352732324,-0.027605266091888847,-0.07145896398214502,0.005787053187676472,0.9996673688031575,0.9993765961303398,-9.056189984636113
20180702,3.443,0.0004558875456136767,-7.693264389359579,2.6543087324098977e-07,-15.14191139460584,-0.014402736299676942,-8.57324165240228,-9.383674676556156,-0.04041528969519681,-0.07926043614073452,0.026064772117605495,0.9999668130800711,0.9988934125705329,-7.693009073610297
20180703,3.43,0.00046290620529751745,-7.677986104751145,2.636188963882168e-07,-15.148761351044358,-0.013388336632452107,-8.365096298565271,-9.292157941982808,-0.03438734230947582,-0.10322996776827398,0.026935725866956695,0.9999606194441711,0.9996145414613729,-7.677683741390694
20180704,3.394,8.358709728205016e-05,-9.389621388516524,2.0033303022067074e-07,-15.423284704122034,-0.013439822582548262,-8.53304654358239,-9.269746723467705,-0.020992024481379934,-0.10692087691828522,0.0037829231785382333,0.9994432184672317,0.9997992918486128,-9.384393420727712
20180705,3.366,0.00016648932450486276,-8.700579367687276,2.0105061539943736e-07,-15.419709142680494,-0.013050707905648037,-8.504130921721229,-9.195204980853799,-0.023489042337123678,-0.12495341140961291,0.010551094365814029,0.9997561300735855,0.9997144328921016,-8.698457558037115
20180706,3.395,0.0004285407818532292,-7.755124650935364,1.0982445919179967e-07,-16.024382571368946,0.013062236533953593,-8.243315180249978,-9.088829648449966,-0.04097514921268397,-0.1247298861559285,0.008284071043420216,0.9999075607384289,0.9996673688031575,-7.754407772939239
20180709,3.494,8.858880537618329e-05,-9.331505058492038,1.4106138469944258e-07,-15.77407068882832,0.01497624434176777,-8.570963314076469,-8.993514461532682,0.014704027355478155,-0.09416470430679569,0.008578665242045203,0.9987270048323751,0.9999668130800711,-9.31962609764591
20180710,3.503,5.906262409160741e-05,-9.736912251690596,1.4102918595512986e-07,-15.774298975398679,0.015024556314272533,-8.982748543464359,-8.978910365291503,0.02105948303750127,-0.09133165337015825,0.02874345070120543,0.9978648700386059,0.9999606194441711,-9.716122678610546
20180711,3.445,0.0001573794352945224,-8.756850883029319,1.540909396962093e-07,-15.685722891311784,-0.015137825496160252,-8.856194442366919,-8.95033638749499,0.014914737653587418,-0.0946502444540358,0.002572532503484881,0.9988904831343124,0.9994432184672317,-8.747135009284287
20180712,3.528,0.00022198693002491133,-8.412892051586784,2.1739794435300864e-07,-15.341536317901943,0.016233191960015384,-8.79865697914682,-8.850083537756248,0.047006042375930646,-0.07348014310512041,0.01669583974972788,0.9984410944783381,0.9997561300735855,-8.399777147714419
20180713,3.534,2.6350736785062763e-05,-10.54401432188536,2.163164112012355e-07,-15.346523634460405,0.01600490907520497,-9.35643491333682,-8.921709118535027,0.04012661288684516,-0.08173906092171479,0.023807233678923012,0.9918133368645489,0.9999075607384289,-10.457694028536713
20180716,3.519,0.00010808055139583327,-9.132633762587435,7.986523064018364e-08,-16.342925239833075,-0.015939827472925792,-9.3166606541559,-8.862212284643554,0.007129646627583197,-0.0757710224082333,0.0016992357529597157,0.9954677975146694,0.9987270048323751,-9.091242817151022
20180717,3.497,8.812975293265688e-05,-9.33670036429863,8.016584829356228e-08,-16.339168244517122,-0.01594989662341156,-9.236618276677508,-8.851839297268008,-0.001714286134111065,-0.07940459470589234,0.004253515558056531,0.9969605828397137,0.9978648700386059,-9.30832223699093
20180718,3.481,0.00010897249327504604,-9.124415062856889,6.471386934396418e-08,-16.55329029451787,-0.015944597968392205,-9.310131112643019,-8.82598202802282,0.010395704363679759,-0.08240440080219447,0.006271400258209381,0.9983304895519338,0.9988904831343124,-9.109181756576957
20180719,3.483,0.00011125147584905282,-9.103717370947017,4.649854635602811e-10,-21.489014971990517,0.014348296916805685,-9.448296176515067,-8.889887564354048,-0.012837146760680707,-0.04683317621053584,0.0045858492519370575,0.9990413538724966,0.9984410944783381,-9.094990127543474
20180720,3.55,0.0003514393653755083,-7.953473364081705,2.6822945851743066e-08,-17.434008127252017,0.015041223271243215,-8.930187984954335,-8.848203649972268,0.004517229589819705,-0.027779564107075716,0.0005743825545625469,0.9995414402515241,0.9918133368645489,-7.949826221336362
20180723,3.573,9.580184484811436e-05,-9.253228615885671,2.7105347786088316e-08,-17.42353479324879,0.01504265678601081,-8.954306955613983,-8.886355338059653,0.015228720701824683,-0.01306844679640684,0.019053612103460127,0.996238817585879,0.9954677975146694,-9.21842553514176
20180724,3.639,0.00012080284593778304,-9.021350713653463,4.924261095397998e-08,-16.826506511975417,0.015545948491195657,-8.89123702548495,-8.893930285518955,0.03980346054878403,0.0008247423147904609,0.006457975553948447,0.9911650850260804,0.9969605828397137,-8.941647847148426
20180725,3.638,2.1703822890270378e-05,-10.73802214287544,4.915415980272717e-08,-16.82830435908762,-0.015222145668296935,-9.21395844148866,-8.94705616989873,0.04411447126662882,0.014675606044346923,0.018303339588749967,0.9772282893333606,0.9983304895519338,-10.493499009505914
20180726,3.591,0.00011442220263384182,-9.075615418882315,5.487225439429624e-08,-16.718258000619734,-0.015341537747783034,-9.20833805107572,-8.963279012850826,0.03053672386008155,0.011483111756621422,0.0002748385340922699,0.9838294152172776,0.9990413538724966,-8.928857410295896
20180727,3.582,4.444211915985474e-05,-10.02132290846446,2.8520557398959158e-08,-17.372640697448272,-0.0143630113121739,-9.62190795995227,-9.03016322853417,0.008973700151195585,0.0329201123451055,0.013003364851984722,0.9849017691466416,0.9995414402515241,-9.870018661736415
20180730,3.562,0.0001443060332094138,-8.843574282875423,2.836925465902044e-08,-17.377959860623733,-0.014358528369418592,-9.53997709335022,-9.030091265165185,-0.003083394173802878,0.03310804676173196,0.0025094116054258375,0.9933089053571565,0.996238817585879,-8.784401090367687
20180731,3.575,5.597783731971864e-05,-9.790554707711514,5.957840389889067e-09,-18.93855777222378,0.013288102531267089,-9.693817892161832,-9.063334508320635,-0.01774374248405186,0.010686265922627447,0.005599118771050016,0.9947946408171854,0.9911650850260804,-9.739591353858879
20180801,3.495,0.00021691793692638447,-8.435991446794596,5.842727781660195e-08,-16.655482970262174,-0.012890914018596763,-9.233411752945662,-9.097094829113134,-0.040100704410156895,0.014990191329386837,0.0036429912785009844,0.9992832941309316,0.9772282893333606,-8.429945322213268
20180802,3.417,0.0003586267251874342,-7.933228473113329,1.0461153458853727e-07,-16.073012018082267,-0.013791577807922593,-9.004934363791865,-9.108696754947779,-0.04966774211079117,-0.003797288044693925,0.022631800460197304,0.9998917832128149,0.9838294152172776,-7.932369964615963
20180803,3.369,9.222395472707255e-05,-9.291290648489136,1.1261463601069612e-07,-15.99929414735479,-0.013940935196483574,-8.858927911796801,-9.104227175855625,-0.06130533921410408,-0.007393202387618647,0.022570402552618996,0.9995578611614534,0.9849017691466416,-9.287182608033214
20180806,3.334,0.00029382784501968235,-8.132516523291025,1.147968870464433e-07,-15.98010146974878,-0.014006995326417882,-8.716716359879921,-9.078406137473978,-0.06614940053886764,-0.009552311440012007,0.01414700870873875,0.9999099788678144,0.9933089053571565,-8.131784424946082
20180807,3.427,0.00023757120563286702,-8.345043166233554,2.2935189386934084e-07,-15.288008358386241,0.015124252329381162,-8.427614051584328,-9.105220615442077,-0.0422799332534991,0.009381481881812315,0.010443180095813576,0.9998653209470771,0.9947946408171854,-8.343919263723325
20180808,3.377,8.650219652269848e-05,-9.355340751022851,1.8621508527802419e-07,-15.496363458854365,-0.014048733026782475,-8.611483912429978,-9.106304056011659,-0.03434563428234294,-0.03405947030843426,0.027512458563869524,0.999446242534285,0.9992832941309316,-9.350160161237664
20180809,3.458,0.0002535112557289349,-8.280102334621171,1.974400255226296e-07,-15.437830966961622,0.015031765198793332,-8.680858684731549,-9.040085423417594,0.01192741412794418,-0.012929356954251014,0.014697501489041143,0.999786247125935,0.9998917832128149,-8.278332438949594
20180810,3.464,8.452176650496765e-05,-9.378501464997445,1.8943079975224828e-07,-15.479242051927113,0.014598615549862875,-8.69830084803321,-9.068342268052511,0.027808026275772724,0.005500086234566659,0.023702645857668125,0.9992352154452149,0.9995578611614534,-9.371328931929986
20180813,3.449,0.00017389142900246674,-8.657079424751014,1.871229160938528e-07,-15.491500130707626,-0.013637521348635067,-8.803213428325208,-9.079441694105428,0.033911549626101545,-0.022646804189841108,0.0017336034390897925,0.9994141748289356,0.9999099788678144,-8.652007889716092
20180814,3.434,5.988559810095175e-05,-9.72307451412279,7.260486164279805e-08,-16.43823395258087,-0.013640960097189247,-9.078819697903054,-9.04212624829804,0.0020405195828119282,-0.028704611422220916,0.0043396567454847546,0.9985400955991341,0.9998653209470771,-9.708879754849674
20180815,3.352,0.0001298740479645371,-8.948945438969924,1.315115254791016e-07,-15.844171342940388,-0.014480895818626459,-8.99754063549247,-9.033776779042698,-0.00743055878359411,-0.048619675719611566,0.0043585714794200925,0.9993934119434675,0.999446242534285,-8.943517115548083
20180816,3.338,0.000322708554546805,-8.038760949971063,6.844558267624867e-08,-16.497226820877263,-0.01445984986794728,-8.949272358562448,-8.9747795329369,-0.03531856202145556,-0.04653363284159551,0.02416857985544718,0.9998642670133093,0.999786247125935,-8.037669824938032
20180817,3.287,0.0001542840353221422,-8.776715269131834,7.968261570274912e-08,-16.34521439661414,-0.01472899715238678,-8.828915119389325,-8.958974996858489,-0.05244869601810631,-0.05734431414721941,0.004185357380193322,0.9993923668227236,0.9992352154452149,-8.771382245746802
20180820,3.322,0.00011337905775849696,-9.084773859576304,8.212875273310935e-08,-16.314977665805312,0.014984635583561948,-8.914454006354383,-8.95811392815982,-0.03751732276360076,-0.04732698019276116,0.015396530557560961,0.9978596630221951,0.9994141748289356,-9.065329382149658
20180821,3.379,0.0001335669587792276,-8.920907641975749,9.881112676933933e-08,-16.13005561941078,0.014852850711689972,-8.754020631924975,-9.00208821351864,-0.016145954743130853,-0.04936779575517147,0.010591716509020799,0.9946626942566463,0.9985400955991341,-8.873294030382304
20180822,3.373,3.214344240507007e-05,-10.345302096823199,3.05738283368986e-08,-17.303121477059246,-0.014726331466363842,-9.033291963495632,-9.051727917197619,0.006245373459676573,-0.057603022961759676,0.017012796541049813,0.9840415839367587,0.9993934119434675,-10.180207461662171
20180823,3.383,0.000145594795186817,-8.83468317018393,3.05278178147269e-08,-17.30462750950734,0.014035442912697649,-9.192476407538203,-9.043243028858093,0.013391064558928134,-0.0729460288314514,0.0017772516526397553,0.9854475509787014,0.9998642670133093,-8.706116893730503
20180824,3.388,0.00019210263536690615,-8.55748076955973,1.928992984786174e-08,-17.763682646745508,0.014058465481228972,-9.148629507623781,-8.9441275118892,0.030264482107725588,-0.07119430330612264,0.002960333719058239,0.9789559989624924,0.9993923668227236,-8.377397135366664
20180827,3.473,6.524986232025437e-05,-9.637286621798113,9.217173779363253e-08,-16.199612284896677,0.015079171001976104,-9.259132060068143,-8.969658021112643,0.04445176257083383,-0.03341194148200888,0.0014768869912364924,0.9320280775212699,0.9978596630221951,-8.982221722635948
20180828,3.463,3.6055440801656155e-05,-10.230452781858162,7.543101203351365e-08,-16.400047346314008,-0.015080552239577725,-9.521041088044626,-8.97916392444872,0.024555457688131943,-0.033786038218235115,0.02477899697212904,0.8910259959635658,0.9946626942566463,-9.115599379113402
20180829,3.45,1.7686443024556967e-05,-10.942712142675353,7.546903500583186e-08,-16.399543397191806,-0.015062048570341735,-9.640523097215056,-9.074579281712353,0.02257167496375523,-0.03194795382420157,0.0028835083416520746,0.8832056761739892,0.9840415839367587,-9.664665477148906
20180830,3.416,0.00010433609115858482,-9.167893223611685,7.737793893102498e-08,-16.37456412370951,-0.015120628266422203,-9.707165107900607,-9.046276486980544,0.009707386127752127,-0.045494900219647416,0.00376103437701647,0.9425161300506542,0.9854475509787014,-8.640887241836102
20180831,3.39,0.00011227397976703588,-9.09456842594304,7.805851593993721e-08,-16.36580708716128,-0.014473729104551481,-9.81458263917727,-9.076211804214564,0.0005901446025511348,-0.03050345429341461,0.009903955116944863,0.9707153996658207,0.9789559989624924,-8.82823762437745
20180903,3.383,8.478188044733426e-05,-9.375428711968066,2.6632884992223466e-09,-19.74370419981194,-0.013683259158572353,-9.762211057211262,-9.141766360526141,-0.026255883963365534,-0.010000083334583243,0.0076403545339645,0.9821429579417341,0.9320280775212699,-9.20801128714418
20180904,3.423,0.00014345159030235382,-8.849512929489228,6.4675167939415375e-09,-18.85647360520509,0.013562808142458353,-9.486023086737474,-9.121685555117056,-0.011617905872236545,0.015901395123632422,0.002067031593787627,0.9904462446692088,0.8910259959635658,-8.764966848164214
20180905,3.353,6.908603728271361e-05,-9.580157912981782,4.287857417744345e-08,-16.96489357219558,-0.014126679173371988,-9.21351224079876,-9.187487436466634,-0.02851876355917682,0.005682683155489254,0.011754469749476915,0.9913245720961226,0.8832056761739892,-9.497045943699948
20180906,3.324,0.00015765646189580082,-8.7550921839404,4.209305757421474e-08,-16.98338301308141,-0.012851689177881183,-9.130952032864503,-9.206126028180583,-0.02730139893312189,-0.030516365899270204,0.020661892063956744,0.9934318037812029,0.9425161300506542,-8.697587020562622
20180907,3.346,0.00021982513989538005,-8.422678146305097,4.1790271214991675e-08,-16.990602270558096,0.012600922335100809,-8.996573976936913,-9.163732273420685,-0.01306431882772685,-0.009222138838798521,0.008686590490889934,0.9901942361217769,0.9707153996658207,-8.34008735318016
20180910,3.298,6.59678809826327e-05,-9.62634258616955,5.0504816731804334e-08,-16.80119712438575,-0.011717445060302206,-9.046756751777211,-9.22492501212743,-0.02544666566116427,-0.04737416312369169,0.0065967255714305395,0.9580450057707007,0.9821429579417341,-9.222469438517548
20180911,3.286,6.77093756797537e-05,-9.600285899012054,4.672207347109219e-08,-16.87904911860875,-0.011688559360472648,-9.196911345681777,-9.235006122764457,-0.04084633993297193,-0.05275297108511223,0.014449378427225046,0.9297812707636917,0.9904462446692088,-8.926166022878178
20180912,3.263,3.0294368685221277e-05,-10.404548714694464,1.0757817836693338e-08,-18.347633106061426,-0.01172375262714792,-9.361789506024312,-9.314436545034614,-0.027208449872907936,-0.055437316343520227,0.003645204522330747,0.9037665049128264,0.9913245720961226,-9.403282627074656
20180913,3.298,0.0001556384708044296,-8.767974735105456,1.2210613845981513e-08,-18.220960276051336,0.012044915662027016,-9.364366016257325,-9.271022918715644,-0.007852652855794506,-0.04040953833787664,0.007024002003892749,0.9067526893189212,0.9934318037812029,-7.950384670937228
20180914,3.303,3.340562092024726e-05,-10.306786381115598,1.1832925069155357e-08,-18.25237993092647,0.010974476071761875,-9.741187663219424,-9.332742961540449,-0.012934456155979657,-0.014726036211184068,0.010669206526223496,0.8848460748550397,0.9901942361217769,-9.119919473699516
20180917,3.272,2.7858857754535704e-05,-10.488359589931376,4.69607337892344e-09,-19.176539128707212,-0.011110598156501152,-9.91359106397179,-9.444088354265917,-0.007914805396906477,-0.019970406499142612,0.0015149222712453891,0.8885936861985047,0.9580450057707007,-9.319890110192558
20180918,3.335,9.216272257399271e-05,-9.291954819634547,3.1118188404010445e-08,-17.285473352569415,0.011396715752039346,-9.851924848096289,-9.467508333834221,0.014801659752510687,0.014497384685504766,0.009429727668151866,0.9406429787522517,0.9297812707636917,-8.740412059972382
20180919,3.38,0.0002258039570152116,-8.395843381977057,3.708556164208858e-08,-17.110038117148594,0.011528391626142975,-9.450183781552806,-9.436193312125164,0.03522869188374367,0.0173086983038242,0.019071260627086417,0.9718647083692261,0.9037665049128264,-8.15962387993883
20180920,3.378,7.652452289405756e-05,-9.477899307793756,3.449404280586162e-08,-17.18247920011254,-0.010944685521135028,-9.592168696090466,-9.461511115116894,0.023967594248201163,-0.00029598934654462283,0.013403030127340232,0.9718698146354988,0.9067526893189212,-9.21128424339944
20180921,3.484,0.0002029917797115493,-8.502345073774169,2.1676029561282127e-07,-15.344473722470035,0.01276031932379235,-9.231280434622182,-9.377740341341935,0.05334991258160393,0.03237850291074329,0.0005918911093190093,0.9715491516457795,0.8848460748550397,-8.260446143424966
20180925,3.449,3.291950484000163e-05,-10.32144522358075,2.1725746070389145e-07,-15.342182731830652,-0.012989382241846724,-9.197897561352054,-9.445320434678155,0.05268291521420321,0.01932144415613246,0.030897240604648157,0.9448676699722338,0.8885936861985047,-9.752399899150785
20180926,3.487,0.00014674428204243593,-8.826819063950882,1.9368317191543609e-07,-15.457042147357381,0.01316624690503626,-9.104870410215323,-9.457563084423208,0.0445690883259271,0.028801990903706276,0.01009672503555259,0.9427690298818249,0.9406429787522517,-8.321651645863371
20180927,3.472,2.9922997849316704e-05,-10.416883214378679,1.872980550810238e-07,-15.49056461152773,-0.012115791052332466,-9.509078376695648,-9.49299929317687,0.02685508730317654,-0.000287976963833092,0.010957433738810307,0.9190173598214174,0.9718647083692261,-9.573296509246333
20180928,3.508,3.1914757515722085e-05,-10.352442037100499,1.895624333928246e-07,-15.478547402870838,0.012292385526278475,-9.683986922556995,-9.49854425932425,0.037762256124328264,0.012910809089651698,0.0043109708954103265,0.9223312360282017,0.9718698146354988,-9.548380659989217
20181008,3.341,0.00011222033361696463,-9.09504635476256,1.1393085037304694e-06,-13.685089055274348,-0.0161817501424975,-9.802527178754673,-9.41455945078276,-0.04191089561563688,-0.03210406766864882,0.010315277711832715,0.9573292814202486,0.9715491516457795,-8.706954191288695
20181009,3.348,5.4464980972517734e-05,-9.817952613782396,1.1372338316954538e-06,-13.686911707616087,0.016085476513386043,-9.701828656795005,-9.444107604881427,-0.02972118132747492,-0.020107123299094587,0.048775911135316985,0.9713950972631752,0.9448676699722338,-9.537111034190396
20181010,3.346,0.00018207696045795778,-8.61108110060832,1.1343507193417176e-06,-13.689450124159327,-0.01601516362795198,-9.65868106412649,-9.422130908275305,-0.04127616512888199,-0.01306431882772685,0.0020929892526093674,0.9955176160187668,0.9427690298818249,-8.572482928621854
20181011,3.174,0.0005056714192574552,-7.589623468664627,2.685512680743965e-06,-12.827638905681692,-0.019505579251016,-9.09322911498368,-9.3409579426706,-0.08973817469388656,-0.06377026769435412,0.0005975500625967634,0.9998348128850084,0.9190173598214174,-7.588369760659965
20181012,3.233,0.00026326389708082896,-8.242353617913055,2.706262072599122e-06,-12.819942184198958,0.01979355619457369,-8.671211431146192,-9.313359792144412,-0.08163557576664049,-0.057106860804752246,0.0527729804604149,0.999845114806282,0.9223312360282017,-8.241076999376252
20181015,3.186,6.351141863349326e-05,-9.664290847231593,1.5834468982645468e-06,-13.35590650593825,-0.019572354387097063,-8.785060329639998,-9.317184016428495,-0.04750395188676282,-0.05108925599623482,0.01841787663907879,0.9991180314257723,0.9573292814202486,-9.655767246412138
20181016,3.165,0.0002524088538817968,-8.284460349141476,1.5838255899183768e-06,-13.355667378009064,-0.01954522200020551,-8.478361876711812,-9.295791660301271,-0.05621009703108948,-0.049015821397062176,0.014644287255439314,0.9998519006279348,0.9713950972631752,-8.28323342576587
20181017,3.176,0.0003711677520652616,-7.898856435650252,1.5838545439565557e-06,-13.355649097098773,0.019489277726415635,-8.335916943720202,-9.271981582544232,-0.052143059179742934,-0.052143059179742934,0.006613155891717293,0.9999394536387459,0.9955176160187668,-7.8983781886350055
20181018,3.106,8.851148079945271e-05,-9.332378287816663,8.196613821488696e-08,-16.31695962356785,-0.019789902317053607,-8.684467907550609,-9.258619568982738,-0.02165689737772203,-0.05998049941091188,0.003469487788749781,0.9995675290116868,0.9998348128850084,-9.328342304955218
20181019,3.185,0.0004657713506730948,-7.671815708045139,1.385446193606531e-07,-15.792073401753116,0.02065732752828421,-8.570360325577024,-9.170961833029697,-0.01495820971916939,-0.031218730590949706,0.022286818658393992,0.9999664648097268,0.999845114806282,-7.671558432245629
20181022,3.353,0.0009636031948701464,-6.944830971672655,1.5256822771167506e-06,-13.39306885312547,0.023467129363186283,-8.026468350465237,-9.013701935619615,0.05108925599623482,0.027208449872907936,0.025116564297631427,0.9999940552983898,0.9991180314257723,-6.944789686724795
20181023,3.24,0.00035169541425072326,-7.952745057378774,1.8015492945989939e-06,-13.226863544046868,-0.024539184211268522,-7.960125292112697,-8.97664604117749,0.023420274208098668,-0.017742894333169,0.05140317845996489,0.9999641293481973,0.9998519006279348,-7.952459787229945
20181024,3.245,0.00029649726019099755,-8.123472580071725,1.8015214458736033e-06,-13.226879002375275,0.02453930696200882,-8.00504852099699,-8.877404504766407,0.021492806771164163,-0.017715796252599114,0.03428213767985344,0.999946718295816,0.9999394536387459,-8.123039747608768
20181025,3.261,0.00022448173101907932,-8.401716230400194,1.7522958652592354e-06,-13.25458370684263,0.024489795801740932,-7.8189161095136965,-8.782557079333172,0.04869817208068694,-0.0033675219333184625,0.0015420203518152764,0.99991290523903,0.9995675290116868,-8.40098448493337
20181026,3.228,0.0002609192299872311,-8.251299662185794,1.6748440617260776e-06,-13.299790494498051,-0.024188417205039097,-7.934812900341828,-8.735254572176409,0.013410461383575711,-0.03260992895988468,0.004918546651128786,0.9999332359649341,0.9999664648097268,-8.250748772125808
20181029,3.131,0.0003737297074204777,-7.891977729260529,4.518153063597224e-07,-14.609992354868131,-0.02470788504222059,-8.124242251859403,-8.712351587962022,-0.06850302513982309,-0.07652326715065882,0.010171146399479802,0.9999655258542249,0.9999940552983898,-7.891705660069837
20181030,3.168,0.0003576030014881469,-7.93608712127691,1.7937545615379714e-07,-15.533784707418075,0.024915724890626798,-8.12091066463903,-8.64226921584762,-0.022472855852058604,-0.06418334443342877,0.03051030806343391,0.999960034375675,0.9999641293481973,-7.9357699506004105
20181031,3.205,0.00019854149426661114,-8.524512440556158,1.830101314849281e-07,-15.513724322331864,0.023991482196543266,-8.201118636735917,-8.64327682342862,-0.01240325978342005,-0.0834689686176231,0.011748031607911047,0.9998758168880821,0.999946718295816,-8.523453840073708
20181101,3.228,0.00015291299067765794,-8.78564148671773,1.8341597496912162e-07,-15.511509176396588,0.02405742818565601,-8.277903687999425,-8.573467562662119,-0.010171146399479802,-0.06622158354700147,0.01161161642045383,0.9998013305443743,0.99991290523903,-8.78389604810624
20181102,3.363,0.000401076743537732,-7.82135776857525,7.448129542684037e-07,-14.110132718185826,0.025683260411845824,-8.191915309277316,-8.52776477650868,0.04097068235043011,-0.03620833493538167,0.007150660035069034,0.9998714923066229,0.9999332359649341,-7.820352663929333
20181105,3.32,0.00013913229291036213,-8.88008532990156,5.769906639868943e-07,-14.365439750834561,-0.02579013009020312,-8.389536829405522,-8.457910327214266,0.058612340584128564,-0.0447660138697068,0.04097068235043011,0.998125825329153,0.9999655258542249,-8.863442498901298
20181106,3.299,0.00010350109186073837,-9.17592839593538,5.73505204782346e-07,-14.371498824947643,-0.025654467708171192,-8.637505084337215,-8.404432434434034,0.040518918294264905,-0.06142668226349213,0.012868649829735457,0.992653449498221,0.999960034375675,-9.108516974573933
20181107,3.272,0.0001736300836572752,-8.65858347779486,5.707815962761296e-07,-14.376259193846469,-0.023564851438330887,-8.664319291784954,-8.384593212753684,0.0206893283678673,-0.02086874463411892,0.006345390681952612,0.981950826968289,0.9998758168880821,-8.502303206394625
20181108,3.269,5.83251701029708e-05,-9.749476823593467,5.70258842838693e-07,-14.377175468951346,-0.023555087035038738,-8.857086359160103,-8.381480676836004,0.012621377334371298,-0.023879024885155253,0.008217973505943776,0.924444237312375,0.9998013305443743,-9.01284766638154
20181109,3.228,1.5260843198951098e-05,-11.09022027813311,1.1796636058881837e-08,-18.255451425873527,-0.02368237609311979,-9.510858861071675,-8.49416882126895,-0.04097068235043011,-0.03590285215692979,0.0009172909984269673,0.883591478987283,0.9998714923066229,-9.799224137850391
20181112,3.264,6.756807507682467e-05,-9.60237494864341,9.33778564980976e-09,-18.48919669527563,0.02086124732850286,-9.655316784820045,-8.585657524904349,-0.017011345826536628,0.027960814997643135,0.012621377334371298,0.9045023753172098,0.998125825329153,-8.685370949734434
20181113,3.298,0.00023543569653725004,-8.354072732590197,1.1319956794877788e-08,-18.296698580885568,0.020615204159581818,-9.490945652151009,-8.590735666480581,-0.0003031681090372995,0.019905725394111062,0.011090686694158025,0.9275577310906696,0.992653449498221,-7.748884749207794
20181114,3.258,7.062111698736695e-05,-9.558181350719012,1.4842372101198925e-08,-18.025779766886775,-0.020533922346904977,-9.670865226735838,-8.585912507548194,-0.004287908560647313,0.022347298691996587,0.010362787035546717,0.9158925826530736,0.981950826968289,-8.75426740277648
20181115,3.301,3.634854785350568e-05,-10.222356303792202,2.0753736917526808e-08,-17.690539514073464,0.020615426625264253,-9.765441122775588,-8.673998687305044,0.009741325128982403,0.04207239727491663,0.01220271395755379,0.9046027654618167,0.924444237312375,-9.247171781946461
20181116,3.311,0.00019780420251604646,-8.528232892711946,1.5695234556737277e-08,-17.969908702085142,0.020614045181057597,-9.253043645691353,-8.702606708080575,0.02538750815740687,0.041627715180220015,0.01311194269120275,0.9123380231235069,0.883591478987283,-7.780631138073684
20181119,3.348,4.530871324489331e-05,-10.0020111986094,1.571954352790185e-08,-17.96836108803223,0.01996831772471983,-9.332970895684552,-8.733044567662064,0.025409715525368526,0.07502742790073369,0.0030248056940531676,0.8879413078006883,0.9045023753172098,-8.881198904330361
20181120,3.275,0.00013289093549264427,-8.925981800044129,6.065127064923194e-08,-16.618125251252614,-0.020058408197530138,-9.447352709175338,-8.79005211729838,-0.006998355050191973,0.02786558006308848,0.011112894062119683,0.8812172631837495,0.9275577310906696,-7.865729253062845
20181121,3.278,4.7205837776296246e-05,-9.960992991319523,5.621679827008085e-08,-16.69405022310609,0.016647207089945604,-9.52791503729544,-8.927150390918694,0.00611997014178467,-0.02262198716245356,0.022045283540013783,0.8452634735089393,0.9158925826530736,-8.41966353544094
20181122,3.269,6.956527512084469e-05,-9.573245035803753,5.031671936889116e-08,-16.804928422051333,-0.014915102477800903,-9.398092783697752,-9.000809480847103,-0.009741325128982403,0.008910797937835557,0.0009156112344228529,0.8310754224606458,0.9046027654618167,-7.9560886624498846
20181123,3.184,0.00012400037912318077,-8.995225934918905,1.4665614009421181e-07,-15.735175173362872,-0.01596220549122465,-9.491491392139142,-9.040434633340155,-0.039111990582972656,-0.018977082173916804,0.0027493525795643237,0.8174927502448859,0.9123380231235069,-7.35353198861098
20181126,3.189,0.00010291088809197477,-9.181647108360732,1.436070796429359e-07,-15.756184880412897,0.015920358020704517,-9.327418574089409,-9.075886036883817,-0.048655764599308426,-0.022326508779261678,0.026345859759937085,0.7674310104816595,0.8879413078006883,-7.046280718255283
20181127,3.186,5.855504672771033e-05,-9.745543276456482,9.636910064567025e-08,-16.155080219432765,-0.015788647087571276,-9.491330869371879,-9.143806201168848,-0.027551657599358403,-0.013096538919845635,0.0015691200457839116,0.6627438129348244,0.8812172631837495,-6.45879851016011
20181128,3.234,8.055542565508056e-05,-9.42656509300474,1.0636912554190162e-07,-16.056350475625706,0.014618668504158825,-9.384445289708921,-9.21356017224813,-0.013513719166722948,0.032367318810646584,0.0009411765400637595,0.5864679373602836,0.8452634735089393,-5.52837818648694
20181129,3.202,8.344388569794464e-05,-9.391336179588736,1.0831338825317926e-07,-16.038237068667012,-0.014624058559357727,-9.348063518465917,-9.27970785671685,-0.020708513167550846,0.010675140622343315,0.014953549667058308,0.4853630755480565,0.8310754224606458,-4.558207811630924
20181130,3.235,5.233958709427629e-05,-9.857757549806722,1.4167706725194173e-08,-18.072300636482904,0.014577641047508206,-9.520569841443482,-9.340309907137328,0.01589065997072736,0.009316837580230608,0.009944146580392221,0.3426304293435192,0.8174927502448859,-3.3775677016545953
20181203,3.319,9.824167836903752e-05,-9.228080009335995,1.0053124037678459e-07,-16.11279730823074,0.015488053085689268,-9.529856421638536,-9.360420749074523,0.03995614470991704,0.027800782330135165,0.010253313378341122,0.2571166106986105,0.7674310104816595,-2.372692655256073
20181204,3.324,2.9652469419470688e-05,-10.425965150340344,1.0053211045053903e-07,-16.112788653508225,0.012705625381807233,-9.665940796415308,-9.478811993700209,0.04240266550534488,-0.011664555764930862,0.02563460478497359,0.09358826554709657,0.6627438129348244,-0.9757479950748267
20181205,3.309,7.291148869262179e-05,-9.52626433613162,9.061563584172328e-08,-16.216639057753397,-0.012441538025322961,-9.685880645040683,-9.508183766710665,0.022926267784560084,-0.0033187539889218964,0.0015053442553640828,0.05893506892878416,0.5864679373602836,-0.5614310452837353
20181206,3.242,3.590614748554686e-05,-10.234602037978068,1.236769801225198e-07,-15.9055926692673,-0.013121211504092381,-9.85453381671855,-9.556305295894425,0.012414808738961502,-0.017428968932960087,0.0045228480537264915,0.01955145985140603,0.4853630755480565,-0.2001014108406465
20181207,3.235,1.0762305848038783e-05,-11.439460728044335,1.2147086407303092e-07,-15.923591404790931,-0.013021147403946557,-10.170874452366073,-9.682708807269401,0.0,-0.011372490787636691,0.020455605625990803,0.007591931454208626,0.3426304293435192,-0.08684760172042409
20181210,3.205,6.762637523732376e-05,-9.601512484777807,3.6613086217284656e-08,-17.122860113523412,-0.013155891326545977,-10.245560947454432,-9.675983155505053,-0.0349514423652042,-0.019772037369440332,0.00216149536062038,0.016864616407126203,0.2571166106986105,-0.16192582498401087
20181211,3.218,2.0458705012806005e-05,-10.797102093050663,3.666575918402383e-08,-17.121422509655,0.01292661693143254,-10.319788335996499,-9.66265960163767,-0.03240882842301018,-0.003102701837510935,0.009316837580230608,0.025404009526444074,0.09358826554709657,-0.2742896844298483
20181212,3.229,3.893701219184577e-05,-10.153565289473356,3.660918845980536e-08,-17.12296657723272,0.012710778744077136,-10.445248526664844,-9.68771370803903,-0.02447353716333689,-0.010780945325722158,0.004047958197558099,0.11073318292369295,0.05893506892878416,-1.1243366025269126
20181213,3.284,0.00013608962937788788,-8.902196849756121,1.786703109689295e-08,-17.840308660531626,0.013047855090153875,-10.178767489020455,-9.71262844063748,0.012871768276697448,-0.004254032547225339,0.0034124432059468024,0.3515037302483942,0.01955145985140603,-3.1291554000947803
20181214,3.227,4.103127078219855e-05,-10.10117607996449,3.6660291269499774e-08,-17.12157164940821,-0.013326510252825236,-9.911110559404488,-9.737310019239548,-0.002476014883039168,-0.009560597110028546,0.016889699814043535,0.4205769523423646,0.007591931454208626,-4.248321850785059
20181217,3.223,6.254460124294652e-05,-9.679630635840372,3.5153796365360217e-08,-17.16353321981741,-0.01297853808940266,-9.926734189617,-9.712640670696285,0.005600512460667506,-0.02391285003775523,0.017509278520356997,0.6022258672643072,0.016864616407126203,-5.8293239544671245
20181218,3.183,0.00015399422478714071,-8.778595457636042,3.9964894078136546e-08,-17.0352644162376,-0.013164599289461154,-9.523032862534077,-9.724020787283742,-0.010935900270235832,-0.039426110265153635,0.0012403102365239338,0.8208804067904772,0.025404009526444074,-7.20617701031331
20181219,3.15,7.466987891142964e-05,-9.502433774567509,4.229707580374054e-08,-16.978547883218976,-0.012958344177825282,-9.392806559552906,-9.701312722554565,-0.024770038938596528,-0.06096069978968721,0.012488454533345239,0.8713927389695137,0.11073318292369295,-8.280351793696797
20181220,3.127,0.00013335232576884936,-8.92251586640211,2.659904558663548e-08,-17.44239050200414,-0.01227796592711762,-9.396870362882103,-9.701155180116292,-0.048988113114477594,-0.04624379061151096,0.010421695462413894,0.9159394943253095,0.3515037302483942,-8.1724846707819
20181221,3.088,0.00010813399783017029,-9.132139379248137,1.2763533086124462e-08,-18.176673709728764,-0.012454754716389288,-9.203063022738835,-9.66348001593123,-0.044029280907295076,-0.05970984815910829,0.007328374361837531,0.9272083170229763,0.4205769523423646,-8.467395584651914
20181224,3.095,4.076056589827698e-05,-10.10779546603888,1.2768316865831841e-08,-18.176298979360823,0.012499865626528705,-9.288695988778537,-9.6877777627601,-0.040524696696741414,-0.05469622160551424,0.01255044631317448,0.9279188813222183,0.6022258672643072,-9.379214261480588
20181225,3.076,0.00021570479786219867,-8.441599761598187,8.191091899939214e-09,-18.620218626852004,-0.011353311992513285,-9.221296849570965,-9.662612936700066,-0.03419409665655815,-0.03450821633873913,0.002264273974029729,0.944589635013518,0.8208804067904772,-7.973847637738232
20181226,3.059,5.877300354179635e-05,-9.741827931927968,6.0204552650606055e-09,-18.92810295505979,-0.011360952693287959,-9.269175681043057,-9.688075701407667,-0.029314387668775366,-0.04161932285915415,0.006157854493161974,0.9343057801357881,0.8713927389695137,-9.101846145888572
20181227,3.052,8.318632067798938e-05,-9.394427638582739,5.449117605683139e-09,-19.02781214859375,-0.011359219091871393,-9.363558035479183,-9.672115899686133,-0.024276965053493527,-0.04296909806564608,0.005541986474631111,0.9293663485864163,0.9159394943253095,-8.73086491152895
20181228,3.059,8.934372004537017e-05,-9.323019603715672,4.925135668334216e-10,-21.43149910882592,0.010767138983203585,-9.40173408037269,-9.66740928653663,-0.009435566993763356,-0.0556316959861487,0.0022909517465556917,0.9206903885047428,0.9272083170229763,-8.583614540982316
20190102,3.017,8.424686183973866e-05,-9.381759237618548,7.793661578849536e-09,-18.669955051700143,-0.010925052258504767,-9.256526834688623,-9.666973970992531,-0.025524945959635392,-0.059512654397598785,0.0022909517465556917,0.9046791722461768,0.9279188813222183,-8.48748218130167
20190103,3.017,0.00014110411212628202,-8.866012556183021,7.506088858438973e-09,-18.707551297982448,0.0,-9.34140939360559,-9.621894653100545,-0.01936709146647342,-0.06976596777593991,0.013825104991842307,0.8809721068007498,0.944589635013518,-7.810709760542457
20190104,3.094,0.00016829537817662,-8.689789918959095,8.799552798635779e-08,-16.245979842096343,0.010502502874685725,-9.131001791011816,-9.597426921719777,0.01137668698210792,-0.07019878058696327,0.0,0.7890721706583166,0.9343057801357881,-6.85687139391781
20190107,3.107,3.76598774759659e-05,-10.186915288166851,8.805183160411692e-08,-16.245340200356647,0.01057510736328848,-9.289499320928638,-9.58656101889371,0.017860516988699837,-0.06751124658229113,0.025201791973950227,0.32950101710639235,0.9293663485864163,-3.3565989486276355
20190108,3.107,1.3302348100041204e-05,-11.227569989444206,8.804632233784195e-08,-16.24540277076018,0.0,-9.670409398074344,-9.663893094044282,0.015569565242144146,-0.06298839852856464,0.004192878260036226,0.17669952668623143,0.9206903885047428,-1.9839063029713275
20190109,3.13,0.00018290571026789132,-8.606539782344633,8.133170532034941e-08,-16.324729917074734,0.010035618631055288,-9.515365507019562,-9.589890264242761,0.036770044375137756,-0.03515741876142253,0.0,0.17989125345906942,0.9046791722461768,-1.5482412293913226
20190110,3.133,8.082190139777388e-05,-9.423262572263368,8.133187378371903e-08,-16.32472784576448,0.010049307450686325,-9.62681551023563,-9.498244893525444,0.03772805179313066,-0.03203791598280925,0.007375374141151303,0.1338121716885669,0.8809721068007498,-1.2609472291861525
20190111,3.156,4.0999162857642985e-05,-10.101958909574687,1.2262261980357894e-09,-20.519324515605728,0.010055378790348653,-9.90924930835875,-9.520992458288939,0.019840650832753548,-0.015406687389005524,0.000958007417992901,0.07097045090335563,0.7890721706583166,-0.7169405788196863
20190114,3.129,2.8827235651569097e-05,-10.454189935352062,2.254333242773725e-09,-19.910411587193067,-0.01013197028278893,-9.96270423779579,-9.505405542029912,0.0070558342758346715,-0.028046583883446274,0.007314391013573118,0.04718793763489892,0.32950101710639235,-0.49331166269278104
20190115,3.188,8.83778182866214e-05,-9.333889544166947,2.6608037761143576e-08,-17.4420524953318,0.01095756849280683,-9.58396814874034,-9.468147553606894,0.025736130517058253,-0.012778730848169495,0.00859193829688265,0.046689148141591384,0.17669952668623143,-0.4357913516648615
20190116,3.129,1.6452424961051728e-05,-11.015037677571579,5.036995418914934e-08,-16.803870986676078,-0.010880944432215923,-10.06566772778573,-9.564185773053051,-0.0003195398653166315,-0.04834872690343661,0.018680296241223582,0.040169295528698454,0.17989125345906942,-0.442466303730121
20190117,3.112,5.115618293401571e-05,-9.880627194396473,5.05459562432482e-08,-16.800382889867684,-0.01036431540766387,-10.157140652212348,-9.55416082370905,-0.006725405653909444,-0.03628730675367953,0.018680296241223582,0.0720820450325088,0.1338121716885669,-0.7122158143759176
20190118,3.166,6.796810723603625e-05,-9.5964719740431,6.749142257504672e-08,-16.511265320104652,0.011117548044851775,-10.056043265106032,-9.550380884536445,0.0031635584751925627,-0.017843641374480468,0.005447858370599912,0.1271476749317658,0.07097045090335563,-1.2201690990474328
20190121,3.183,5.6548725794854625e-05,-9.780407888019315,6.656598848251293e-08,-16.52507207328902,0.010873266515426156,-9.921286855639483,-9.59591781319023,0.017110683613210442,0.0,0.017203355142675125,0.1831931497498461,0.04718793763489892,-1.7917037268444984
20190122,3.143,4.3832955610325886e-05,-10.035124612306616,4.7327881217416884e-08,-16.866166260195154,-0.010984579902400022,-10.061533869267416,-9.620131033087462,-0.014216003112538234,-0.0022246950221112005,0.005355186841135229,0.2641409292864941,0.046689148141591384,-2.650687140600438
20190123,3.135,6.194579948584763e-05,-9.689250757097621,2.2982614428986722e-08,-17.58852780124136,-0.010881612565696683,-9.796376485172624,-9.654982619028168,0.0019157093981387874,0.0025550956091797694,0.012646390484525094,0.4504100423637465,0.040169295528698454,-4.364135843977302
20190124,3.159,0.00010598831872209334,-9.152181670659722,2.3482988478108242e-08,-17.566989572483056,0.010610092752955479,-9.650687380425277,-9.65589363227415,0.014989915503802909,0.022731889657418458,0.002548583730546561,0.6781437365671257,0.0720820450325088,-6.206494675882343
20190125,3.183,6.606144433538858e-05,-9.624925274247477,6.621359164276056e-09,-18.832965176246905,0.010699292487525108,-9.65637804046615,-9.633944987192722,0.005355186841135229,0.028036242163396174,0.0076263477350642095,0.7830548433994364,0.1271476749317658,-7.536844353357136
20190128,3.179,0.0001519519584643316,-8.791946149811011,6.457373380434871e-09,-18.85804319929096,-0.010587622393408368,-9.45868569282449,-9.649869823020579,-0.0012574663712900946,0.032936630285268054,0.007568626480007445,0.8980666156702813,0.1831931497498461,-7.895753323916135
20190129,3.193,0.00012238168822063336,-9.008365805118725,1.4163457330549482e-09,-20.375185709715545,0.01048447672558473,-9.25333393138691,-9.61653063543834,0.015783155917214575,0.04287284856387874,0.0012574663712900946,0.9246255704490076,0.2641409292864941,-8.329365371371235
20190130,3.172,5.5564012026887995e-05,-9.797974831978072,1.7870831193597445e-09,-20.14268108849899,-0.010606934554260329,-9.275078746363,-9.634873689683582,0.01173312968771767,0.038565190350390965,0.004394231803979576,0.9311678090173653,0.4504100423637465,-9.123558757100309
20190131,3.202,5.8365554311568056e-05,-9.748784665576416,2.680899868272469e-09,-19.737113327038905,0.010732092391357936,-9.39439934534634,-9.654226647040888,0.013520092754574664,0.04568754940575648,0.006598609960043467,0.9452072690207092,0.6781437365671257,-9.214622130020452
20190201,3.255,9.724589132450785e-05,-9.238267824949395,1.6551384957932146e-08,-17.916796055365847,0.010533234275670602,-9.317067855486723,-9.647704310101382,0.022368127360576917,0.07592931548360848,0.009413310801921204,0.9668073762924027,0.7830548433994364,-8.931625477325845
20190211,3.3,0.00014031341000068288,-8.87163199452048,2.365870684850541e-08,-17.559534635489783,0.010724035697050723,-9.333005024428617,-9.64795973911672,0.03735578654376903,0.0896595082955105,0.0164166610860097,0.9782700817894558,0.8980666156702813,-8.678852156885503
20190212,3.324,4.0366900760183117e-05,-10.11750039691138,2.413560642984216e-08,-17.539577641576507,0.009671217565800371,-9.55483194278715,-9.712855669932734,0.040207963260556534,0.07170412484232735,0.01373019281190202,0.9789143236865627,0.9246255704490076,-9.904166058441033
20190213,3.393,0.00019388674313841554,-8.54823636763309,5.939383486858009e-08,-16.63907540605562,0.010350918896165769,-9.304884249918151,-9.638370264453926,0.06735218202949134,0.08805685539118246,0.007246408520767078,0.9895847238340385,0.9311678090173653,-8.459204125132276
20190214,3.397,4.794169912613611e-05,-9.945524886821492,5.782385895248914e-08,-16.665864361795084,0.010332254882293987,-9.344232294167167,-9.580095487061984,0.059117074603924014,0.08923505876753635,0.020545608808891336,0.9885779522151048,0.9452072690207092,-9.831926626318353
20190215,3.341,9.895717611081096e-05,-9.220823365949975,5.8566342498797645e-08,-16.653105665460163,-0.011195828158788734,-9.340743402367284,-9.608017468134953,0.026077887714087034,0.06523715882255776,0.0011782033763538813,0.9924556460270424,0.9668073762924027,-9.151258210555131
20190218,3.438,6.831280433505484e-05,-9.591413336995467,1.856401153979212e-07,-15.499455900951558,0.012443428651804098,-9.48469967086228,-9.615660684713687,0.04096743848822304,0.09289889499060289,0.01662252580382728,0.9942238322747929,0.9782700817894558,-9.536011724839193
20190219,3.429,0.0001436571021722242,-8.848081332952052,1.850980879677393e-07,-15.502379947146194,-0.012506018637025496,-9.230815858070414,-9.558666249412656,0.031099796487581655,0.08296327049715546,0.028619743586038027,0.9973178731968492,0.9789143236865627,-8.824349656852483
20190220,3.438,6.119466095635749e-05,-9.701450611526765,1.4947012616980563e-07,-15.716169289034468,0.01220299286555098,-9.46145870684915,-9.524450825602417,0.013175421158564626,0.09417644227391242,0.0026212334798743075,0.9975324048058795,0.9895847238340385,-9.677511358621764
20190221,3.434,0.00020467791015490062,-8.494072984383884,1.4947010810135612e-07,-15.716169409917825,-0.011815190966746363,-9.171168326361627,-9.486277345612278,0.010833073296836915,0.07433200154731501,0.0026212334798743075,0.9995780178148985,0.9885779522151048,-8.490488636905521
20190222,3.526,0.0002780444965126394,-8.187729397683793,2.31916808047898e-07,-15.276887115587874,0.011719309466710843,-8.964549532708393,-9.357763332890105,0.05389392060105891,0.1194506192889333,0.0011641444853738303,0.9999166300847903,0.9924556460270424,-8.187046787378147
20190225,3.775,0.0007111682579017851,-7.248601506507252,4.433760865064425e-06,-12.326262380325485,0.01754418073654972,-8.49598716661075,-9.238125801622413,0.09351047574033045,0.19313477638484278,0.026438321500394713,0.9999874347063773,0.9942238322747929,-7.248510425700969
20190226,3.69,0.00018017101913787262,-8.621604051817876,4.487551328850982e-06,-12.31420336603123,-0.01866461476842713,-8.450691710383914,-9.19381362333945,0.07335778457165243,0.15315749659361533,0.06823629872530956,0.9998729817991341,0.9973178731968492,-8.620508951182636
20190227,3.67,0.0003096725131118811,-8.079995228195212,4.487716374055269e-06,-12.314166588252611,-0.018849687465867827,-8.126400633717603,-9.11652213880199,0.06530175510582126,0.14236751376652323,0.022773924648552324,0.9998996317236398,0.9975324048058795,-8.07918425300116
20190228,3.663,7.103247870941443e-05,-9.552373338908293,4.487718663873416e-06,-12.314166078011462,-0.01846622670669287,-8.338060704622485,-9.094578899102066,0.06455672132139356,0.1531047259812468,0.005434795985956864,0.9992965999756867,0.9995780178148985,-9.545654199269455
20190301,3.738,0.0002441366562199562,-8.317782422974535,4.4237541863144495e-06,-12.3285218589601,0.01854735963353691,-8.364071309680634,-9.032239429369199,0.05838662505769254,0.17592153494848706,0.0019091782698015258,0.9998642805551099,0.9999166300847903,-8.316653538161372
20190304,3.777,0.0005619322348608673,-7.484129293880142,9.004971040636883e-08,-16.222903981250006,0.018554029590437292,-8.411176867155211,-8.956418866788308,0.0005296610293317183,0.1786745219103716,0.020268225236693693,0.999959532520376,0.9999874347063773,-7.483826430030438
20190305,3.809,6.4992424136349e-05,-9.641239846609796,3.7263036733838474e-08,-17.105263973917452,0.01855372068110156,-8.615104026113595,-8.957160438259322,0.03174022944403143,0.17954253919651153,0.010379334696948739,0.9991293194944283,0.9998729817991341,-9.632845407025812
20190306,3.835,0.00018087928010961812,-8.617680709936037,3.751686878837722e-08,-17.098475170758462,0.018438101689710353,-8.72264112246176,-8.949239281901368,0.04397777275274062,0.18760275289055395,0.00843664376614739,0.9996981913560966,0.9998996317236398,-8.615079819407379
20190307,3.793,0.0001432036814260394,-8.851242595485783,4.0455394033366197e-08,-17.023065851692856,-0.018889601873839874,-8.582414973777258,-8.942097317827145,0.0348747789100845,0.17219634897411673,0.006802747322752323,0.9997546623919912,0.9992965999756867,-8.8490710527995
20190308,3.661,0.0003529017604013994,-7.949320838909548,3.2152930953300673e-07,-14.95017713246909,-0.020836882616402964,-8.508722656964261,-8.858067590869483,-0.020814374895271825,0.14337403036549756,0.011012172112457641,0.9999403155722674,0.9998642805551099,-7.948846388244415
20190311,3.71,0.000138902569324772,-8.88173781071651,3.2545776268033653e-07,-14.938033145068252,0.0208789757017585,-8.788244360331536,-8.818656370194034,-0.017898167110975916,0.147256262044821,0.035420928568662635,0.9997796991621823,0.999959532520376,-8.879781156435532
20190312,3.735,0.0002565933684997015,-8.268017949843498,3.2485140274402083e-07,-14.939897981500764,0.020765982591104223,-8.513599980978276,-8.774554103143766,-0.019618868911686516,0.1375555429242481,0.013295542481244649,0.9998628223711451,0.9991293194944283,-8.26688376274581
20190313,3.713,9.18765990160659e-05,-9.295064196326226,3.246666892240431e-07,-14.940466752493416,-0.020851140837466562,-8.649076678256312,-8.793801021407663,-0.03232925962427635,0.11791770672250856,0.006715941965436789,0.9994376322816747,0.9996981913560966,-9.289836952282451
20190314,3.686,0.0001347947187666285,-8.911757538542663,3.22292947731176e-07,-14.947804929434298,-0.021018390006589224,-8.661179666867689,-8.738994527845449,-0.028615403459130384,0.10337298225442981,0.005907643389837514,0.9996339474882501,0.9997546623919912,-8.908495367311573
20190315,3.735,0.0002040417393472585,-8.497185980405309,1.3550435405276875e-08,-18.116847156906196,0.020812116925359062,-8.77075269516684,-8.736674055698732,0.020011484446681438,0.09603333278268766,0.007298315947311673,0.9998319765875885,0.9999403155722674,-8.495758254220986
20190318,3.85,0.00021298245063556122,-8.454300787031547,1.7644306335221144e-07,-15.550267599855111,0.02151542802958538,-8.685265290429848,-8.668891142071915,0.037041271680348986,0.12518045912124598,0.013205959337149187,0.9997939131062626,0.9997796991621823,-8.452558466443627
20190319,3.822,8.693178526172865e-05,-9.350386824310583,1.7660393919135263e-07,-15.549356243298522,-0.021143622554065083,-8.901739065323266,-8.674780390179217,0.023026027233300717,0.13450368244346178,0.030325329714912197,0.9992186854578649,0.9998628223711451,-9.34308123111016
20190320,3.822,0.00014938821895296362,-8.808962144111357,1.7636033369545607e-07,-15.550736584331814,0.0,-8.804518654880292,-8.639214426866301,0.02893367062313823,0.10588393885742375,0.00729930248161148,0.9992917855504464,0.9994376322816747,-8.802723509835326
20190321,3.824,6.581692248995737e-05,-9.628633571999849,1.7579290777494983e-07,-15.553959195086195,0.020522257778231266,-8.947893861571728,-8.674694074095749,0.036755135941523465,0.10902832170837162,0.0,0.9985744126022325,0.9996339474882501,-9.614907113321884
20190322,3.829,0.00014500622451335134,-8.83873388878678,1.6971060284619514e-07,-15.589171186715799,0.02053129061932463,-9.016203443248024,-8.635479677607567,0.024855853910376924,0.10771376553449996,0.0005231493710735613,0.9992579019568127,0.9998319765875885,-8.832174681663659
20190325,3.734,0.00013651732339903597,-8.899059040043575,8.025018862919137e-08,-16.33811672441953,-0.02148152563386194,-9.10515509385043,-8.653888134683008,-0.030593103180162062,0.083754282644247,0.001306677306002646,0.999197722814529,0.9997939131062626,-8.891919528003589
20190326,3.695,0.00015315555891475175,-8.784056428153542,8.211298174480698e-08,-16.315169711857443,-0.02106798118591528,-8.991889014619021,-8.68099390879527,-0.033793291417916205,0.04681647042448667,0.02512362737562679,0.9984883100894639,0.9992186854578649,-8.770777658677524
20190327,3.727,4.042380504427847e-05,-10.116091712757955,8.32187824328314e-08,-16.301792764202425,0.015167955266009042,-9.253314928348342,-8.811334372715756,-0.025170225320960027,-0.012796762203866718,0.010499490719365623,0.9950759402092146,0.9992917855504464,-10.066279472315266
20190328,3.717,7.616294300486905e-05,-9.482635525831897,8.322918884010664e-08,-16.301667723239664,-0.014351038876146506,-9.22411531911475,-8.85047216698912,-0.028380103874039886,0.007290433262679308,0.008623066096956178,0.996505707532289,0.9985744126022325,-9.449500423939934
20190329,3.869,0.00025440700837710197,-8.276575178225634,5.99294901862012e-07,-14.327512036339726,0.016586680557112675,-9.11168357700252,-8.85940761926323,0.010392403223218327,0.05280441365189703,0.0026867291820062977,0.9985716696704247,0.9992579019568127,-8.264753494873565
20190401,3.969,6.110618862089162e-05,-9.702897410158245,6.044184001099521e-07,-14.318999163414347,0.017264263137563345,-9.272451251025455,-8.866249622501865,0.06103412868139757,0.08023169000425101,0.04007918440326086,0.9963757545048374,0.999197722814529,-9.667731727929453
20190402,3.962,5.405820089921335e-05,-9.82544929737354,6.019898011379992e-07,-14.323025333412332,-0.016889142599545316,-9.480729824869455,-8.934779934974545,0.06976839387619416,0.05819823924298828,0.025518098082552454,0.9961309106613243,0.9984883100894639,-9.787433756249373
20190403,4.015,0.00014129731758773261,-8.864644252263382,6.071202092973067e-07,-14.31453902711286,0.016963800477219532,-9.23044033277054,-8.997530614901057,0.07443372690160355,0.06110730366840511,0.0017652255245690363,0.9985791872271118,0.9950759402092146,-8.852049252482656
20190404,4.062,0.00010053855753361483,-9.204969246991798,6.107788975211184e-07,-14.30853081311638,0.01702826656921012,-9.17490707700252,-8.977700133100239,0.0887585718430779,0.06430877566172577,0.013288399122365568,0.9991587809572148,0.996505707532289,-9.197225851572975
20190408,4.036,0.0003984625111341577,-7.827897139104982,9.505264790588899e-08,-16.168834910368552,-0.01711796345147806,-9.08517146917839,-8.941800879880645,0.04225802677298662,0.051084667672143036,0.011638115759468048,0.9998936052748497,0.9985716696704247,-7.827064292140362
20190409,4.06,8.465597032470155e-05,-9.376914922342372,1.0494432600357738e-08,-18.37242094894115,0.016868794895432568,-9.019974971615214,-8.965695076555946,0.02266879981271286,0.06802571090687937,0.006421360666830411,0.9994660067117833,0.9963757545048374,-9.371907712709662
20190410,4.066,0.00023205920385814232,-8.368518029809433,1.0493441830627813e-08,-18.372515362478257,0.01452937119081515,-8.728588718102392,-8.984749494324122,0.025910766929795548,0.10492338106805565,0.005928871122278689,0.9998517516016178,0.9961309106613243,-8.367277410414681
20190411,3.996,0.0002631547706715374,-8.2427682172331,2.244647575377064e-08,-17.612132217095784,-0.015130680341231531,-8.604213511096336,-8.955705421893057,-0.004743486612417858,0.07426198416696317,0.0014767415925136529,0.9998446092146581,0.9985791872271118,-8.241487367006433
20190412,3.982,6.404063806786739e-05,-9.655992706302207,1.8807711186290996e-08,-17.78899888172345,-0.01518015952435775,-8.69441820295842,-9.018795183550273,-0.019891257516188254,0.06403638705722403,0.017365854419847837,0.9990849102373696,0.9991587809572148,-9.647156606228636
20190415,3.957,0.00024923191012326336,-8.297126728994844,1.8782332709345792e-08,-17.79034915845479,-0.015191183197893067,-8.788264120936391,-8.973434389580664,-0.019767940088075253,0.06364598720834413,0.0035096551443023483,0.999767854119333,0.9998936052748497,-8.295200585203336
20190416,4.077,0.00019022067728571688,-8.567325700377435,1.7785761186344675e-07,-15.542282540123159,0.016046925305760167,-8.626346276543405,-8.95777839693679,0.004178450223475183,0.10081956458948493,0.00629804323871741,0.9994928340975883,0.9994660067117833,-8.562980644907347
20190417,4.067,8.944520829422332e-05,-9.32188431798298,1.7786393515938533e-07,-15.54224698818096,-0.015993466739862225,-8.817019534178112,-8.995264685008502,0.0002459117189326232,0.08515780834030684,0.029875261433829126,0.9976655744713189,0.9998517516016178,-9.300123073255667
20190418,4.06,3.594827889477039e-05,-10.233429349914879,1.5967645364103084e-07,-15.650116233791765,-0.014890665954368014,-9.215151760714468,-9.076134165139562,0.015889112827334184,0.05310982531394837,0.002455796912028907,0.9956466426378183,0.9998446092146581,-10.188879574914061
20190419,4.12,0.00017445006176765375,-8.653872036260738,1.689095619782576e-07,-15.593902401483158,0.014944809345054759,-9.014727626706174,-9.044474402046388,0.034068957719430415,0.07507931754335373,0.001722653311446276,0.9990077800530361,0.9990849102373696,-8.645285491807888
20190422,4.017,0.0001892500311947535,-8.572441500813158,2.507688892661198e-07,-15.198734081870343,-0.016146580441077196,-9.069790581069839,-9.033723463714653,0.015049192973858094,0.049761509559064,0.014670189747793883,0.9996160133484492,0.999767854119333,-8.569149797705645
20190423,4.01,9.98006212838438e-05,-9.212336149377217,9.144833501411896e-08,-16.2074916687912,-0.016165431129167608,-9.198792670869794,-9.014800853595439,-0.01657018251863862,0.04749424612932285,0.02531780798428973,0.9994169953711738,0.9994928340975883,-9.206965314759827
20190424,4.016,0.0001955620531637341,-8.539632821414822,9.144206001484446e-08,-16.207560289117335,0.01616500797573337,-9.042342371556163,-9.001205350533079,-0.012619244535659435,0.04768270989427048,0.0017441140586675896,0.999644231428817,0.9976655744713189,-8.536594688447519
20190425,3.933,8.772978524564178e-05,-9.341249089728018,1.29483363434575e-07,-15.859713431746178,-0.015846288221602424,-8.86390631951879,-9.021304898246008,-0.03178048016396873,0.0519224483301417,0.0014951410709502788,0.999063967353368,0.9956466426378183,-9.33250537561971
20190426,3.879,0.00010657727362878836,-9.146640261937101,1.2752631516087276e-07,-15.874943100225511,-0.015990013262116076,-8.962459964654062,-9.037785981599805,-0.06027577490360492,0.04859683405766502,0.020883888939755568,0.9990487874666582,0.9990077800530361,-9.137939863081977
20190429,3.894,0.00017836907298347557,-8.631655710562494,4.539669736253457e-08,-16.9078264798638,0.015931165984941553,-8.97430280660393,-8.97031161786365,-0.03109844842713727,0.043833286452886755,0.013825104991842307,0.9990421036857676,0.9996160133484492,-8.623387479371624
20190430,3.896,3.42683078163249e-05,-10.281289601285659,4.539486059359827e-08,-16.907866941091207,0.01590098880389941,-9.18809349698562,-9.00661407583882,-0.02884085553818916,0.047033494465173575,0.0038595184921779158,0.9969827107814812,0.9994169953711738,-10.250267977019229
20190506,3.673,0.0005084747545478971,-7.584094990614898,2.459288094585848e-06,-12.915638642346854,-0.0184586370488295,-8.996985930825634,-8.975137703674696,-0.08927761555189773,-0.05198730888084557,0.0005134788302805227,0.9998717153217181,0.999644231428817,-7.583122067428968
20190507,3.707,0.00013948635492938143,-8.877543775613265,2.422686655527216e-06,-12.93063344536452,0.017592933184785563,-8.904244868002683,-8.937621629377196,-0.05917956928107726,-0.06829124963233313,0.05894161894275829,0.9997661360383823,0.999063967353368,-8.875467638056465
20190508,3.659,0.00020207797123199974,-8.506856938842418,2.4211507399744863e-06,-12.931267618429715,-0.017715686267545428,-8.776288203383746,-8.87768561308033,-0.05838750242076052,-0.07955906223928966,0.009214157331064898,0.999868295400389,0.9990487874666582,-8.50573654665534
20190509,3.607,0.00024116058410537716,-8.330047522280248,2.429501183449644e-06,-12.927824595984028,-0.017436668934716706,-8.715966565727296,-8.853385761717458,-0.07656050502860601,-0.1071609454773228,0.013033038131525565,0.999917334869666,0.9990421036857676,-8.32935891781613
20190510,3.72,0.000695303655878723,-7.271161892885605,2.610592112433196e-06,-12.855933499357967,0.018735318521671002,-8.113941024047287,-8.765485427439904,-0.04622671749523333,-0.08795179487313765,0.014313484115667574,0.9999521489902429,0.9969827107814812,-7.270813960446922
20190513,3.652,4.750887352323218e-05,-9.954594053355269,2.198661483357632e-07,-15.330246892410193,-0.018983244309582505,-8.58804083659536,-8.862153468996734,-0.005733804104808282,-0.09997913975864048,0.030847266363653203,0.9978493814124614,0.9998717153217181,-9.93318551835272
20190514,3.634,0.0001089743714886463,-9.124397827338475,2.1854372563466046e-07,-15.336279725110465,-0.018838574643949002,-8.637411646940404,-8.85067541922383,-0.019888954194615893,-0.11084900363966188,0.018448705552333244,0.998626111287738,0.9997661360383823,-9.111861920157308
20190515,3.712,0.00015105869504212756,-8.797842087788815,2.534540825327426e-07,-15.188083164315042,0.019618905492320492,-8.695608676729682,-8.870190149131984,0.01438092888688458,-0.09108890028220062,0.004940992758742713,0.999018895565635,0.999868295400389,-8.789210485903642
20190516,3.73,5.5437055024556625e-05,-9.800262324541226,2.4516877939471607e-07,-15.221318968092623,0.019476739325167917,-8.989651637181879,-8.940985335827808,0.03353183173432206,-0.06888562713058288,0.02123684494997491,0.9982570951987755,0.999917334869666,-9.783181400282523
20190517,3.646,0.00019854158587229414,-8.524511979163128,1.1791207753216158e-07,-15.953326595869584,-0.019922675834549864,-9.240321654437382,-8.889554393685122,-0.020092992028583945,-0.08815352938553334,0.004837418731769905,0.9995675697429081,0.9999521489902429,-8.520825722256395
20190520,3.606,0.00015430743082195448,-8.77656364147894,9.770574902635602e-08,-16.141305435960973,-0.01997409089450504,-9.004715572062118,-8.911346980616218,-0.012675837951596547,-0.09288703762216177,0.0227775573992528,0.9996231810553214,0.9978493814124614,-8.773256466029654
20190521,3.651,0.00018489887969756795,-8.595701478553488,1.0231799123379462e-07,-16.095180312063665,0.018870613389031798,-8.898976302305119,-8.912636788715128,0.00466713269952046,-0.1103603211636166,0.011031551475345847,0.9993882790457996,0.998626111287738,-8.590443307843007
20190522,3.642,6.553988104356366e-05,-9.632851729715643,6.164456635495352e-08,-16.60188074820407,-0.018870533937342737,-9.065978230690485,-8.926771671066614,-0.019037833618537947,-0.1103726456196712,0.012401977892374294,0.9974827029255117,0.999018895565635,-9.60860298023745
20190523,3.584,6.2211294028628e-05,-9.684973998679112,7.481839289774455e-08,-16.408202087838166,-0.018998315738130225,-9.042920565518063,-8.901841882374079,-0.03992873854304002,-0.12470347850095709,0.002468121368083498,0.9970752221111004,0.9982570951987755,-9.656647600873209
20190524,3.59,9.608087986812228e-05,-9.250320222572922,2.098571757821886e-08,-17.679423745929242,0.018532098744940585,-9.188082214200021,-8.928953163570087,-0.015478473756283861,-0.1377009608612476,0.01605348619273217,0.9984195379767785,0.9995675697429081,-9.235700442758509
20190527,3.633,0.00029570575322627335,-8.126145675000648,2.2043293688799184e-08,-17.630257422411383,0.018408056247880104,-9.057998620904362,-8.908666989669518,0.007459628457939349,-0.10047660213808052,0.0016727073875033582,0.9996038405505282,0.9996231810553214,-8.122926425603712
20190528,3.65,9.122131368385636e-05,-9.302221985514342,1.7406845063635863e-08,-17.86640231362341,0.018505396673562557,-9.199302722296533,-8.912752709493933,-0.0002739350790996742,-0.09406407372407766,0.011906550738877364,0.9986196666555964,0.9993882790457996,-9.289381818330693
20190529,3.652,0.00012131573622670816,-9.01711402061223,1.73994414988105e-08,-17.866827729010584,0.018492426565690553,-9.076155180475851,-8.934456400366543,0.002741981427305751,-0.09501141965670601,0.004668414355335271,0.9978432563242263,0.9974827029255117,-8.997666416974544
20190530,3.65,8.33357443185885e-05,-9.392632997365592,4.11611516241204e-09,-19.308356040159985,-0.018129669039240015,-9.017686980213147,-8.936792032531885,0.018247672481715993,-0.07467532585527237,0.0005477951383219271,0.9954452608613377,0.9970752221111004,-9.3498520042374
20190531,3.632,7.640933126802632e-05,-9.479405732233866,4.234014499101126e-09,-19.280115239794366,-0.017984645599491558,-9.063504082145336,-8.951917735727195,0.011631258238859354,-0.06579392771878334,0.0005477951383219271,0.9928746722881059,0.9984195379767785,-9.411861859877693
20190603,3.64,0.0001782104952772389,-8.632545148605535,2.191845570912221e-10,-22.24110701456267,0.017958009572789792,-9.164783976866314,-8.95195816472915,0.0019249284095845809,-0.06745322530135867,0.00494370685535328,0.9906611729496494,0.9996038405505282,-8.551927302458365
20190604,3.607,8.07690457145706e-05,-9.423916763429801,1.5000811847445551e-09,-20.317746607139817,-0.01798381330062867,-9.189122932449404,-8.91298667209934,-0.011850765672998032,-0.07707398385888653,0.0022002209096025904,0.9732655991190693,0.9986196666555964,-9.171973994807747
20190605,3.599,4.17696456393768e-05,-10.083340663106766,1.5049242646084725e-09,-20.31452326253108,-0.013045293422401497,-9.402368260948313,-9.026588748121696,-0.014618933635828224,-0.020352737740636506,0.009107279727247342,0.9511281298485401,0.9978432563242263,-9.590548947526477
20190606,3.568,3.639859161521408e-05,-10.220980475959852,2.625009278334278e-09,-19.758181406305535,-0.012939690498269948,-9.568037756667163,-9.087654052682906,-0.02272195287663714,-0.03821770945083225,0.0022203728245082655,0.9456265602230813,0.9954452608613377,-9.665230609589187
20190610,3.614,9.484347768165671e-05,-9.26328262850582,7.891012326404363e-09,-18.657541405324793,0.013038063041860878,-9.524813135921555,-9.122037038576696,-0.004968268569010004,-0.012374693867032827,0.008650814379130845,0.9551947235800085,0.9928746722881059,-8.84823868977911
20190611,3.727,0.0001696493153317722,-8.681777102511278,1.8759956568952023e-07,-15.488956115464813,0.014261402943067195,-9.534659526702702,-9.138024746769016,0.02361993884847191,0.03272721857571925,0.012809977452273857,0.9589164659736422,0.9906611729496494,-8.325099017511002
20190612,3.699,2.0133357448057005e-05,-10.813132543941157,1.8687047337974216e-07,-15.492850115811933,-0.01276841831982578,-9.812502682804974,-9.299023412726086,0.025186110928914873,-0.00566115543473833,0.030788428327084505,0.9446816412446274,0.9732655991190693,-10.214967798606025
20190613,3.692,9.549351927672781e-05,-9.256452173756921,1.8686818700939933e-07,-15.492862350940836,-0.012116456271683796,-9.647124984935006,-9.267289690926162,0.02551228754371193,0.010893353907883707,0.007541107646804379,0.9625524683238293,0.9511281298485401,-8.9098208877712
20190614,3.67,0.00011159290038165031,-9.100653126692567,1.8600327337991142e-07,-15.497501564571339,-0.01214057075097438,-9.42305951508155,-9.266210386351348,0.028186447348715893,0.009857692092499537,0.0018941962097112075,0.9720478193537591,0.9456265602230813,-8.846270026496478
20190617,3.673,5.3848253388189144e-05,-9.829340589647613,1.806178944443374e-07,-15.526882117569974,0.011221308250731641,-9.536271107309906,-9.313096681890384,0.016193574667493493,-0.010562048086423914,0.005976654574126883,0.9740597677809917,0.9551947235800085,-9.57436521219243
20190618,3.681,7.49387557395193e-05,-9.498839368159052,9.091355039027423e-10,-20.81852696366084,0.011175500708771408,-9.699683560439462,-9.299395638418467,-0.0124191661002373,-0.013223779258840107,0.0008171047710514578,0.9814081047347564,0.9589164659736422,-9.322237941484866
20190619,3.735,0.0001604124796795834,-8.73776206206972,9.258902053483567e-09,-18.49768036405643,0.01045970301168842,-9.284609464065174,-9.30908882400513,0.00968530573446369,0.024117142328309304,0.0021756875593537117,0.9885307127336561,0.9446816412446274,-8.637546158914882
20190620,3.843,0.00038711844726385734,-7.856779846481631,1.413080957243431e-07,-15.772323254315863,0.011610020112680926,-9.004674998610117,-9.267280469687071,0.04008499494210116,0.06365418680158141,0.01456336418789661,0.9872782032173473,0.9625524683238293,-7.75682748990865
20190621,3.85,7.361527147221551e-05,-9.516658060924089,1.410550999419301e-07,-15.774115243172755,0.01141488736407495,-9.08787598545642,-9.3091421325221,0.04788148623321398,0.053072045626193054,0.028505492997926263,0.9181581749991536,0.9720478193537591,-8.737797397309045
20190624,3.856,4.614252526884786e-05,-9.983775576138786,1.4105618687452796e-07,-15.774107537471858,0.011365085024270753,-9.118762982754655,-9.325093216450423,0.048621609910768804,0.05709739544288284,0.0018198367169859342,0.8418527266433685,0.9740597677809917,-8.404868690967904
20190625,3.817,0.00021064753069090756,-8.465324291939275,1.4318751524262829e-07,-15.759110770280476,-0.010967387851865665,-8.9120599675107,-9.269654593416794,0.03628031936620868,0.0629852786504086,0.0015572284486062848,0.8074625240146597,0.9814081047347564,-6.835432119371899
20190626,3.818,4.100879507626495e-05,-10.101724000209574,1.341909488224836e-07,-15.824002060119414,0.010978796926753326,-9.18485235513867,-9.30835476512755,0.021978906718775226,0.06157452280336839,0.010165602985206412,0.5354607702252194,0.9885307127336561,-5.409076913754803
20190627,3.86,7.952554161176116e-05,-9.439432309767396,5.004493207563959e-09,-19.112929686536066,0.01094250505001052,-9.501382847795824,-9.368049612162404,0.004413871894032528,0.06060843023767459,0.0002619515404631567,0.4309404409641405,0.9872782032173473,-4.067833122022317
20190628,3.859,3.24841714646811e-05,-10.334757619123085,5.002300497571848e-09,-19.11336793081127,-0.010951899256878216,-9.665002759435623,-9.41498305005371,0.0023349342557887898,0.05568091496108152,0.010940458173183565,0.29575037334908005,0.9181581749991536,-3.056508424327902
20190701,3.954,7.205150961710025e-05,-9.538129283384317,7.496256116256112e-08,-16.406277032543347,0.011880263384752178,-9.575873500884729,-9.438665561997896,0.025097348000126196,0.07945276201570328,0.0002591009212578044,0.26434131912247677,0.8418527266433685,-2.521321676730534
20190702,3.96,2.6042438252186978e-05,-10.555783110130765,7.28278086037184e-08,-16.435167968367157,0.0118539732754463,-9.993965264523027,-9.49153602166904,0.03677925150329653,0.08151685767198913,0.02431964219294369,0.22947252489583517,0.8074625240146597,-2.4222622025345184
20190703,3.927,3.486205531513511e-05,-10.264111560484341,7.380858068574266e-08,-16.421790842644246,-0.011994607171380373,-10.026442776577982,-9.527204468407696,0.028149050292316735,0.07809231485682577,0.00151630051796392,0.23933063881231562,0.5354607702252194,-2.456516376611591
20190704,3.901,0.00011673336180024595,-9.055618182917904,7.13327132317131e-08,-16.45591080364382,-0.012188585794124003,-9.949679951208083,-9.54643506087644,0.010565747047780016,0.06924924887587003,0.008368249670516636,0.29350162930344736,0.4309404409641405,-2.657838691036328
20190705,3.921,4.3880378338077054e-05,-10.034043300486916,7.146948600030058e-08,-16.45399524756492,0.011880922297754191,-9.889537087480848,-9.574168085288129,0.01593864075471285,0.0834703213887924,0.006642845071353154,0.30928733886542564,0.29575037334908005,-3.1034025504680507
20190708,3.831,0.00022370751588165572,-8.405171091992111,5.965715172481863e-08,-16.634651800789317,-0.013161760103748671,-9.662945449202407,-9.497887650237463,-0.031601859029913415,0.06246983662161809,0.005113792785675031,0.35561898788998725,0.26434131912247677,-2.9890384367764136
20190709,3.822,4.418513365175628e-05,-10.027122168176968,5.96622150903159e-08,-16.63456692998191,-0.012966974872714856,-9.557213260811649,-9.489075908974604,-0.03547017944830788,0.06876863110031839,0.023220857591682575,0.3374069601488579,0.22947252489583517,-3.383220809805816
20190710,3.823,4.545218054267001e-05,-9.998849761755219,5.868144300337413e-08,-16.65114229291444,0.012795563433128541,-9.504160901065823,-9.522510778667758,-0.026840320881596824,0.05622026254423895,0.0023520199004305464,0.33931866429239,0.23933063881231562,-3.392796345619063
20190711,3.824,0.00012512293496558233,-8.986213824236648,5.8291998618205345e-08,-16.657800997979667,0.011135654021800284,-9.490280029329572,-9.536348811473458,-0.01993593533536453,0.025693374692033588,0.00026160889619442074,0.3610143081787687,0.29350162930344736,-3.2441517669032804
20190712,3.855,5.767603239192555e-05,-9.760668853901237,5.9005163484138026e-08,-16.64564088018975,0.011051445713948414,-9.435605140012438,-9.48850955283528,-0.016975716294901577,0.04130849416497595,0.00026154047487914056,0.35462047767490235,0.30928733886542564,-3.461333051396998
20190715,3.869,0.0003962699773132351,-7.833414818111169,8.905988312792476e-10,-20.839127035326506,0.011024357018893817,-9.32125388523625,-9.423826036669562,0.009870209999863988,0.04682775907777015,0.008074011826137983,0.35577032782641965,0.35561898788998725,-2.786896557839744
20190716,3.853,2.9645840418611302e-05,-10.426188731784912,9.434593776542644e-10,-20.78146780699727,-0.010966970897033381,-9.401067197957836,-9.484077655082851,0.008078219825939259,0.048660403577541755,0.00362506870308299,0.09031260137216977,0.3374069601488579,-0.941616226764699
20190717,3.847,4.8133125823725375e-05,-9.94153993132439,9.446381975101555e-10,-20.780219121521935,-0.010993020894758815,-9.389605231871672,-9.48917762515907,0.006258169055882279,0.04628485693262774,0.0041440100743552755,0.033022026433222586,0.33931866429239,-0.32828979439913186
20190718,3.822,8.512107773642135e-06,-11.67402096406801,1.3060148502227718e-09,-20.456285435389,-0.011145577234316709,-9.927166659837942,-9.588049515882203,-0.0005231493710735613,0.03758939142119733,0.0015584418738625594,0.002870082266332574,0.3610143081787687,-0.03350540054576629
20190719,3.862,6.390789148024108e-05,-9.658067706862589,2.806013267626932e-09,-19.691501126971215,0.010950996662748954,-9.906646430430214,-9.629881590645516,0.0018141769910298144,0.033437365421542076,0.0065197779520767,0.004065846182772304,0.35462047767490235,-0.039268217718903715
20190722,3.832,0.0001067897141094,-9.144648945913348,3.5111404512678827e-09,-19.467324937350913,-0.009302096339609486,-10.16889325599065,-9.688421095165138,-0.009609215609761801,-0.0028664514740928126,0.01041133818824136,0.004507929690293499,0.35577032782641965,-0.04122343449059393
20190723,3.841,1.7343099141332954e-05,-10.96231587470793,3.4582163394947563e-09,-19.482512889613677,0.009308022184561657,-10.276118684575254,-9.754132813973495,-0.0031193162802527485,-0.00234039893592497,0.0077983238977086256,0.0007909147402938181,0.09031260137216977,-0.008670257213063422
20190724,3.872,6.829528942655294e-05,-9.591669762630517,4.292087163457661e-09,-19.266492704029638,0.009464433819296337,-10.206144650836478,-9.736309822450393,0.006477545644172578,0.004140792666031512,0.002345889255153777,0.0011421425102878286,0.033022026433222586,-0.010955053780542678
20190725,3.907,2.5275872755560697e-05,-10.58566026326574,5.242120484243867e-09,-19.066539747905697,0.009347303371689038,-9.988472510676026,-9.832688730237958,0.021995970254852226,0.023305042309840873,0.008038420050562767,0.00030302229768184794,0.002870082266332574,-0.00320769109545422
20190726,3.912,2.563786024338009e-05,-10.571440383240601,2.8927186191514173e-09,-19.66106907833347,0.009345686832052473,-10.171147045951628,-9.854039474921187,0.012863568166248118,0.024322026869014968,0.008998646658602949,0.0001614838232536788,0.004065846182772304,-0.0017071166103840277
20190729,3.906,1.5481523278822725e-05,-11.07586329161923,2.1541637392108003e-09,-19.955863244754607,-0.009095659267242463,-10.557389915092802,-9.928422701368998,0.019126972345873128,0.011846648977747787,0.0012789360996372512,8.437649892983513e-05,0.004507929690293499,-0.0009345425671723102
20190730,3.924,4.688951360589688e-05,-9.967716498004725,2.237477580234048e-09,-19.917916685836868,0.009134237856972286,-10.358470039752163,-9.911739014045436,0.021378792339348696,0.016703459147634936,0.001534919718083616,0.00043432075684886865,0.0007909147402938181,-0.004329186173468367
20190731,3.896,1.8254360000986617e-05,-10.911106602305178,1.928398866504524e-09,-20.066575781187897,-0.007605491926395159,-10.622357407687096,-9.974147073996384,0.0061792163659579735,-0.01477733896813671,0.004597709248629345,0.0002971081035290682,0.0011421425102878286,-0.0032417781900143865
20190801,3.86,5.252787422618211e-05,-9.854166591622652,2.1023121512661e-09,-19.980228073487442,-0.007803488267051998,-10.476058673358477,-9.942255414064197,-0.012102632596194152,-0.025576841789649807,0.007161155922827955,0.0017373005520908132,0.00030302229768184794,-0.01711964906002088
20190802,3.801,4.43719440042501e-05,-10.022903180050028,1.3359499086663006e-08,-18.131038163054058,-0.008244482202708158,-10.366351232720362,-9.931291396771728,-0.028784562165458993,-0.03261158558876076,0.009283202303549176,0.0032070427268524456,0.0001614838232536788,-0.03214387874552569
20190805,3.735,6.325843799406812e-05,-9.66828203223373,3.2186492493001166e-08,-17.251718960200662,-0.008870728256648457,-10.084834980843263,-9.95913975355881,-0.04476601386970658,-0.04348511193973881,0.01540299346962759,0.006357785184297979,8.437649892983513e-05,-0.06146886026214996
20190806,3.696,0.00015523414676633972,-8.770575956591173,3.452504686541869e-08,-17.18158078021769,-0.008900849401287422,-9.845406872560552,-9.901709419745368,-0.05986038792367876,-0.059095569530756675,0.0175163714223312,0.009089416898518282,0.00043432075684886865,-0.07971942130957796
20190807,3.672,3.699657993957362e-05,-10.20468508365792,3.435932386285562e-08,-17.18639241805495,-0.007696706678313231,-9.704122568831101,-9.983505510275632,-0.059213913022044595,-0.04238939296026789,0.010496664805342837,0.0027923502772725017,0.0002971081035290682,-0.028495055222830752
20190808,3.726,1.668057201926068e-05,-11.001265867901026,4.195844806574419e-08,-16.98658604014273,0.008462463352036091,-9.933542424086776,-10.027784769353998,-0.0353319112973427,-0.025438573638684625,0.006514681021193791,0.0006126038676349985,0.0017373005520908132,-0.006739418019557067
20190809,3.697,6.419965061701957e-05,-9.653512789385665,3.1446200839949595e-08,-17.27498766109847,-0.00857244772365037,-9.859664345953904,-10.012087634246292,-0.027742510052616964,-0.0335137747597809,0.01459879942115272,0.001454617124262426,0.0032070427268524456,-0.014042165012726726
20190812,3.756,5.289377721947325e-05,-9.84722485892152,2.5186203138655998e-08,-17.49696948685665,0.009335686491658786,-9.89545291129146,-10.05122449945924,0.00560674276123585,-0.017942433843138428,0.007813592224901855,0.0013278242473559712,0.006357785184297979,-0.013075383936842476
20190813,3.724,2.7985592431255522e-05,-10.483820736245042,2.383017746461121e-08,-17.552313098754333,-0.009254542448306926,-10.238101867222234,-10.084095039565776,0.007547205635382914,-0.034572647600472184,0.015832881391521614,0.0008676535307290884,0.009089416898518282,-0.009096324077333842
20190814,3.738,2.2184283134649945e-05,-10.716126486720617,2.3509578599283233e-08,-17.5658578988731,0.009257984925488521,-10.340390147834773,-10.215127388138933,0.017814236275127016,-0.03444536668500486,0.008556201931195773,0.0018646053695497368,0.0027923502772725017,-0.019981346987913418
20190815,3.753,0.00010021726271209255,-9.20817010159663,1.4476576976424137e-08,-18.050733874590726,0.009312767830306106,-9.981770994573894,-10.159762904948558,0.007220247973487082,-0.026296545491136802,0.0037523496185503102,0.011101361006858155,0.0006126038676349985,-0.10222322051038193
20190816,3.769,9.384233086779135e-05,-9.27389451518295,1.3796610913533078e-08,-18.09884286092029,0.009384155497860478,-9.905847339733352,-10.129415386033036,0.019288034330503523,-0.020483909485159657,0.004004811119512786,0.013885585841617549,0.001454617124262426,-0.12877345837667903
20190819,3.859,0.00012123760228457161,-9.017758282573897,6.325223688455117e-08,-16.57613534420048,0.010642544041447863,-9.739954024463827,-10.00867617323785,0.027053521209465137,0.00963423673740027,0.004254194132114586,0.012222756879238343,0.0013278242473559712,-0.11022186708363865
20190820,3.843,1.7729271124234567e-05,-10.94029354846743,6.223993348109506e-08,-16.59226902582532,-0.010443768230999375,-9.831248586908305,-10.06695916603807,0.031454952167886185,-0.004931872423615813,0.023598368270483228,0.0010472396252930885,0.0008676535307290884,-0.011457108916293425
20190821,3.842,8.636347487026314e-06,-11.659530809087121,6.220028439954492e-08,-16.59290626487178,-0.010306190769500744,-10.019929451381605,-10.181271978000515,0.027442355312993882,0.00260620423775082,0.004154770972774724,5.23507454525505e-05,0.0018646053695497368,-0.00061038512948269
20190822,3.85,2.106115281898411e-05,-10.768080313013774,6.215258177726896e-08,-16.593673478786222,0.010303610670263882,-10.331911493665036,-10.172443088832598,0.025517628146809024,0.00234039893592497,0.00026024723634199276,0.00024293135041488675,0.011101361006858155,-0.0026159042918163927
20190823,3.877,6.53674422843427e-05,-9.635486247855257,6.256412804688477e-08,-16.587073757482127,0.010267490553901302,-10.404229840199495,-10.174434747251905,0.02825194440379364,0.0012904892744614038,0.002080083953327927,0.0015072003633046424,0.013885585841617549,-0.014522608373384328
20190826,3.834,2.74725021009353e-05,-10.502324977151213,3.634956868594251e-09,-19.4326685916175,-0.010330648379861813,-10.70114317911496,-10.170646779701245,-0.006499437932028895,-0.01886117144948085,0.006988510389099201,0.0017547797409779818,0.012222756879238343,-0.018429267103071995
20190827,3.874,0.00013287002755766583,-8.92613914395786,5.896166032552021e-09,-18.948963522253692,0.010598952673114026,-10.298312298213045,-10.095860359733846,0.00803425340209718,-0.009761187187766751,0.011153014065339306,0.005525212518081352,0.0010472396252930885,-0.04931881573633193
20190828,3.862,2.695269811195536e-05,-10.521427150149046,5.914692345911733e-09,-18.94582635339425,-0.010611897924247583,-10.07069156642543,-10.070658716939748,0.005192119659957806,-0.011328648448164502,0.010378920361351351,0.003405286516488813,5.23507454525505e-05,-0.035828474008621866
20190829,3.851,5.010897786226527e-05,-9.90131036708004,5.924186382912767e-09,-18.944222478693998,-0.010559719713304605,-9.897337577238684,-10.067640256443172,0.00025970653307894054,-0.018778686870344785,0.003102380978481367,0.005600839326144361,0.00024293135041488675,-0.05545564848430275
20190830,3.861,0.00011864693453989227,-9.039358411573932,5.456177925888831e-09,-19.026517305886973,0.010486799170512352,-9.778112009982419,-9.982560793228116,-0.0041354414066927525,-0.009024168498189322,0.002852329173550938,0.009338257970536081,0.0015072003633046424,-0.08441186073541264
20190902,3.904,8.765219824774458e-05,-9.342133867074164,5.37098820670273e-09,-19.042253921761354,0.010564500118684218,-9.546073787967007,-9.959286578475911,0.018093023927393315,0.011334485074106615,0.0025933624493275076,0.0069921783788136505,0.0017547797409779818,-0.06532186643733873
20190903,3.908,1.4370003556004227e-05,-11.150367610413092,3.0504028313937684e-09,-19.60799217918153,0.009948405043912468,-9.990919481258056,-10.010534961674232,0.008738169195732226,0.02776154417342447,0.011075451268746761,0.0009239702161491754,0.005525212518081352,-0.010302607571136149
20190904,3.957,2.6515939925796598e-05,-10.537764499170867,7.853150190516466e-09,-18.6623510874957,0.009284714610858362,-9.994186951062419,-10.050056891989556,0.024300978396964545,0.05773834381850662,0.0010240656296902628,0.0013460531689643879,0.003405286516488813,-0.014184391297909372
20190905,3.994,0.00017153120487600637,-8.670745355279877,9.340572325999714e-09,-18.48889830970938,0.008904227721079,-9.748073948702388,-10.045519137384495,0.036460380160851846,0.07754208121418582,0.012460428222750952,0.0051768889904297895,0.005600839326144361,-0.04488748616856863
20190906,4.021,2.5220083336491485e-05,-10.587869923051855,9.743620924809245e-09,-18.446653030182954,0.00863696898664238,-10.057776250997971,-10.062936630084222,0.04060441063303766,0.09079415515689293,0.009307072590336363,0.0012737656221168746,0.009338257970536081,-0.01348646471942869
20190909,4.037,4.622822963793804e-05,-9.981919915355888,6.7839920074013545e-09,-18.808700116611785,0.00831457081676048,-10.185733460654316,-10.016602723150353,0.033500173319957804,0.08016656969140712,0.006737392921513319,0.0009353926872754621,0.0069921783788136505,-0.009337014893793197
20190910,4.026,3.63324113084357e-05,-10.222800341557281,6.794857034913108e-09,-18.80709982931253,-0.008047275982629424,-10.000220006883154,-10.042479430067244,0.029747593037063425,0.08525164726310486,0.003971213955666908,0.0005256165398047948,0.0009239702161491754,-0.0053732729426446135
20190911,3.997,2.5334986037110928e-05,-10.583324270166969,2.5198461761883063e-09,-19.799067978481286,-0.00791644752038871,-10.009331961082374,-10.075938494214764,0.010057917325899224,0.062189518383169995,0.002728514653204117,0.0003197365931136317,0.0013460531689643879,-0.0033838760459599993
20190912,4.038,4.10188297723346e-05,-10.101479333948951,3.188672382409121e-09,-19.563661187840005,0.007637453891385398,-10.29547875681619,-10.058559339564942,0.010956284897022162,0.08095116047582507,0.0072292474884132485,0.0007267528481009711,0.0051768889904297895,-0.0073412788759805005
20190916,4.024,4.5568989676083653e-05,-9.996283123746556,2.8056772161869966e-09,-19.691620895315996,-0.007788047351268667,-10.177161396955128,-10.025839186702486,0.0007458048823012486,0.07372572376406716,0.0102054401614593,0.001278922571796507,0.0012737656221168746,-0.012784472121027967
20190917,3.951,9.290056267897825e-05,-9.283980855338516,2.5224077857583943e-08,-17.495466828061414,-0.009049541170403403,-10.037573584951655,-10.029285130054388,-0.02153313044155003,0.05141319127637001,0.003473087093207594,0.0020518782181929707,0.0009353926872754621,-0.019049598095189645
20190918,3.968,2.1325850612818534e-05,-10.755590577324897,2.5280954998068443e-08,-17.493214491558952,0.009049941354273032,-10.144131632105177,-10.096634951060839,-0.014511137794973372,0.05145247513762796,0.01830772136818437,0.0003648311070733863,0.0005256165398047948,-0.003923974017553525
20190919,3.987,3.223422479298752e-05,-10.342481788103008,2.4838828719410867e-08,-17.510857733995653,0.007739204670279147,-10.095963135692385,-10.156849655857618,-0.0025050113299684984,0.03263098584373636,0.004293477993372541,0.00024676355426710503,0.0003197365931136317,-0.002552147565975102
20190920,3.993,1.1288158141819594e-05,-11.391756333783016,2.2670364878256197e-08,-17.602207277353315,0.007636251462764555,-10.354018535659199,-10.177370691553781,-0.011206691809561464,0.03828951649837742,0.004776878976591625,7.15409397422585e-05,0.0007267528481009711,-0.0008149769534336623
20190923,3.958,5.63346555416117e-05,-9.784200660831884,2.3842827389180443e-08,-17.551782403242065,-0.007953504852259872,-10.311602043076265,-10.092128412087634,-0.0165375856170642,0.029745782834009082,0.0015037596818663346,0.00080021965063301,0.001278922571796507,-0.007829509634534156
20190924,3.961,5.847214014775137e-05,-9.746960153953795,1.3747506699920046e-09,-20.40499345318522,0.00795273799174337,-10.40419790279932,-10.04571385940309,0.002527807210525701,0.028423370340086684,0.008803980900710329,0.0008403657352992941,0.0020518782181929707,-0.008191011336710302
20190925,3.934,1.1784706001536442e-05,-11.348707968723467,1.744515477127377e-09,-20.166788983384997,-0.00802718620358953,-10.522821381079035,-10.123587573988008,-0.008605469455758907,0.014595061278075416,0.0007576714594055289,0.0001008002995421266,0.0003648311070733863,-0.0011439531626634446
20190926,3.907,5.0189628326597644e-05,-9.899702159652653,2.0902884798301083e-09,-19.98596375186792,-0.00777573200527928,-10.434265455388964,-10.096195627738073,-0.020269252326284404,0.01886117144948085,0.0068397986729120674,0.0005090914073610299,0.00024676355426710503,-0.005039853304912596
20190927,3.916,1.706098453870716e-05,-10.978716307207938,2.094871459605645e-09,-19.98377364125148,0.007490181637862866,-10.351657450073947,-10.189494589703987,-0.019472103412820463,0.010783159683459775,0.006886903893933871,0.0003472596237106539,7.15409397422585e-05,-0.003812464893667048
20190930,3.869,5.69547337096945e-05,-9.77325375107422,5.144670598590901e-09,-19.08530449330749,-0.007926651416951504,-10.349468068122416,-10.155486707927857,-0.0227427714619981,0.0018108917120531753,0.0023009085953302755,0.002347267524586813,0.00080021965063301,-0.02294044113944277
20191008,3.894,6.246877560819574e-05,-9.680843716327585,5.4887942329240095e-09,-19.020557235251296,0.008009996426478984,-10.336244780597173,-10.145465496530019,-0.017059611689771437,0.011104052117236307,0.012074648949887967,0.004201886151544156,0.0008403657352992941,-0.04067780314690014
20191009,3.905,5.395100596863116e-05,-9.827434220120141,5.063731161675606e-09,-19.10116224165049,0.008012967744263449,-10.031990030876509,-10.18128712419121,-0.007398936675218293,0.011331566009549876,0.006440831231632194,0.005495257275524478,0.0001008002995421266,-0.05400427939785343
20191010,3.933,6.22247628343331e-05,-9.684757521138804,5.13497756418732e-09,-19.087190362769725,0.00780747161423217,-9.989001103173738,-10.196860926648695,0.006632677376738894,0.00740082489882643,0.0028208763416410765,0.0073746395111763275,0.0005090914073610299,-0.07142159547155233
20191011,3.981,9.950077797125799e-05,-9.21534509502368,9.460011527673925e-09,-18.476192235313185,0.008203109025219967,-9.636326860736887,-10.108905357767357,0.016462319349916266,0.018507309837643815,0.007144710158023315,0.008919126460782372,0.0003472596237106539,-0.08219282828226675
20191014,4.01,8.195682407277775e-05,-9.409317985066451,5.763716469944835e-09,-18.971683349827316,0.00792239930489012,-9.563539707535332,-10.057612334398975,0.035795165600101875,0.013305078915190505,0.012130550568507648,0.006112162360702841,0.002347267524586813,-0.05751127922820746
20191015,3.997,7.784506852299503e-06,-11.76337510056792,5.44176235870154e-09,-19.029162865546635,-0.007715155322425212,-9.980045984383398,-10.19818641373025,0.0261071727791784,0.0007508447355628611,0.007258197300297642,0.0003274966158021572,0.004201886151544156,-0.003852465535847354
20191016,3.983,7.231180112340556e-05,-9.534523217729088,5.459413130719138e-09,-19.02592453818282,-0.0075996318446817455,-9.921463783905189,-10.15030701803376,0.019777520907858115,-0.009495323715629667,0.003247161589291281,0.0012040333836844698,0.005495257275524478,-0.011479884251660492
20191017,3.989,1.953716707547106e-05,-10.843191902644858,4.939283073651699e-09,-19.126045643069645,0.007549622336046161,-10.1531506602064,-10.189455744728713,0.01413807947359702,-0.011961268947534354,0.003508775529679209,0.0007125021210276216,0.0073746395111763275,-0.007725797229343993
20191018,3.931,0.00014133687877149632,-8.864364306067687,9.812975577967438e-09,-18.4395602884679,-0.008119929314515176,-10.0829545024152,-10.127708652206458,-0.012639197578456773,-0.023879480777876383,0.0015052687237622209,0.002987914041874723,0.008919126460782372,-0.026485958582392725
20191021,3.94,1.3784895047974676e-05,-11.191937127012261,9.26337917947003e-09,-18.497196932667244,0.008030027164959966,-10.439478330804363,-10.155372872972153,-0.017610518008635223,-0.014363356419343942,0.014646726483546146,0.0002894590186636799,0.006112162360702841,-0.003239607137730574
20191022,3.955,3.5889893888615154e-05,-10.235054809381568,9.282841106806884e-09,-18.495098183253056,0.007728016268043431,-10.133814272567092,-10.161444485491819,-0.01056347850956918,-0.02076891867102848,0.002286876870119192,0.0004638370860461567,0.0003274966158021572,-0.004747397998306248
20191023,3.934,3.6939876373880115e-05,-10.206218929872302,9.413199669577368e-09,-18.481152912497794,-0.007766834760519251,-10.268153414995734,-10.170987022133897,-0.012378584232639822,-0.022619712830570737,0.0037998779097747626,0.0007727076151392825,0.0012040333836844698,-0.007886423088891027
20191024,3.939,5.3924684821642544e-05,-9.827922210460098,9.412693427014846e-09,-18.48120669401669,0.006747398530008411,-10.065099476558784,-10.195711629184878,-0.012613688934500544,-0.0030418274404848678,0.005323881252749851,0.0015979168959005282,0.0007125021210276216,-0.01570420295169026
20191025,3.963,8.990378859225403e-05,-9.3167704750804,4.806641391846093e-10,-21.455852345050037,0.006813460726785684,-10.155580710361324,-10.130310715446493,0.008107467768574628,-0.001260875214328383,0.0012701640219014987,0.0021441010954348074,0.002987914041874723,-0.019976097781534558
20191028,3.986,2.2202239041787055e-05,-10.715317416433685,6.994872042907946e-10,-21.080673614641082,0.0068508856533257495,-10.06025676824561,-10.147257789461522,0.011607498480760592,-0.000250846608614852,0.006074430219529026,0.0003282110379449296,0.0002894590186636799,-0.0035168854511570813
20191029,3.973,6.392479726665038e-06,-11.9603883012112,6.805665493756959e-10,-21.10809550379762,-0.006876095303525048,-10.405323466611538,-10.173104697071894,0.004540875612844664,-0.005021351248622352,0.005786907582305156,1.5116608591994619e-05,0.0004638370860461567,-0.00018080050855768116
20191030,3.947,2.1818105812398957e-05,-10.732770391025102,8.915559722436254e-10,-20.838052896251142,-0.006758721076667052,-10.510633758842097,-10.21622150298977,0.0032990767138425525,-0.002783050499663986,0.0032667449581411656,0.00011471126401581397,0.0007727076151392825,-0.0012311696579459914
20191031,3.945,2.394920642461687e-05,-10.639575369327845,8.910486125381363e-10,-20.838622130419527,-0.006756220189350026,-10.672964390615647,-10.256794921870407,0.0015220703090685905,-0.004047564341941978,0.0065656801517519625,0.00032165080148452093,0.0015979168959005282,-0.0034222279449992693
20191101,4.026,9.285462946525831e-05,-9.28447541179345,3.474578528060497e-08,-17.175207559180524,0.007871978056026196,-10.666505377958256,-10.16296616928268,0.015772013009301755,0.02311660725073228,0.0005068423828724633,0.001539234709063554,0.0021441010954348074,-0.01429098680927961
20191104,4.039,1.3031890408433523e-05,-11.248111096120276,3.454309471041064e-08,-17.181058170372083,0.0076792791321116756,-10.773064113895575,-10.224257484576661,0.013208914790672655,0.033227320508342206,0.02032437291976219,0.0004810385641256644,0.0003282110379449296,-0.005410775210803651
20191105,4.062,0.00013150642705499506,-8.936454832597867,3.472824527927876e-08,-17.175712496106094,0.0077294321614565994,-10.168277420172908,-10.131427417548933,0.022153986325730957,0.03660473848992907,0.0032238093636760556,0.003060590449254579,1.5116608591994619e-05,-0.027350828310843962
20191106,4.045,2.7912286099266016e-05,-10.486443604086976,3.441845656287031e-08,-17.184672888456323,-0.007228813227908063,-10.119012062785284,-10.16384513814042,0.02452575382974498,0.044485474792079094,0.0056783265769171365,0.0010422059205854092,0.00011471126401581397,-0.010929033610064443
20191107,4.05,5.056510756567749e-05,-9.892248793337064,3.441890912511875e-08,-17.184659739718168,0.007162176906948408,-9.969546747587126,-10.173454459822668,0.0262679268206103,0.03927997416843976,0.004193912647737941,0.001027726622444232,0.00032165080148452093,-0.01016652744075433
20191108,4.034,3.89219866489154e-05,-10.153951257526906,3.4097474842747535e-10,-21.799212692919312,-0.00726066871900091,-10.143441916733817,-10.18829614334116,0.001985112314420334,0.032500656240370907,0.0012353306079928572,0.0007004052420527638,0.001539234709063554,-0.007111880688320097
20191111,3.967,3.703442530769837e-05,-10.203662664165028,1.6056037602724856e-08,-17.94718088348172,-0.008109863542199025,-9.934552230342769,-10.211882740751442,-0.017986995049082743,0.00860764808252057,0.0039584415864277744,0.0005837212429723301,0.0004810385641256644,-0.005956094653196768
20191112,3.962,5.363943371884786e-05,-9.833226056674981,1.584861633501602e-08,-17.960183637909097,-0.007677845145159442,-10.113906475158192,-10.239968239008318,-0.024926514881833617,-0.004784095741820815,0.016748297999827022,0.000661479958121252,0.003060590449254579,-0.006504481960166171
20191113,3.959,1.6823870528668626e-05,-10.992711815226594,1.5786808275000016e-08,-17.964091164956535,-0.0074941917542523774,-10.215160117386114,-10.31194068583378,-0.02149008238646144,-0.01279977319448422,0.0012611932558337369,0.00010915114983167662,0.0010422059205854092,-0.0011998671344002397
20191114,3.962,1.8106892559448276e-05,-10.919217887790676,1.5786408358160478e-08,-17.964116497620243,0.007474979634960811,-10.420553936276837,-10.273569903434813,-0.021967932842088533,-0.008795131452827176,0.0007574801523657637,0.00010262957955685953,0.001027726622444232,-0.0011206347409136968
20191115,3.943,3.862094743822051e-05,-10.161715748944246,1.5844100507118293e-08,-17.96046861366241,-0.007505755484631645,-10.422106834560307,-10.302078654853686,-0.022816584636530024,-0.010093449304017232,0.0007574801523657637,0.0004212692675731512,0.0007004052420527638,-0.004280818550844298
20191118,3.971,4.542451136853884e-05,-9.999458700624015,6.08859043514165e-10,-21.219434330650408,0.0076674018240286265,-10.381266041852102,-10.26372714567092,0.0010078106169213452,-0.004522620774155106,0.004807093380869265,0.0006622692689002666,0.0005837212429723301,-0.006622334203060676
20191119,4.011,3.57944372530305e-05,-10.237718060624525,2.626522319568759e-09,-19.757605177733684,0.007247255007291025,-10.462164442642012,-10.326152316332594,0.012291638511556569,0.020146740348192527,0.007076097253624347,0.0006696699900739218,0.000661479958121252,-0.006855892552038036
20191120,3.97,4.30931365835938e-05,-10.052146817535387,4.855258245863562e-09,-19.143203544884784,-0.007619356397522492,-10.274051443103769,-10.274343665901826,0.002774626575105632,0.007585371389256634,0.010022634638801486,0.0010808754985070891,0.00010915114983167662,-0.01086511920247001
20191121,3.95,2.6343028404806537e-05,-10.544306894651168,4.9853210529245825e-09,-19.11676803181014,-0.0076617717859670835,-10.199069244475869,-10.288400578868627,-0.003033369363328653,-0.0012650223065866495,0.0102744920888167,0.0017655863929241004,0.00010262957955685953,-0.018616884776011876
20191122,3.908,0.00020770190818555806,-8.479406639904584,7.49017743176408e-09,-18.709673350543785,-0.007918516150884621,-9.862607422667935,-10.209909111142823,-0.008916120714953735,-0.006630985786331145,0.005050515786068521,0.007134992656431858,0.0004212692675731512,-0.060500504106618745
20191125,3.936,2.655974455330855e-05,-10.536113851124108,7.5083174806522e-09,-18.707254433467227,0.00807137390243141,-9.969938452767954,-10.242099640263913,-0.008852972959107364,-0.0007619047987619254,0.010689844732494347,0.001570211062339275,0.0006622692689002666,-0.016543922523101134
20191126,3.942,3.236171310902666e-05,-10.338534528082914,5.491224889373755e-09,-19.0201144934924,0.007964963102594244,-9.990101746259631,-10.288543460854935,-0.01735237805738743,-0.005313105477769531,0.007139245009470718,0.0006900507190409121,0.0006696699900739218,-0.007134113184932911
20191127,3.936,3.472203870965898e-05,-10.268135951299826,3.263499811068474e-09,-19.540465655745578,-0.007853192979741961,-10.033299573012519,-10.268217030621578,-0.00860111550909215,-0.012623242600596107,0.0015232295405214202,0.0005957708580689475,0.0010808754985070891,-0.0061174561664745055
20191128,3.93,3.866793558500175e-05,-10.160499839210987,3.134454437251361e-09,-19.58081070121063,-0.007833510002106997,-9.956538161924483,-10.186403918712479,-0.0050761530318608195,-0.010882050951292133,0.0015232295405214202,0.0008804983877736232,0.0017655863929241004,-0.008946303727399432
20191129,3.887,8.742879368830353e-05,-9.344685882324015,3.4528901929731463e-09,-19.484054219515343,-0.008051291850121246,-10.12959401040837,-10.123309168316974,-0.005388082310450182,-0.01531814481062388,0.0015255533088371909,0.0016279436232096913,0.007134992656431858,-0.015212621793027008
20191202,3.895,1.8536923790367465e-05,-10.895745934442935,2.936900011327602e-09,-19.64591122980125,0.008072676008091723,-10.201520427072136,-10.134953284913115,-0.010471299867295336,-0.012755274975125852,0.01100177401108371,0.0002859010596271026,0.001570211062339275,-0.0031151053080849304
20191203,3.911,4.5163742480145855e-05,-10.005215950545482,2.9923063713424134e-09,-19.627221385237338,0.006695681919876107,-10.134856711564648,-10.167714218492753,-0.007895112957151396,-0.02898023144422268,0.002056027452625564,0.0004083231628795958,0.0006900507190409121,-0.004085361422220113
20191204,3.913,1.793309908033485e-05,-10.928862441984819,2.9912433428010702e-09,-19.627576702265962,0.006632757208966463,-10.267002009701647,-10.15320291603205,-0.005860635961731697,-0.03169279335300046,0.004099416450665361,9.322876752400148e-05,0.0005957708580689475,-0.0010188843759055938
20191205,3.942,1.6142274704391242e-05,-11.034068969217104,3.5846781985929413e-09,-19.446597130217253,0.00672919235142181,-10.44171583570287,-10.248549013151107,0.003048782849358611,-0.029987254427664478,0.0005112474548982782,5.402635824399125e-05,0.0008804983877736232,-0.0005961305630198306
20191206,3.966,1.3133376745431611e-05,-11.240353724844242,9.260661463989697e-10,-20.800075451437245,0.006877735600891755,-10.820849404206916,-10.28281765500371,0.02012037822751811,-0.019723520412850748,0.0073838655022531174,4.118584480972762e-05,0.0016279436232096913,-0.00046294346411787873
20191209,3.953,3.0584805947871894e-05,-10.395007209972826,9.45732618571739e-10,-20.779061231043997,-0.006878509518660189,-10.720701659312896,-10.305670310305334,0.014781104991836713,-0.024242096803899438,0.0060698213670757895,0.00015405933407179324,0.0002859010596271026,-0.001601447888439903
20191210,3.956,1.0337426743890966e-05,-11.47973958408301,8.893158110863028e-10,-20.840568700431813,0.006858717866729299,-11.0156063860204,-10.365933416057885,0.011440317987088555,-0.01952502577155446,0.0032832457830558326,2.6336142007231827e-05,0.0004083231628795958,-0.00030233205189245056
20191211,3.9,1.4444018990500862e-05,-11.14523013978249,9.152071148343523e-09,-18.50928562826319,-0.006600054019461839,-11.058879925579934,-10.40873193767686,-0.0033277900926746984,-0.017033588396592414,0.0007586294459172027,3.987153513581971e-05,9.322876752400148e-05,-0.00044437743511513433
20191212,3.889,8.234156268452537e-06,-11.707219656359372,8.570282038113876e-09,-18.574965194946635,-0.00661394730247735,-11.193510063008388,-10.493913464935241,-0.013536153556918284,-0.018596893102749146,0.014256860624864975,3.25062797912691e-05,5.402635824399125e-05,-0.00038055815772746306
20191213,3.968,3.8668516452173903e-05,-10.160484817389921,4.1009507448838596e-08,-17.009461908128138,0.007982003062108814,-10.977536281517523,-10.456084965033575,0.0005041593250221243,0.0022707212986328162,0.0028244979619904687,0.0008272117059436447,4.118584480972762e-05,-0.008404871979007618
20191216,3.98,3.930698499188203e-05,-10.144108319719688,4.100289523507774e-08,-17.00962315724556,0.008005369149612291,-10.927356503466896,-10.420852711939439,0.00680703498179791,0.004532871019987006,0.0201101342490162,0.002303529887036652,0.00015405933407179324,-0.023367256691811455
20191217,4.042,0.00017487032627986146,-8.651465851398042,5.242163502513825e-08,-16.763946448672673,0.00854852449531106,-10.361701756929904,-10.352204989323702,0.02150620522096358,0.024797764085939145,0.0030196298737199534,0.0060995338120237285,2.6336142007231827e-05,-0.05276990848417101
20191218,4.027,3.146275185754199e-05,-10.366706192527586,4.419708140209116e-08,-16.93460708166984,-0.008500453994733424,-10.20599696747892,-10.368898057137502,0.032045128733716455,0.014003729720202696,0.015457799685082874,0.0014012724249070233,3.987153513581971e-05,-0.014526579524701785
20191219,4.02,1.1243127686329584e-05,-11.395753488298624,4.418618472161086e-08,-16.93485365958019,-0.008248149012677964,-10.143703733866772,-10.421536031122688,0.033129847457319395,0.0022413158430136804,0.003717937112112102,0.00012091154832337316,3.25062797912691e-05,-0.0013778781985816673
20191220,4.016,3.131027607779304e-05,-10.371564205105171,1.1475678379271143e-08,-18.283035964727933,-0.007923121157084394,-10.185919611409822,-10.43605500328495,0.012024192966801683,0.011520287690328868,0.0017397792383875288,0.0004541122407350502,0.0008272117059436447,-0.0047098542611077494
20191223,3.964,9.023310252348455e-05,-9.313114207937625,1.7229057671485498e-08,-17.87666847905219,-0.008361196398578206,-10.019720789053409,-10.380091699343426,-0.004028202828604721,0.0035380375547109377,0.000995520241501513,0.0013723622117313833,0.002303529887036652,-0.01278096601251225
20191224,3.985,1.6787044468097143e-05,-10.99490313166717,5.9661283398935146e-09,-18.937167639202308,0.008062289451567006,-10.488408245107234,-10.494432448968997,-0.014202306739250936,0.019511578061641943,0.013032765921686451,0.00016896582853659408,0.0060995338120237285,-0.0018577629173217364
20191225,3.992,1.694601388357394e-05,-10.985477920905089,5.929810473037635e-09,-18.94327358514945,0.007944314461003516,-10.612162590782736,-10.514858088504498,-0.008729323420099577,0.014127379259210482,0.005283695774436659,0.0001223475161060514,0.0014012724249070233,-0.0013440459368606074
20191226,4.021,2.271648726321083e-05,-10.692419585958556,6.476973882298428e-09,-18.855012429130102,0.008066989186256932,-10.471495810314723,-10.530943772953389,0.00024872528420738504,0.019842419184608495,0.001755046207039257,0.0006989718045447241,0.00012091154832337316,-0.007473699812946803
20191227,4.017,8.12262639631151e-05,-9.418271915272998,6.4769736868598296e-09,-18.855012459304472,-0.008060213620738967,-10.280837352348287,-10.492313589497625,0.0002489729877173108,0.020370376187138328,0.0072382694659194335,0.004746270354994428,0.0004541122407350502,-0.044701664786736824
20191230,4.075,0.0001241218614210413,-8.994246721549711,9.153299323054973e-09,-18.509151440898318,0.008526365101889267,-10.217063855070705,-10.439302084149384,0.027617130225084496,0.036231320811656254,0.0009952725379915872,0.006297334870943239,0.0013723622117313833,-0.056639783517481904
20191231,4.096,2.4213991670890082e-05,-10.628579923657885,9.13703699640315e-09,-18.510929683862592,0.008068302824485058,-10.143799213468847,-10.497660904210015,0.02747357549502838,0.052373235867120504,0.014335391315680734,0.0021111813269154562,0.00016896582853659408,-0.022438859466455033
20200102,4.149,7.22170489589886e-05,-9.535834404774967,1.459919048873803e-08,-18.042299755746154,0.008370536791098978,-9.853870510242823,-10.435846743770561,0.0385749829015134,0.06317366202801922,0.005140141044380542,0.002446123296932258,0.0001223475161060514,-0.023325826693208197
20200103,4.139,1.7955378449563324e-05,-10.927620852838444,1.4056976644668827e-08,-18.080147006071535,-0.008439915502103837,-9.9009107636188,-10.477774239329333,0.028923584851458406,0.0566611169932183,0.012856453613524277,0.0013627724001855344,0.0006989718045447241,-0.014891860097940144
20200106,4.123,0.00017339608518141507,-8.65993207068114,1.4101788566054592e-08,-18.076964198950545,-0.008542125265785228,-9.74924279470043,-10.374641040633712,0.026045698347617607,0.05227671049648763,0.00241312858413556,0.005128259841610639,0.004746270354994428,-0.04441038186915016
20200107,4.155,1.9897216610556568e-05,-10.824930704832635,6.37004532447698e-09,-18.871659252085145,0.008552141662139775,-10.115379591357014,-10.365134755888961,0.019441681614585482,0.052624219576883124,0.003873159041832386,0.0010937464634699727,0.006297334870943239,-0.011839729675718214
20200108,4.114,6.952139624600222e-05,-9.573875993117879,8.164569909971605e-09,-18.623461786746425,-0.008896980461085708,-9.904438805249013,-10.28938576808322,0.0043849034935588005,0.036637761133161195,0.007731374582648609,0.0013065203237490601,0.0021111813269154562,-0.012508463562061726
20200109,4.158,1.8925991616472995e-05,-10.87497436284182,5.2622584081061085e-09,-19.062705547190088,0.00902245547870138,-10.172266796862385,-10.311202456849992,0.002166848085090267,0.05055940512127277,0.00991663707664614,0.0002737512564833039,0.002446123296932258,-0.0029770378960516657
20200110,4.157,2.8158172887814224e-05,-10.477672912024675,5.255477170190977e-09,-19.063995033658784,-0.009033082477618963,-10.082277208699631,-10.26565397175643,0.004339447503905136,0.04956024651003488,0.010638398205055744,0.0004921464946558927,0.0013627724001855344,-0.0051565499958039435
20200113,4.202,7.08059874699509e-05,-9.55556699205572,7.898284878213691e-09,-18.656620205067508,0.008409149630858257,-10.261404192974545,-10.193396555950669,0.018979548698045745,0.07458404928720808,0.0002405291653206909,0.0016803542342838582,0.005128259841610639,-0.016056737456083898
20200114,4.184,4.28580971828019e-05,-10.057615965012594,7.251619003368283e-09,-18.742041082200558,-0.00846645727836557,-10.107941245010538,-10.118414569980361,0.006955298455210146,0.07311567158901155,0.010766942152308223,0.0015523822650294504,0.0010937464634699727,-0.015613264652562613
20200115,4.152,3.552759476073527e-05,-10.245200846233645,6.012388504947691e-09,-18.929443745562114,-0.007896443325169974,-10.24220621563369,-10.122265298564166,0.009194354632822144,0.045327956440961215,0.00429287566018699,0.001942192758344419,0.0013065203237490601,-0.0198981548913391
20200116,4.146,1.898601779732002e-05,-10.871807755113343,3.4515237087571184e-09,-19.48445004869167,-0.007927946232805542,-10.241572894087996,-10.155342545627514,-0.002890175422233243,0.04086219471724162,0.007677580899034142,0.004251334174066713,0.0002737512564833039,-0.04621968784319687
20200117,4.151,4.177911592229954e-05,-10.083113962368508,3.4519450717840946e-09,-19.48432797584948,0.007322890359853096,-10.162661104156761,-10.220417459762537,-0.0014443911995987158,0.02660965008947258,0.0014461318499996434,0.031123253897344775,0.0004921464946558927,-0.3138193159266572
20200120,4.181,3.4616104885537527e-05,-10.271191525073508,1.3019597372642267e-09,-20.459395217398377,0.007343023112096701,-10.30578601076032,-10.216075883969168,-0.00501015004838079,0.03752877050511083,0.0012052550573138365,0.09734171385496138,0.0016803542342838582,-0.9998153863832098
20200121,4.105,4.022494472959666e-05,-10.12102323911793,2.3884303902846633e-08,-17.5500443342241,-0.008479497800003856,-10.318467465581387,-10.1581335999155,-0.01906198385822999,0.02092384027346217,0.0072011833035261485,0.3288117788150892,0.0015523822650294504,-3.3279116546832226
20200122,4.119,0.00027327042229007773,-8.205048695218878,2.3216269382666917e-08,-17.578412537552335,0.008483289726941278,-9.910437035378433,-10.059655622193397,-0.007979730409643837,0.025324033064515694,0.01834470947003619,0.9454888454592107,0.001942192758344419,-7.757782017779101
20200123,3.996,0.00038369123730275874,-7.865672398337902,1.9216196221597531e-07,-15.464927267301473,-0.010435157298975685,-9.309209964023346,-9.993862812666135,-0.03685015322728091,0.008040244318565426,0.0034046725495520125,0.9972687667629112,0.004251334174066713,-7.8441894124515095
20200203,3.659,0.0002253790685588111,-8.397726824207458,1.2242853985712955e-05,-11.310568139292307,-0.02148418553384253,-8.972132536391134,-9.87580934414524,-0.12615938303383212,-0.0853474262051086,0.03031655466763672,0.9995652369602458,0.031123253897344775,-8.39407580296634
20200204,3.77,0.00018102197582643736,-8.616892120662728,1.2401848866293841e-05,-11.297664994347429,0.022641411375168653,-8.641272655508981,-9.768146353225132,-0.1034754509145086,-0.057217356989298196,0.08810397474923737,0.9997870297367879,0.09734171385496138,-8.61505697887972
20200205,3.807,0.00024634267603625007,-8.308786999327955,1.2381018221617685e-05,-11.29934604678642,0.02270006851573001,-8.278825407550986,-9.659799417469197,-0.07536426550403141,-0.05468915051477663,0.029885115422849662,0.9998108320884413,0.3288117788150892,-8.307215243443707
20200206,3.897,0.00031081402197712587,-8.076315824731948,1.2440603383158012e-05,-11.294544968360203,0.023360787601524508,-8.253078833453598,-9.598801413353694,-0.055403389097371525,-0.03032832902057314,0.009766475940441,0.9990454452837456,0.9454888454592107,-8.06860653937149
20200207,3.888,6.868187088899215e-05,-9.586025281639273,1.227166253154218e-05,-11.30821781277695,-0.023095660641947364,-8.597149410113872,-9.625700438812311,-0.027398974188114433,-0.046975860094633504,0.0233655489562119,0.9870059805022136,0.9972687667629112,-9.461464282223378
20200210,3.901,8.770944288396423e-05,-9.341480991817255,2.209949172400409e-07,-15.325126134606979,0.02307181160628914,-8.785900243635833,-9.567195941910464,0.0640430444874498,-0.048777957212687184,0.0023121397583796277,0.9763450733682988,0.9995652369602458,-9.120508944324387
20200211,3.943,6.180498562571084e-05,-9.691526523199373,6.409255527832006e-08,-16.562937622068727,0.023009458117585778,-9.00082712414316,-9.574272856384301,0.04486685343557073,-0.050925486455240865,0.0033380439263268613,0.9603836006195821,0.9997870297367879,-9.307583137850393
20200212,3.971,4.537740939372158e-05,-10.000496167202842,6.277435585125506e-08,-16.583719193185914,0.023096304210523194,-9.339168957718138,-9.532130825219046,0.04217647474875408,-0.04143626061748096,0.010708924370970596,0.9489774966701765,0.9998108320884413,-9.490245818211848
20200213,3.95,6.05277027783692e-05,-9.712409400567266,3.3204128339976023e-09,-19.523176714158897,-0.023104175907007553,-9.666387672885202,-9.579970703850234,0.013508552556458442,-0.04286547481173231,0.007076097253624347,0.9482776279152305,0.9990454452837456,-9.210060547711512
20200214,3.977,6.0615237952846996e-05,-9.710964245130489,3.7453983479787e-09,-19.402737857682308,0.023086662016243938,-9.691375465583445,-9.529335864772863,0.022632879627360936,-0.04378466208185805,0.005302373236083735,0.9513685795212162,0.9870059805022136,-9.238706259671114
20200217,4.064,7.238239854720315e-05,-9.533547402118506,4.7579143432859076e-08,-16.8608713349058,0.023546473634532456,-9.729788747643696,-9.527502747000163,0.040934779751661265,-0.012228080954584719,0.006812187312522866,0.9584072492435699,0.9763450733682988,-9.13702094119758
20200218,4.039,6.90633847477344e-05,-9.580485855507337,4.523875032043191e-08,-16.911311809412652,-0.023438406527179684,-9.707580614105288,-9.468662360303142,0.024055281685785745,-0.029037052854545387,0.02163994405062719,0.9655919018844464,0.9603836006195821,-9.250839558196368
20200219,4.04,4.841888289513935e-05,-9.935620677865913,4.4737327012183425e-08,-16.922457627591367,0.02343970778764704,-9.694605516237903,-9.444023622386835,0.017226739823944293,-0.0285489682974418,0.006170573694904924,0.9739728079047396,0.9489774966701765,-9.677024369897456
20200220,4.131,0.00019613517847119264,-8.53670645038039,9.381566173890245e-08,-16.181934025374193,0.02384663879220119,-9.459464926200528,-9.39771177958341,0.04480392950159695,-0.0170410940081811,0.0002475553917828943,0.9937034512937264,0.9482776279152305,-8.48295466242441
20200221,4.145,9.722127118899618e-05,-9.238521031046764,9.341116516292473e-08,-16.186254957497177,0.023848866510370083,-9.364976283383783,-9.360480191675874,0.04137502236170465,-0.009364938175363546,0.022274816441568923,0.9962169057943489,0.9513685795212162,-9.203570835665424
20200224,4.112,8.360003724516144e-05,-9.389466592357433,5.0369031811111695e-08,-16.80388929891197,-0.02385353202190275,-9.336160121431567,-9.321583180136045,0.01174181787668327,-0.009680617710723594,0.003383280172630565,0.9977129663208789,0.9584072492435699,-9.36799256603173
20200225,4.104,0.0002622067856816738,-8.246377107176745,5.0081952293694046e-08,-16.809605127414123,-0.023854778250015665,-9.069338371765449,-9.202245423411656,0.015964971287192764,-0.01018190614511938,0.00799326043439419,0.9994581327196648,0.9655919018844464,-8.241908665241061
20200226,4.07,0.00014612920696943323,-8.831019348376492,5.103988894775698e-08,-16.790658373700705,-0.023909427230958943,-8.848418105867564,-9.145332031866563,0.007398307481444988,-0.019706269616398098,0.0019474202843954291,0.9988195671302886,0.9739728079047396,-8.820594922864611
20200227,4.071,3.5600359134448035e-05,-10.24315483211088,1.8034624834304334e-09,-20.13355741789146,0.02384315667455819,-9.189707782213663,-9.1440576367319,-0.014630838893785914,-0.026661782853586224,0.008319108413964882,0.9963248438404372,0.9937034512937264,-10.205509638536292
20200228,3.933,0.00014090370044344964,-8.867433876498545,2.8466241449608775e-07,-15.071961869304888,-0.024630816735614503,-9.11549035130402,-9.08707630206738,-0.052500295137585695,-0.04280324945471925,0.0002456700663380218,0.9988817303082305,0.9962169057943489,-8.857517693950687
20200302,4.076,0.00023104170431553008,-8.372912325575065,6.092070372645189e-07,-14.31110766434321,0.025895727688830535,-8.912179497947545,-9.09470646708357,-0.008793412792385658,-0.010494300093465414,0.03448617607116922,0.9996978973009868,0.9977129663208789,-8.370382846162908
20200303,4.073,0.00016559836059170142,-8.705945215870685,6.092042195139504e-07,-14.311112289629708,-0.025025948059558902,-9.004093119686335,-9.132900686062333,-0.007582279202192899,0.019085967879968635,0.03571362191080585,0.9994349296199844,0.9994581327196648,-8.701025744099157
20200304,4.102,6.266762859559523e-05,-9.677665533990533,6.087530373060614e-07,-14.311853173147584,0.015217723892261132,-9.173422356809143,-9.1910797183252,0.007831660195685375,0.1142847736131194,0.0007362866942026702,0.9980947561776876,0.9988195671302886,-9.659227221517492
20200305,4.2,0.0002187394208683762,-8.427629395640583,6.708977311560367e-07,-14.214649124174855,0.014785569028508238,-8.810317269515082,-9.18247686718783,0.03119585576848105,0.10800952382940343,0.007094830983913392,0.9983840837510612,0.9963248438404372,-8.414011052360134
20200306,4.121,3.116990833698973e-05,-10.376057404933988,4.1401467595753057e-07,-14.697364414576624,-0.015585132450963232,-9.112041975202171,-9.276443703806287,0.04669335890700799,0.07925437495632015,0.023609865639133698,0.9940650487987401,0.9988817303082305,-10.314476010574234
20200309,3.99,8.888781423029701e-05,-9.328135497614808,3.064690298073459e-07,-14.99814913134974,-0.016702854419082633,-9.30308660961012,-9.333344598028235,-0.021324884458706173,0.023584204545199938,0.01898867293264228,0.997004813996403,0.9996978973009868,-9.300195996732695
20200310,4.078,0.0004766169098461206,-7.6487975137651265,3.5176769853816074e-07,-14.860294826544184,0.01725311407142769,-9.091657069189008,-9.245288790397593,0.001226843485987894,0.04771178555407096,0.03230462145490831,0.9994519868938601,0.9994349296199844,-7.644605872481373
20200311,4.011,3.959159218966099e-05,-10.136893780689496,3.663238774170782e-07,-14.81974798387231,-0.01770483716240139,-9.1835027185288,-9.281443917164511,-0.02243407286227317,0.02780765626339643,0.021815441250491396,0.9967019002038154,0.9980947561776876,-10.103461293377459
20200312,3.948,8.526070046531065e-05,-9.369796931022785,3.167427926481913e-07,-14.96517577207447,-0.017933363576163108,-9.371936225605241,-9.266819844792849,-0.06187540371808753,0.0012672666757451712,0.01656608536434767,0.9982255257548014,0.9983840837510612,-9.353170467685944
20200313,3.889,0.00101776909579298,-6.890142208003109,3.0102065175436893e-07,-15.016086964071496,-0.018140513655896452,-8.674753186219066,-9.125440119374678,-0.0579437971830703,-0.020865896975504228,0.015831465216680662,0.9999801614975455,0.9940650487987401,-6.890005517900004
20200316,3.726,0.00031446788106751704,-8.064628614010422,7.553860749709647e-07,-14.096036860818682,-0.020213943834250986,-8.422051809498189,-9.050540992713005,-0.06845595872237542,-0.058380306733633924,0.015057066397625052,0.9999582239004728,0.997004813996403,-8.064291705282793
20200317,3.693,0.0009713978639448,-6.936774427000075,7.113400146743587e-07,-14.156115301096335,-0.02014096111523997,-8.279647192145179,-8.924441455525258,-0.09916753628183739,-0.07408863035512736,0.04281678299421343,0.9999942443875091,0.9994519868938601,-6.936734501614536
20200318,3.631,0.0005262296660575708,-7.549772813034731,7.127118983095412e-07,-14.15418856788236,-0.019529935075691826,-7.762222998614225,-8.834269883294178,-0.0995324943557172,-0.11265961784398204,0.00889613630897057,0.999983782308102,0.9967019002038154,-7.54965037314535
20200319,3.596,0.0009004091790729474,-7.012661254544581,7.01908656714725e-07,-14.169462560026757,-0.019553299656080193,-7.290795863318584,-8.717550583250416,-0.09338700496186125,-0.11617501997190183,0.01693104343822749,0.999992466434109,0.9982255257548014,-7.012608424198948
20200320,3.644,0.00018464412531012187,-8.597080232443295,6.978115089980049e-07,-14.175316815068063,0.019921818760631066,-7.63218346820662,-8.656707835731206,-0.06507007577589818,-0.1031627125753467,0.00968597582282471,0.9998640383199398,0.9999801614975455,-8.595911358971279
20200323,3.526,0.00018310354283208616,-8.60545875730614,2.604631871754479e-07,-15.160804301764191,-0.01983958328596229,-7.740349496865764,-8.659832940591468,-0.05517118820371825,-0.15835542443894912,0.013259862788338017,0.9997963324950638,0.9999582239004728,-8.603706104992208
20200324,3.611,0.0002809707960713954,-8.177259822603023,3.236044652765755e-07,-14.943743853103953,0.02081322521637408,-7.988446575986354,-8.611593794753116,-0.02245439357510537,-0.13791804629193738,0.032917895422033494,0.9995326152102179,0.9999942443875091,-8.173437895739841
20200325,3.706,9.046084827630247e-05,-9.310593416595042,3.981211334724624e-07,-14.736509522510252,0.021909822048890294,-8.340610696698416,-8.60800865040028,0.020445035430969316,-0.103956400289696,0.023820658319642307,0.9953397436041992,0.999983782308102,-9.267203664076654
20200326,3.683,9.89753610078026e-05,-9.220639617514195,3.966611820929488e-07,-14.740183366260966,-0.02190297704909137,-8.78220636929234,-8.652293309961072,0.023905520853554352,-0.10823447040554024,0.025968385567847196,0.9894705229021878,0.999992466434109,-9.1235511038344
20200327,3.7,8.940147275595813e-05,-9.322373402140204,3.905683223620784e-07,-14.755662921736086,0.02198064574278681,-8.927265003231721,-8.67462758513215,0.015250840252466924,-0.09531017980432477,0.006225490400239675,0.9786242671123906,0.9998640383199398,-9.123100838417502
20200330,3.666,0.0001116577724397504,-9.100071967772811,1.5718841840060902e-07,-15.66582063396177,-0.021979523140459797,-9.026187645325056,-8.622669273116783,0.03893706544183484,-0.10478752010332837,0.004605182187250589,0.9618580328497938,0.9997963324950638,-8.752977321713509
20200331,3.669,4.5131925298508e-05,-10.00592068386741,9.279456263048112e-08,-16.19287779121481,0.020971771892120242,-9.391919817577932,-8.674418673451733,0.015934403077824122,-0.06948334807652756,0.009231670232665579,0.9215309793388403,0.9995326152102179,-9.220765886991094
20200401,3.673,0.00017265720714961934,-8.66420239072141,1.8433586475369706e-09,-20.11167657733354,0.019134416547801104,-9.262641612403206,-8.687659130958384,-0.00894436102563767,-0.104107348522948,0.0008179959556315897,0.905501009132097,0.9953397436041992,-7.845444008122964
20200402,3.723,0.00015896063585987298,-8.746853959603694,8.227440634089866e-09,-18.615790850683744,0.01951387282532036,-9.167884480821106,-8.689518619309885,0.01080215742765156,-0.08985003377569578,0.001089621464385404,0.8108507406324624,0.9894705229021878,-7.0923930113486415
20200403,3.697,5.6520723781617025e-05,-9.780903194468847,8.61991791453499e-09,-18.569190274991907,-0.019360190954028512,-9.259590439286836,-8.694211240240717,-0.0008111396956840267,-0.10395297969569417,0.013521028053049555,0.3846260676692906,0.9786242671123906,-3.761990333942555
20200407,3.78,3.209809723684403e-05,-10.34671380569598,5.576594851970623e-08,-16.702102395414652,0.019264182046288294,-9.508918806871469,-8.781442349788689,0.03062286021398286,-0.10536051565782656,0.007008114936084997,0.0888927582642098,0.9618580328497938,-0.919747929158695
20200408,3.765,2.5680025351001075e-05,-10.569797091954486,5.581584865264858e-08,-16.701207981853774,-0.01900134330970588,-9.621694088488884,-8.790248699198711,0.02582871587871205,-0.0903479911048235,0.02220232967700131,0.014941336861750552,0.9215309793388403,-0.15792689891124337
20200409,3.776,1.0667487627949856e-05,-11.44830998167402,5.5830054653254826e-08,-16.700953498701914,0.017968091382903516,-10.178515606679406,-8.88662026665595,0.027656481445723857,-0.05512598261851798,0.003976148379639222,0.002584255969124738,0.905501009132097,-0.02958536340653141
20200410,3.764,0.00014860597780091137,-8.814212199027326,4.9166085930527396e-08,-16.828061761486897,-0.017127577864445423,-10.19198725456413,-8.939593661440595,0.010952426832553375,-0.0801244504291303,0.0029173870313972117,0.005067309834415353,0.8108507406324624,-0.04466434415875494
20200413,3.743,2.27514342697341e-05,-10.69088236973108,4.887961468273004e-08,-16.83390540503701,-0.016891450260559094,-10.373983089616578,-8.964774960942485,0.012365748967797074,-0.06915315786562393,0.0031830265601209273,0.0009851267022297646,0.3846260676692906,-0.010531873692819509
20200414,3.805,4.3545891065634416e-05,-10.041695208930202,1.484991668363313e-08,-18.025271582243196,0.01713602145175809,-10.312979370263424,-8.995315791756457,0.006591981682153136,-0.03689313025758589,0.005594792800841297,0.0006581048954913875,0.0888927582642098,-0.006608488776029377
20200415,3.783,2.476902170983514e-05,-10.605916810203182,1.502604560315037e-08,-18.013480768054603,-0.01690389166291183,-10.320203313913161,-9.164214637311007,0.004769484399035129,-0.02763470952271807,0.01642856239135737,0.0002346086558217565,0.014941336861750552,-0.0024882398865991398
20200416,3.785,2.751131776144739e-05,-10.50091308299554,1.5011573286126722e-08,-18.0144443809293,0.01412709052846107,-10.130723934177464,-9.274954840446695,0.002380638606158003,0.015710614710015447,0.005798645662757229,0.00022912363892868646,0.002584255969124738,-0.0024060074176497897
20200417,3.819,4.114713000232227e-05,-10.098356378053007,1.627015582774083e-08,-17.933933338149725,0.014061017629195429,-10.387552769982602,-9.4186631109491,0.01450638652024594,0.033549472372953026,0.000528541238520086,0.0003957047140150674,0.005067309834415353,-0.003995967222599697
20200420,3.835,1.595083442093414e-05,-11.045999415309682,1.61353017235833e-08,-17.942256311674143,0.01344853655831883,-10.458576179098323,-9.577582501961597,0.024282005896927528,0.054661342387020806,0.00894272135396701,0.00029111491428289026,0.0009851267022297646,-0.003215655172956734
20200421,3.795,8.823127132995701e-05,-9.335549107563338,3.983524950685727e-09,-19.34109874361934,-0.013484002983242286,-10.31734695882495,-9.68316831346245,-0.0026315804660561604,0.0538622942382192,0.004180826575840291,0.002375366658531094,0.0006581048954913875,-0.022175352089185665
20200422,3.829,4.968466741185383e-05,-9.909814175238063,5.0231495824020404e-09,-19.109208693127172,0.013349357035931264,-10.178126431831926,-9.74283803813494,0.012086326844265471,0.049521693097445585,0.010485023971626317,0.002095054518819011,0.0002346086558217565,-0.020761600968489193
20200423,3.822,2.8088018777930534e-05,-10.480167450559113,5.02537615106177e-09,-19.108765529870148,-0.010863184753554599,-10.17397730534464,-9.82805206964644,0.009727958928669178,0.08060976184240287,0.008919261647564403,0.00196998906843479,0.00022912363892868646,-0.020645815312967556
20200424,3.79,3.2396411438216124e-05,-10.337462899379869,4.745722564751423e-09,-19.1660221372889,-0.010166272949350423,-10.221798609610014,-9.92624311859084,-0.007622589149044234,0.04838127679901416,0.0018298266770762073,0.00508540658708199,0.0003957047140150674,-0.052570201922222067
20200427,3.807,6.686563146234855e-05,-9.612825452844302,4.764855296273789e-09,-19.16199866834464,0.008700363024895855,-9.935163817116937,-9.939980938420353,-0.007327957418859166,0.026888349537192324,0.008407826723746403,0.017686925036658273,0.00029111491428289026,-0.1700213231749378
20200428,3.831,0.0002649740652463411,-8.235878603762277,2.659630337503993e-09,-19.74507869467331,0.008598634622357777,-9.715229716356726,-9.895219074158902,0.009441454870918742,0.03939822825558359,0.0044754583060253594,0.029973645928357696,0.002375366658531094,-0.24685930917810744
20200429,3.851,4.330501743407067e-05,-10.04724205359341,1.5409071964472751e-09,-20.290894505363326,0.008608965340734614,-9.742715292027794,-9.928167649224957,0.005729182337614214,0.040000035182592875,0.00628438831815159,0.015096927329895432,0.002095054518819011,-0.15168248314896904
20200430,3.908,4.5555124137856644e-05,-9.996587445791592,1.0859560650996252e-08,-18.338219978968347,0.008657617182251207,-9.64599929107429,-9.968918352771265,0.022251888362454952,0.06392458476302298,0.0052069891142598745,0.008944389177021964,0.00196998906843479,-0.08941336855729196
20200506,3.918,7.206208336172161e-05,-9.537982541575694,9.868632431738663e-09,-18.433904551182266,0.008645582424143872,-9.486103219513454,-9.94764843721255,0.033215300428014016,0.06566217414920406,0.014692879347764531,0.006370667564369035,0.00508540658708199,-0.0607633160071344
20200507,3.911,2.0850990726029646e-05,-10.778109094012398,9.790439552170928e-09,-18.441859483335175,-0.008697237404905089,-9.719159947747075,-10.04373510554396,0.02695161837301674,0.06278432893584673,0.0025555853418126606,0.0022007141963566344,0.017686925036658273,-0.02371953769307363
20200508,3.953,5.058509418709194e-05,-9.89185360635121,1.2082183841991904e-08,-18.231533879156924,0.00855124756472831,-10.050354948264859,-10.095780544032483,0.0313489185960365,0.05994498942396853,0.0017882237489719177,0.003342751513447865,0.029973645928357696,-0.033066008613435234
20200511,3.946,9.923453315031856e-05,-9.218024487817251,1.1937137332542483e-08,-18.24361151212106,-0.008337664814239056,-9.884511435109628,-10.070195148275591,0.02436955276765196,0.06518072764592886,0.010681688541171352,0.005084984722292848,0.015096927329895432,-0.046873513690272074
20200512,3.945,5.9501805972488177e-05,-9.729503893394524,2.616242526715564e-09,-19.76152669865954,-0.007161775981209491,-9.831094724630216,-10.04214015226189,0.009423220117301234,0.04272494466634136,0.0017723767141246682,0.0032678262994331906,0.008944389177021964,-0.03179432870327225
20200513,3.954,4.058075353635407e-05,-10.112216654582921,2.6131047150668544e-09,-19.762726776558452,0.007038742353041233,-9.94594154723166,-10.021341041472272,0.009146405226076348,0.048979863496568354,0.0002534533025861929,0.0011650671187129718,0.006370667564369035,-0.011781411121556251
20200514,3.921,8.111817246363369e-06,-11.722188640170584,3.597824418568126e-09,-19.44293650233974,-0.007389367770183229,-10.134757456463298,-10.033790071403935,0.0025536275368174266,0.0376814750269403,0.002278770450587775,5.490084616129984e-05,0.0022007141963566344,-0.0006435580752077419
20200515,3.902,3.2441835554602426e-05,-10.33606174725363,1.1054782064655024e-09,-20.622987829560778,-0.0074505668964962085,-10.223599084643782,-10.102965050868766,-0.0129855421136289,0.036007020477786256,0.00838100143823084,0.0003291768209702949,0.003342751513447865,-0.003402391947313622
20200518,3.914,6.475338011387294e-05,-9.644924656216276,1.1212848898881018e-09,-20.608790586082606,0.007277096119468737,-10.308979118323588,-10.055421518436276,-0.008142538626539242,0.044672440051592543,0.004857481109274975,0.0007659776145094567,0.005084984722292848,-0.007387796380291985
20200519,3.943,1.886954974270717e-05,-10.877961059880302,1.7151970844663787e-09,-20.183737844874884,0.006653656520779853,-10.538670551620744,-10.093433602570371,-0.0005070994023474995,0.03562586358184072,0.0030706267729649905,0.00013632827303956303,0.0032678262994331906,-0.0014829736454850964
20200520,3.927,1.4408713619740355e-05,-11.147677421907085,1.7644720845276649e-09,-20.155414293551765,-0.006571420891153939,-10.745762705085577,-10.118059084920548,-0.0068519491525527165,0.03735842994498051,0.0073819859216055494,6.321234843736024e-05,0.0011650671187129718,-0.0007046708694608844
20200521,3.901,2.8930250487687452e-05,-10.450622780607649,1.1671525884372188e-09,-20.568698739458263,-0.0068058833026304446,-10.491449533172988,-10.115773162084736,-0.005113792785675031,0.03018704363510727,0.004066079299617442,0.00029373609198150814,5.490084616129984e-05,-0.003069725094348613
20200522,3.815,6.409640473462941e-05,-9.655122283993979,5.044669588432214e-08,-16.802348585169202,-0.008255055390460177,-10.355261640521059,-10.095626157809324,-0.02254857746449912,-0.001047943506958804,0.006642845071353154,0.0008639364037431217,0.0003291768209702949,-0.008341411623733834
20200525,3.817,3.4552397917065025e-05,-10.273033605902373,5.042893071456429e-08,-16.80270080444239,0.008202508161687876,-10.480883430458277,-10.060491348290812,-0.025095095210791785,-0.004704661056126769,0.022292265788099064,0.0004048283688920516,0.0007659776145094567,-0.004158815438250689
20200526,3.863,1.2607587408906882e-05,-11.28121174993157,5.3953689616652676e-08,-16.735139758022754,0.008261043199172587,-10.56153356846853,-10.14893055930755,-0.020497771211345883,0.017759672836551,0.0005241090266723258,0.00011271215824526252,0.00013632827303956303,-0.0012715297239566019
20200527,3.845,2.4016169632907213e-05,-10.636783219769198,5.3994186391645456e-08,-16.7343894555918,-0.00813267351527187,-10.459354728040953,-10.181974606786238,-0.021102172638265193,0.0041699304624498446,0.011979309921051451,0.0009825543099037165,6.321234843736024e-05,-0.010451217196095755
20200528,3.85,0.00016041602849842633,-8.73773993922993,5.360531149198347e-08,-16.741617678779548,0.008123033298642323,-10.116778159765412,-10.102773356271273,-0.01315978222482661,0.00729930248161148,0.004670480726536752,0.006448790728134833,0.00029373609198150814,-0.0563478563049594
20200529,3.866,3.771710571124464e-05,-10.185396834021969,4.273587049442148e-09,-19.2708123039401,0.007918239585937853,-10.222833069771008,-10.095861262391368,0.013279716049718893,0.019854361691804323,0.0012995453420854286,0.003825703167955637,0.0008639364037431217,-0.03896630493480316
20200601,3.968,8.944781348141809e-05,-9.321855192339406,9.625805430192718e-08,-16.1562331862206,0.009548741357054445,-10.032597387058415,-10.08263534145933,0.03879741565953365,0.04142071202226605,0.004147232486446439,0.0037549859480578065,0.0004048283688920516,-0.03500343525706417
20200602,3.979,2.3659352979132328e-05,-10.651752046401132,9.215112889328397e-08,-16.199835902300258,0.009500866319331424,-9.906705446352328,-10.192447770670187,0.02958644776064756,0.03790466572627982,0.026041808636487085,0.0008920280192857774,0.00011271215824526252,-0.009501661279874427
20200603,3.978,5.0846162256718824e-05,-9.886705910162119,9.205596489300762e-08,-16.200869130790934,-0.009476790314368213,-9.75668998443091,-10.185150673241491,0.03400557747417321,0.03244632559900884,0.00276834202216536,0.0008032821589660568,0.0009825543099037165,-0.0079418144685775
20200604,3.98,2.54659921789523e-05,-10.57816663593032,9.205540723767815e-08,-16.20087518859522,0.009005490915876574,-10.124775323770988,-10.21158609097507,0.03320867099665348,0.018256085115810006,0.00025135101301110296,0.0002923182814285448,0.006448790728134833,-0.0030921914916799222
20200605,4.003,3.393306158798992e-05,-10.291120750760506,9.221673887627017e-08,-16.199124173227837,0.009060535811676883,-10.145920107118696,-10.245819645938015,0.0348236992242974,0.021462760488087707,0.0005026388645656965,0.00032923043252150897,0.003825703167955637,-0.0033881501359039573
20200608,4.022,3.762769396561746e-05,-10.18777023704334,3.3280778049374736e-10,-21.823456028367314,0.009072515747949138,-10.319103116059484,-10.218986061530332,0.013517101927833952,0.02798619557708326,0.0057622607140903614,0.00037450524805356295,0.0037549859480578065,-0.0038153734197366217
20200609,4.049,2.7297856529860008e-05,-10.508702374245598,7.218376544041005e-10,-21.04922085771547,0.008913920739859006,-10.290493181628378,-10.247024641889167,0.017439405605232494,0.02399515273547581,0.004735211340023637,0.0002978708266901598,0.0008920280192857774,-0.003130235863657381
20200610,4.04,1.0487231748786375e-05,-11.465352064682929,7.267407537098115e-10,-21.042451299364014,-0.008921367056058265,-10.606222412532539,-10.34917589538306,0.015465511541278065,0.023542284372634947,0.006690645699563902,0.000610138537680643,0.0008032821589660568,-0.006995453142739383
20200611,4.003,0.00011344633674124194,-9.084180636891812,2.1598951681258024e-09,-19.953206149703206,-0.009184624007525387,-10.307425212724837,-10.319843020087482,0.0057622607140903614,0.014595125712599133,0.002225245076965532,0.01441014172867833,0.0002923182814285448,-0.1309043304665264
20200612,4.013,0.00014365834890135167,-8.848072654482985,1.9471490402265727e-09,-20.05689956483347,0.009186550540918267,-10.018815593469332,-10.26238192917385,0.0024950112743429287,0.014811366536354287,0.009200611962622007,0.017939304623818167,0.00032923043252150897,-0.1587282706824457
20200615,3.956,7.53765113040925e-05,-9.493014852649043,1.0223119529642141e-08,-18.39861406101235,-0.009544482626316072,-9.879864516590473,-10.161055847922869,-0.016545877589994706,0.008886690450271129,0.0024950112743429287,0.010706443440690085,0.00037450524805356295,-0.1016364266015179
20200616,4.018,1.1708544080914095e-05,-11.355191719347093,2.1518597892175204e-08,-17.654348257484752,0.00999012533741282,-10.049162385610773,-10.207379937563482,-0.007685670657281651,0.02929502419182306,0.014305677524313998,0.0007277284354043549,0.0002978708266901598,-0.008263495903636947
20200617,4.022,2.257802720826979e-05,-10.698533372046816,2.1513890044163485e-08,-17.654567061846585,0.00998271816477084,-9.895798647083549,-10.255271242828506,-0.00446540062259837,0.02721942237657582,0.015550852632276957,0.0007211163119904222,0.000610138537680643,-0.007714886928956855
20200618,4.053,3.896767743197685e-05,-10.15277803926126,2.0775803458224575e-08,-17.68947682266996,0.009991592000860031,-10.10951812755744,-10.222308378254914,0.012413267635734915,0.027515492750681547,0.0009950249577177495,0.0031701115410679055,0.01441014172867833,-0.0321854388361629
20200619,4.105,9.805942068528404e-05,-9.229936929516295,2.605070603192934e-08,-17.46322096616117,0.01020631837513562,-10.1858909825641,-10.135138355873515,0.02266665161961212,0.044329967308519125,0.0076780562957112775,0.009588117094635216,0.017939304623818167,-0.08849771605630008
20200622,4.109,5.413861201076493e-05,-9.823962911144712,1.7674364252909526e-08,-17.851150594528654,0.010026241981787958,-10.252080594263237,-10.106653816352472,0.037946276140807145,0.051946759376753304,0.012748395258220135,0.01090830539420508,0.010706443440690085,-0.1071627876161105
20200623,4.128,4.7508858881406554e-05,-9.954594361546704,6.068701785045848e-09,-18.920121128712093,0.008381978675103102,-9.971961122703158,-10.12026618351396,0.02700876178651912,0.0788523634428413,0.0009739469968810255,0.013478552189294075,0.0007277284354043549,-0.13417351962535978
20200624,4.164,1.2724424963498909e-05,-11.271987186057691,7.205435725357305e-09,-18.74843013390957,0.008420547126243431,-10.086651885505333,-10.16567316443011,0.03469685940226208,0.08701137698962969,0.004613338277988932,0.019755709344472586,0.0007211163119904222,-0.22268610258237517
20200629,4.128,7.44432125477038e-05,-9.505473970919065,7.647285120777825e-09,-18.688915138267802,-0.008632570890879874,-9.957191071836894,-10.084957810838633,0.018335680533090093,0.06634894449511752,0.008683122573460711,0.1744027826989838,0.0031701115410679055,-1.6577811114010441
20200630,4.178,4.0812874010903515e-05,-10.106512986843342,6.566895636555727e-09,-18.841224621967445,0.008659163456505048,-10.132506283302302,-10.060854618432911,0.017626920229982357,0.08305906017676667,0.008683122573460711,0.3091072450969628,0.009588117094635216,-3.1239963868998224
20200701,4.272,8.573492829534274e-05,-9.364250250686025,5.5579143853124074e-08,-16.70545781661676,0.009486364109718532,-10.040563751210566,-10.089332359862736,0.038902411756621014,0.10400895335820093,0.0120396349551124,0.6596917154015443,0.01090830539420508,-6.1775183113244045
20200702,4.37,0.0001292609443207077,-8.953677372565094,1.084148719511207e-07,-16.037300562230214,0.010226439000626988,-9.840380353414243,-10.033345111614695,0.05696998092823713,0.12254262832135954,0.022249438523519682,0.8980025994491263,0.013478552189294075,-8.040425555192279
20200703,4.457,0.00013175053115765467,-8.934600338993778,1.3747959656134893e-07,-15.799790319495205,0.009698522735769112,-9.372902984001461,-10.015742618280802,0.06799974321169633,0.11621370454179236,0.022680907449605048,0.9752365713597,0.019755709344472586,-8.713349001069506
20200706,4.784,0.0007786965097495763,-7.1578891775416595,5.1619733759196495e-06,-12.174191614387537,0.0169751648248832,-8.903386025325979,-9.85693066969628,0.14748398846906885,0.1842464852035388,0.01971288485691991,0.9996410845849045,0.1744027826989838,-7.1553201007762945
20200707,4.736,0.00022420997099760023,-8.402927574641632,5.159839261650054e-06,-12.174605129799014,-0.017338654783657564,-8.56266894288564,-9.789486199899896,0.12536023444733035,0.17441371714992382,0.07080112268391181,0.9998788880318246,0.3091072450969628,-8.40190987954463
20200708,4.798,0.0003013004187717218,-8.107402721946071,5.116550056033203e-06,-12.183030163210699,0.017288527642270294,-8.311299437137647,-9.677178749264247,0.11611706275960909,0.18691734512115654,0.010084119066626096,0.9999414258727514,0.6596917154015443,-8.10692783790738
20200709,4.872,0.00023519086620844105,-8.355113176841652,5.074598744328957e-06,-12.191263101319093,0.01733631869232202,-8.19158659799296,-9.589178404995208,0.10874152130009707,0.1964604503971592,0.013006266835798419,0.9999054521351709,0.8980025994491263,-8.354323218730375
20200710,4.785,0.00014409666742928412,-8.845026182018147,5.065478762239395e-06,-12.193061901090154,-0.018252984406342695,-8.173671766597831,-9.528144584312246,0.0710101309404989,0.17370673355445732,0.015305365990093023,0.9998026265102844,0.9752365713597,-8.843280408333976
20200713,4.885,0.00030251807753561773,-8.10336952183064,7.645015350011537e-08,-16.38662689672358,0.018451698068664237,-8.362767835455628,-9.41881127283884,0.020892268846415485,0.1876993484447218,0.01801850550267825,0.9999410042127198,0.9996410845849045,-8.102891457166077
20200714,4.842,0.0003645363754860477,-7.916884215922661,7.560414011745297e-08,-16.397754791802015,-0.01868777741438946,-8.265559163711833,-9.257517279713372,0.02213496093416234,0.1810831665428081,0.02068326058982839,0.9999634171498694,0.9998788880318246,-7.916594593733888
20200715,4.784,0.000266291243470009,-8.23091994788551,7.409884929028318e-08,-16.417865833910923,-0.01882376483086292,-8.290262608899722,-9.218732702940358,-0.002922147769172323,0.17823293663789386,0.008841426978879241,0.9999420129094494,0.9999414258727514,-8.230442660785178
20200716,4.556,0.000789509327975077,-7.144098909297112,1.2003504527201311e-06,-13.632896999873406,-0.022393935770087376,-8.048059755390813,-9.141279350886455,-0.06705948482266022,0.12690595430015605,0.012050841867536244,0.99999092224855,0.9999054521351709,-7.144034056942879
20200717,4.605,0.0002795978923790904,-8.182158085619115,1.1818880445631544e-06,-13.648397360417947,0.021956846191112864,-7.915486136111008,-9.081694952385094,-0.03834335519764731,0.1519092559468047,0.048831971063394874,0.9999454175771847,0.9998026265102844,-8.181711483606943
20200720,4.727,0.00044013664198080265,-7.728425329306254,1.2387811526821456e-06,-13.601382603136376,0.02226956768508764,-7.84049729760613,-8.916841934655965,-0.03287853368364657,0.16250648541835688,0.010697624122334659,0.9999441356777051,0.9999410042127198,-7.7279935860628255
20200721,4.739,6.08630958332196e-05,-9.706883546678448,1.2375672812902496e-06,-13.602362975262098,0.02225092882680441,-8.198497163757287,-8.871766942593768,-0.021501715530415577,0.1640468516349909,0.02614808210382913,0.999131087546795,0.9999634171498694,-9.698449114682928
20200722,4.792,0.0002954588757467205,-8.12698089917275,1.2364093217866564e-06,-13.603299087258236,0.022264668785753394,-8.177709354014734,-8.779685254407925,0.0016708441648176642,0.1674905131669766,0.002535391174351753,0.999890411942958,0.9999420129094494,-8.126090279126393
20200723,4.766,0.000351343539294355,-7.953746068728077,9.935792801660427e-08,-16.12453707227372,-0.022402184849474257,-8.339638785900927,-8.721676578917553,0.04506233309161467,0.1493016357721586,0.011121717827696997,0.9999598521462109,0.99999092224855,-7.953426742893834
20200724,4.554,0.0005455258423834713,-7.513760380058032,9.540320126152133e-07,-13.862568609860688,-0.025015299852121923,-8.205959244788712,-8.616667372959066,-0.011136702065722481,0.10282627774027508,0.005440482136597868,0.9999710721085904,0.9999454175771847,-7.513543022813679
20200727,4.582,0.0001489790499430307,-8.81170486631373,8.60819137886088e-07,-13.965381415111676,0.025017213723888158,-8.422615152190208,-8.564717850448476,-0.031155167779795656,0.10434255585204211,0.04550141103500249,0.9994749869089226,0.9999441356777051,-8.807078605904206
20200728,4.617,6.841513081705565e-05,-9.589916547023599,8.614814804833302e-07,-13.96461227803673,0.02501020792155044,-8.399221752259239,-8.488260094128746,-0.026080999460599275,0.10326899277212953,0.006129616389755954,0.9982083804928701,0.999131087546795,-9.572735065466203
20200729,4.749,0.00017617691241400893,-8.644021883614936,9.847042831644765e-07,-13.830924460986997,0.025304793150805988,-8.502629949147675,-8.449103181069468,-0.009013791246163416,0.1401410413877231,0.007609559493548135,0.9982173971878423,0.999890411942958,-8.628613025896852
20200730,4.714,2.90682293080707e-05,-10.445864756563736,9.851279102274914e-07,-13.83049434610618,-0.025436387451585753,-9.001053686714807,-8.464528261511303,-0.010970574162610935,0.12070414137956531,0.028188926042132856,0.994876624552062,0.9999598521462109,-10.392346669537478
20200731,4.75,0.000390034190452695,-7.849276154855758,1.285045529924337e-07,-15.867301501391097,0.025167029549592882,-9.068156841674352,-8.395665802609926,0.04213865040500209,0.10606251638865616,0.007397265053045388,0.9989105018717825,0.9999710721085904,-7.8407243831771805
20200803,4.825,5.0019980263638826e-05,-9.903088027084275,1.402691224532179e-07,-15.779702956360316,0.024973672614337302,-9.286433473828462,-8.438820832360799,0.05167515075964557,0.09904772568345055,0.00760781353261053,0.9965647312536128,0.9994749869089226,-9.86906825829211
20200804,4.829,6.790202239218647e-05,-9.59744473898035,1.3959860979398856e-07,-15.784494605163509,0.024749497168952455,-9.287939112219812,-8.468950123269279,0.04489426336655278,0.08016351292698598,0.01566611674439944,0.9972370661793429,0.9982083804928701,-9.570927634319133
20200805,4.831,0.000151598374896843,-8.794275804491276,1.3315840765620366e-08,-18.134311475429165,0.019686129121734636,-9.31798989639508,-8.54333133358517,0.017119416005284993,0.009776468923939241,0.000828672100455341,0.9992378825575645,0.9982173971878423,-8.787573533507086
20200806,4.813,0.00023394393534210316,-8.360429063868569,1.2755829463963599e-08,-18.17727745697204,-0.01957060964733502,-8.900902757856045,-8.541399583095487,0.020783785807032773,0.01612769273926773,0.00041407868086507094,0.9998369505838965,0.994876624552062,-8.35906590079133
20200807,4.765,0.00021971127728784976,-8.423196249495758,1.410434419084296e-08,-18.076782988373584,-0.019498645066439873,-9.015686776784046,-8.555753834347746,0.0031529190596155665,-0.006901627311337366,0.0037328952512976077,0.9998976658161781,0.9989105018717825,-8.422334268582395
20200810,4.781,0.00029505864248521006,-8.128336433294729,2.0826956407332082e-09,-19.989602801170125,0.019207053733987896,-8.660736458026136,-8.545445800550157,-0.009161005146983037,-0.018854800763629553,0.010023053214806676,0.9999420878565103,0.9965647312536128,-8.12786570390887
20200811,4.734,0.000296398355792308,-8.123806211817149,3.987712697503559e-09,-19.34004802919131,-0.01893724178208706,-8.366008752593496,-8.512663074631929,-0.019868895799612485,-0.01071551381312541,0.0033521925378008355,0.9999241132805771,0.9972370661793429,-8.123189722814507
20200812,4.702,0.0003085646662279453,-8.083579121583544,4.410964473595263e-09,-19.239172469903817,-0.01837203156492647,-8.223869416011949,-8.511763510984336,-0.027065535454392053,-0.0381813353768683,0.009879218552174107,0.9996241724655057,0.9992378825575645,-8.080541089972389
20200813,4.687,3.417107614239975e-05,-10.284130998554831,4.392977164113983e-09,-19.24325867021031,-0.018307362739374663,-8.608609802949202,-8.619365637467615,-0.026527871380403134,-0.032535139575297745,0.006782560973914498,0.9951174701519105,0.9998369505838965,-10.233918421992724
20200814,4.778,0.0001313263542561006,-8.937825078928414,2.972001692823791e-08,-17.331445047506236,0.01865850774142548,-8.711535568835732,-8.651497688878656,0.002724511797452145,-0.0012549677447128982,0.0031952311773086883,0.9968064684097425,0.9998976658161781,-8.909281852190661
20200817,4.877,0.00024034989194160364,-8.333414813212075,6.507351565541885e-08,-16.547748196077464,0.015639277021694438,-8.752551244819202,-8.705557502692972,0.01988054708394915,0.06808523114297982,0.019229329963048603,0.9962487946321468,0.9999420878565103,-8.302154462832206
20200818,4.87,4.6274000296464484e-05,-9.980930303272066,6.316925554080882e-08,-16.57744811711698,-0.015572200770058522,-9.123976063110186,-8.787319876222652,0.02832342600270632,0.05595126738722822,0.020508227824297842,0.9829334185101142,0.9999241132805771,-9.810589942906402
20200819,4.794,4.889243397667158e-05,-9.925887897857947,7.498687324742025e-08,-16.40595276209621,-0.015101763717625966,-9.492437818365065,-8.887204538429547,0.019377185894314808,0.014074384201093082,0.0014363396334169387,0.9785930263446683,0.9996241724655057,-9.713404677122726
20200820,4.743,6.204034315353534e-05,-9.687725688505287,7.758300470050968e-08,-16.37191744533515,-0.01528500864205706,-9.373156756355158,-8.886333726694405,0.011877127954875721,0.0008437039099935539,0.01572880108230601,0.980098010327527,0.9951174701519105,-9.494920671902904
20200821,4.783,8.268415775958646e-05,-9.400482537047072,5.123230904361749e-08,-16.786895467912295,0.015201768016749068,-9.465688247978889,-8.944220164779601,0.0010459157945423847,-0.0018798961149881777,0.010695289116747775,0.9842694248450954,0.9968064684097425,-9.252607540005684
20200824,4.813,5.9777269712774454e-05,-9.724885074403508,1.6159244328442128e-08,-17.94077354680066,0.015210035303759873,-9.743982300217176,-9.024726483219393,-0.01320968640694331,0.009813211644421838,0.008398117802715266,0.9873355987601413,0.9962487946321468,-9.601725227809748
20200825,4.822,9.569017737989917e-05,-9.254394904481654,1.6160829279567377e-08,-17.940675468365214,0.011227319942229079,-9.598675220459095,-9.103846234329557,-0.00990515733551911,0.05718281211743159,0.006252625622812147,0.9935146532024239,0.9829334185101142,-9.19437694412437
20200826,4.763,0.0001732086574130338,-8.661013578021446,8.5141708346094e-09,-18.581533904600878,-0.011632267138607058,-9.345700356491793,-9.096996630316271,-0.00648741419346921,0.03874213778741953,0.0018681894380072617,0.9972373401795411,0.9785930263446683,-8.637086143804998
20200827,4.799,6.656405869497071e-05,-9.61734578532106,6.5401367186259285e-09,-18.845307766707137,0.011630370762610887,-9.331624375854947,-9.098243413875247,0.011737715980663754,0.03866241935125658,0.01231105794025611,0.9968552839828155,0.980098010327527,-9.587101963987159
20200828,4.917,0.0002070950626870319,-8.482332630083365,7.517801244716921e-08,-16.403407036414848,0.011231384519920999,-9.147994394462206,-9.090893902351086,0.02763062373164238,0.03476451886281762,0.007529841057385189,0.9978969268152822,0.9842694248450954,-8.464493663785179
20200831,4.874,0.0001176777227898756,-9.047560832726138,7.606281630947294e-08,-16.39170630766042,-0.011287900757805539,-9.012529546126732,-9.02733463308574,0.012594364882042353,0.033378150689075126,0.02429102555369389,0.9946361855828307,0.9873355987601413,-8.999031395491345
20200901,4.908,2.3850415063868943e-05,-10.643708937684126,7.652742863409608e-08,-16.385616616138996,0.011271895107977449,-9.290392352767226,-9.154354305032484,0.017677747089685614,0.03272190880211512,0.00878363322678788,0.9862952927537526,0.9935146532024239,-10.497840022678899
20200902,4.904,0.00010182907547102552,-9.192214880963371,7.193330009776297e-08,-16.447526534823545,-0.01082344465052268,-9.396632613355612,-9.122041889299714,0.029173476815187005,0.01624046384296096,0.006951571645650523,0.9921770448307332,0.9972373401795411,-9.120304596043328
20200903,4.884,0.00012678074554970645,-8.973051376468451,7.134613828858424e-08,-16.455722617983962,-0.01087211108279359,-9.267773731585091,-9.093660372821903,0.01755699337234984,0.011325149357053643,0.0008153282147547181,0.9950087362338106,0.9968552839828155,-8.928264510260927
20200904,4.829,6.151773250987416e-05,-9.696185091218027,5.003486633363396e-09,-19.113130840858908,-0.011161516570773607,-9.510544223812023,-9.134656249491298,-0.018059181538397695,-0.00041407868086507094,0.004086642385451977,0.9948340585498928,0.9978969268152822,-9.646095166747392
20200907,4.732,0.00032853396467597776,-8.020870332154555,3.771951610928221e-08,-17.09308820775543,-0.011954060959644163,-9.305206123697706,-9.119221761686116,-0.02956700908687404,-0.01697264420483169,0.011325149357053643,0.9966595851943313,0.9946361855828307,-7.994077298142677
20200908,4.756,9.26788604542054e-05,-9.28637015396333,3.738347622308147e-08,-17.10203704237077,0.011830056383149611,-9.033738366953546,-9.158456939161915,-0.031459548020129624,-0.0018905582776300722,0.020291460775264225,0.9864577592762658,0.9862952927537526,-9.160611893888658
20200909,4.645,0.00015406669177875273,-8.778124985797183,9.958854834536618e-08,-16.122218655418305,-0.01281316713761299,-8.95092038792031,-9.187992782457483,-0.054259826368108666,-0.028858357378164667,0.00505903271239494,0.9699265980579662,0.9921770448307332,-8.514136904801894
20200910,4.649,9.712445599638471e-05,-9.239517350358973,9.953287582428727e-08,-16.12277783706098,0.012675055030354635,-9.004213582698414,-9.238706925118475,-0.0493124135400107,-0.018118368383344574,0.02361560656273376,0.8987207600298338,0.9950087362338106,-8.303746055423453
20200911,4.685,4.64297729967384e-05,-9.97756964509498,9.695090578886629e-08,-16.149061112455946,0.012727214672639015,-9.060490493473804,-9.324797403459902,-0.030273491201019187,-0.0036220344274922045,0.0008607704426459861,0.7679044040486573,0.9948340585498928,-7.661819672170633
20200914,4.712,3.392648564075165e-05,-10.29131456128614,6.326248214438108e-08,-16.57597338265275,0.012768534531042671,-9.51457933930012,-9.325123929038599,-0.004235499766855,0.005319727408716446,0.007713772981937872,0.7060480163196505,0.9966595851943313,-7.2661622313176135
20200915,4.747,5.2845178875395134e-05,-9.84814407260198,6.373133250586752e-08,-16.568589519226403,0.01216572876699895,-9.626934123027851,-9.36650206511467,-0.0018941392593545547,-0.006509209334436772,0.005746530658899962,0.6960121980995786,0.9864577592762658,-6.85442840317304
20200916,4.719,3.78005187442071e-05,-10.183187732041175,1.7711466658113781e-09,-20.15163866632266,-0.011286613379775396,-9.90794667227665,-9.450582652334175,0.015805540478448954,-0.032933363983664865,0.007400393219895385,0.6978653558319138,0.9699265980579662,-7.106493930124094
20200917,4.69,0.00010166210540838538,-9.193855935866983,2.0598211835397245e-09,-20.000646662019545,-0.011330332136519617,-9.89881438937825,-9.414806544724852,0.00878043974974041,-0.037661354636310485,0.005915926824930251,0.7318524900734334,0.8987207600298338,-6.728546360040668
20200918,4.811,8.863136662284183e-05,-9.331024737916826,8.555094529198836e-08,-16.27415378708435,0.012269307570710937,-9.76950540794262,-9.387767310182074,0.026539047026931106,0.003539826705124094,0.006164330286062558,0.7444212096321734,0.7679044040486573,-6.946212722507777
20200921,4.756,0.00015831057468960953,-8.75095179173162,8.882840681927697e-08,-16.23655934149082,-0.01230427242809127,-9.461432854031717,-9.345186678510544,0.00929453247924994,0.002737131933090664,0.02547238025912857,0.7472738880652086,0.7060480163196505,-6.539357769678491
20200922,4.699,0.00019875260875748215,-8.523449678692167,9.245547059256956e-08,-16.196538707336977,-0.012421596665732481,-9.196493975249755,-9.30532154858532,-0.010163119448502123,-0.01771824457748128,0.011497983888781205,0.7088724529991441,0.6960121980995786,-6.0420386817492835
20200923,4.713,4.396660732406242e-05,-10.03208013662809,9.22261611213615e-08,-16.199022003449553,0.012352374602136625,-9.166272456167137,-9.31928496050462,-0.0012722648026568528,-0.020995942379378407,0.012057258707856677,0.43314781928710133,0.6978653558319138,-4.345373634093903
20200924,4.636,7.334569811101409e-05,-9.520326703888456,1.0666360484653066e-07,-16.053585834796507,-0.01276484507232149,-9.23156660977143,-9.331372769568567,-0.011580656980682669,-0.03933685428147404,0.0029749278209150187,0.3124146075246437,0.7318524900734334,-2.9742891307016963
20200925,4.639,4.667118875076189e-05,-9.972383526915715,2.2464411174048314e-08,-17.611333505582472,0.012553370726790017,-9.35983836757121,-9.390980494518304,-0.03640613694771,-0.026378896049116696,0.016472722464088374,0.17765619842971297,0.7444212096321734,-1.7716557466749392
20200928,4.649,4.7886274089698165e-05,-9.946681648062667,1.8973150965902006e-08,-17.780240964215135,0.012427045042592745,-9.598984338837418,-9.405950306461106,-0.022754836120087774,-0.031755420167660864,0.0006469002921012379,0.11189200682395356,0.7472738880652086,-1.1129541708407216
20200929,4.66,2.631607265021123e-05,-10.545330678058392,1.4752467108585951e-08,-18.031855506548197,0.011069980539337033,-10.003360538710663,-9.499722945005425,-0.008334271983124086,-0.053683140292247744,0.002153316938841021,0.07863412231522439,0.7088724529991441,-0.8292228223929317
20200930,4.646,0.00011668898004851702,-9.055998452877603,1.4753193134837188e-08,-18.031806293872027,-0.01098050550591492,-9.808144201960566,-9.500106473194126,-0.014318013593376477,-0.04790832085479724,0.00236330542910701,0.07929009309261827,0.43314781928710133,-0.7180509603752722
20201009,4.739,3.9423816211498303e-05,-10.14114045190717,3.0887363533416435e-08,-17.29291868382302,0.011801951639761799,-9.932306951564309,-9.477262451113356,0.021974217507945815,-0.03504038386321384,0.0030088137893373723,0.0643656639335645,0.3124146075246437,-0.6527412382305332
20201012,4.887,0.00011566214377972602,-9.064837170218997,2.097626013529959e-07,-15.377289415439481,0.01367186814192006,-9.750797680224967,-9.47147255517043,0.052079792518411105,-0.0034725803458925952,0.019819508637233918,0.06329817588940517,0.17765619842971297,-0.5737876576093399
20201013,4.903,5.742277474631145e-05,-9.765069560748357,2.097811311441032e-07,-15.377201082378186,0.013661147236989548,-9.714475262762104,-9.507473381728609,0.05319511996064841,0.003882706420637705,0.03075247530256653,0.047419971142314936,0.11189200682395356,-0.4630593167733851
20201014,4.879,2.2312092844775033e-05,-10.71038174644413,2.0989084677482175e-07,-15.376678218622725,-0.013471040257492775,-9.747485476439252,-9.55357322969343,0.045924832696145446,0.010300873942295397,0.0032686443810783228,0.0361905422139534,0.07863412231522439,-0.3876145227222422
20201015,4.867,3.8031573398788055e-05,-10.177093864311217,2.0988181034525674e-07,-15.376721272544476,-0.012675480287115072,-9.971704558725975,-9.651583390246007,0.046471096503099885,0.02812978473517669,0.0049069818353959516,0.046256518570901746,0.07929009309261827,-0.47075693133232205
20201016,4.853,9.59884627916309e-05,-9.251282552972388,1.7903518394917926e-07,-15.53568349204542,-0.012675748520912272,-9.793732978939017,-9.649988499291872,0.023770927437627876,0.020190091594543658,0.0024625499823829333,0.07970003265480724,0.0643656639335645,-0.7373275215707478
20201019,4.822,0.0002294176088776353,-8.379966595632403,4.971974841663405e-10,-21.422033816308133,-0.011572738540280184,-9.656758864021699,-9.631890390648019,-0.0133898385290383,0.03739740749317777,0.002880660428238091,0.0957826611372144,0.06329817588940517,-0.8026555007706346
20201020,4.852,1.9517564753312806e-05,-10.844195741252188,7.703163204661111e-10,-20.984219879638275,0.011610266023719186,-9.872584100122467,-9.704830317506802,-0.010456271587292232,0.042738848373356175,0.006408290664099647,0.07227837069190199,0.047419971142314936,-0.7838007996417705
20201021,4.858,4.499888133973113e-05,-10.008872927620033,6.548282985081598e-10,-21.14664805434011,0.01153885862588222,-9.732282336357645,-9.706253193985214,-0.004313450253719431,0.03626091488959515,0.006202211322824391,0.08497292238397257,0.0361905422139534,-0.8504831824297013
20201022,4.842,9.632788132000076e-05,-9.247752755415636,6.711623906638211e-10,-21.122009995325463,-0.011547025807539189,-9.546414114578528,-9.658818566445646,-0.0051498723354503895,0.0272154121665813,0.0012358394981768495,0.11632097419632238,0.046256518570901746,-1.0757076096366713
20201023,4.786,0.00012357356003576768,-8.998673951392105,4.319887960418326e-09,-19.260036370115063,-0.01177404705910251,-9.495892394262473,-9.620206288208832,-0.013902080936897487,0.008182149917000725,0.003298972064113892,0.13040974886185094,0.07970003265480724,-1.1735148100907242
20201026,4.75,0.00010816618086927242,-9.131841801691492,4.6325864762845455e-09,-19.19015049063953,-0.011820676215517134,-9.646267435474291,-9.5724178368293,-0.015044161712429505,0.0065477053022993115,0.011632869029685189,0.12483119868311443,0.0957826611372144,-1.1399387582897202
20201027,4.764,1.7840397735878092e-05,-10.934045136448932,4.3516420434527065e-09,-19.252712581820447,0.011742813976016401,-9.664237314513638,-9.651517345946663,-0.01830333958875019,0.015655069034865576,0.007550371439631665,0.1005911954880967,0.07227837069190199,-1.0998686717962074
20201028,4.804,8.041616009183547e-05,-9.42829540580927,5.328672434735657e-09,-19.050163703951192,0.010528599052338095,-9.548121810151486,-9.655938739941774,-0.011177926362243573,-0.0014560584995795267,0.0029430334465037067,0.12180490420244316,0.08497292238397257,-1.148412618696933
20201029,4.848,0.0001732577063580957,-8.660730439740108,6.686968985569292e-09,-18.823105131903976,0.01037903729393179,-9.43071734701638,-9.651837769396705,0.0012383902511465816,0.01915926993847794,0.008361252724683466,0.13563070860897514,0.11632097419632238,-1.1746610066132717
20201030,4.757,0.00010280889215630236,-9.182638709109156,2.8810119376755893e-08,-17.362539144271057,-0.010879744925867288,-9.467510298559791,-9.681800907142932,-0.00607777203603721,0.012267497329465638,0.009117344549276263,0.11689147200314434,0.13040974886185094,-1.0733721555808224
20201102,4.785,3.2819243378579895e-05,-10.324495526237177,2.8397397166272167e-08,-17.37696834505421,0.01092775094366937,-9.706041043468927,-9.695092515761527,0.007341406858367705,0.01516137696332387,0.01894903131686898,0.0727212034063318,0.12483119868311443,-0.7508097392312564
20201103,4.836,6.344855751965852e-05,-9.66528109818904,3.0909165269842574e-08,-17.292213086348443,0.010415518336021414,-9.45228823581695,-9.701681351866098,0.01500028125949271,0.042236007275040954,0.0058688074547732505,0.06382949491618754,0.1005911954880967,-0.6169300107203809
20201104,4.873,7.652161967995749e-05,-9.477937246863,3.060661163343036e-08,-17.3020497848751,0.010480877700986038,-9.462216604027697,-9.679206520954612,0.014260859643631996,0.04921093809176247,0.010601907847628711,0.05616773058534001,0.12180490420244316,-0.5323542257865602
20201105,4.949,4.452765969415235e-05,-10.01939999572359,4.069663044276094e-08,-17.017120538029307,0.010854051053465204,-9.733950515224393,-9.682511900393745,0.020619287202735537,0.06253339326130125,0.007621831108822752,0.04471224414641351,0.13563070860897514,-0.4479898588093677
20201106,4.951,5.909649640541204e-05,-9.736338917789835,1.4910987772250224e-08,-18.02116746138692,0.010866200531930957,-9.84469055696053,-9.645739547654266,0.03997235892914164,0.06057412824173136,0.015475772108379804,0.042072011950516505,0.11689147200314434,-0.4096273673035329
20201109,5.048,0.00010378421877225695,-9.173196633740325,4.301798610388303e-08,-16.96164752722251,0.011340451396818765,-9.61443077846116,-9.65106673769348,0.0535061003339945,0.08298549089069485,0.00040404040953712084,0.04119828963812588,0.0727212034063318,-0.3779200118243152
20201110,5.021,7.659715626745376e-05,-9.47695060635263,4.0656662752805246e-08,-17.018103109025546,-0.010906150369908916,-9.576764680093877,-9.620876290168273,0.03754118430002218,0.05780297406711732,0.019402548859626112,0.030830013270493374,0.06382949491618754,-0.29217451295766184
20201111,4.974,5.1736540379792014e-05,-9.86934624892726,4.1546390423473816e-08,-16.996455192499894,-0.009202174069424893,-9.655046480506728,-9.657444884655012,0.020514581519843977,0.01764572709319534,0.00536300818634361,0.016562210138306204,0.05616773058534001,-0.16345818650243737
20201112,4.971,2.790731339989303e-05,-10.48662177445834,3.007441268042078e-08,-17.319591103774414,-0.00918977147157604,-9.748490836253678,-9.69024271255092,0.0044354911427866295,0.013773764443439473,0.00940477167135545,0.007884812886292013,0.04471224414641351,-0.08268505050091954
20201113,4.92,7.473899691504425e-05,-9.501508554989181,3.2336369172618255e-08,-17.247073259582063,-0.009414273402508944,-9.701524763693547,-9.63529393112115,-0.00628104587506928,0.008368249670516636,0.000603318268677544,0.007919952731846085,0.042072011950516505,-0.0752514986367455
20201116,4.973,7.150714946761475e-05,-9.545713120709182,6.628184841951013e-09,-18.831934849727656,0.009641240050146823,-9.77602806108732,-9.606594806411968,-0.014968845506310613,0.02154554888128435,0.010312496608318789,0.006117798248395735,0.04119828963812588,-0.058398747009562824
20201117,4.964,2.6284150829732338e-05,-10.546544430483227,6.4648892347312854e-09,-18.856879957934904,-0.009623533716162223,-9.989946825913439,-9.665470346298823,-0.011417249710207633,0.02261479691928181,0.010714749228384779,0.0028240612400773817,0.030830013270493374,-0.029784087342881665
20201118,4.957,4.672333717606625e-05,-9.971266792713012,4.901011367212113e-09,-19.133824251655824,-0.009497811607537774,-10.010330934670588,-9.73780217343885,-0.0034236263427762648,0.027611939279457376,0.0018114123902406298,0.003771912601588449,0.016562210138306204,-0.03761074686923464
20201119,4.999,6.674127070439032e-05,-9.614687045200027,5.914471194544094e-09,-18.94586374426587,0.009564961366405382,-9.835943988818926,-9.681915414527388,0.0056168653188977125,0.029846901349629418,0.0014111483039240813,0.005941837259066121,0.007884812886292013,-0.05712890571942987
20201120,5.014,2.007236913509177e-05,-10.816166358520643,3.66862545361466e-09,-19.423448780835802,0.009571262768733381,-10.098875549525218,-9.718610570477416,0.018925469231884984,0.03160716915612105,0.008437173392996433,0.0071667052147167815,0.007919952731846085,-0.07751627584485411
20201123,5.072,0.0001534895233486048,-8.781878245066903,4.53204271196764e-09,-19.212093069295573,0.009741179412716874,-9.946108574396764,-9.697434456370656,0.019711937402323354,0.04640735861905809,0.0029961073046684827,0.02899906318086827,0.006117798248395735,-0.2546662420753877
20201124,5.04,2.5196197090277455e-05,-10.588817483950796,4.850817317476585e-09,-19.144118627127426,-0.009446042587450847,-9.954563185090276,-9.769713707850597,0.015194214740916312,0.05171109259709561,0.01150121739882315,0.030339504287617555,0.0028240612400773817,-0.3212594734551249
20201125,4.978,0.00011087257060400536,-9.107129028699676,9.544799480792356e-09,-18.46726938776387,-0.009738535945863725,-9.78173563228761,-9.768590399987332,0.004227484906963452,0.04688358589885033,0.006329135051647672,0.05796649808128175,0.003771912601588449,-0.5279083773681051
20201126,4.985,5.574896684199261e-05,-9.79465167977796,8.532092952904965e-09,-18.579431141775817,0.009737949433563107,-9.817728559203195,-9.71679978832047,-0.0028044890176315285,0.04534575192074808,0.012377878137876941,0.06671727404359995,0.005941837259066121,-0.6534724602813528
20201127,5.056,5.951213475380781e-05,-9.729330320764586,1.6516243441808446e-08,-17.918921489275295,0.009990765453619422,-9.600361351651983,-9.73048319354571,0.008341657108454692,0.051126752626819316,0.0014051994684014524,0.08098606038973233,0.0071667052147167815,-0.7879401329090945
20201130,5.031,0.00017979791721448005,-8.623677019895517,1.3137493477319597e-08,-18.14779559723674,-0.009985655499113658,-9.568721106617707,-9.72879894718914,-0.00811644562574343,0.03705252274216808,0.014142253430754703,0.10006041075584786,0.02899906318086827,-0.8628886648365114
20201201,5.142,9.937313170355554e-05,-9.216628785633874,5.818091209587093e-08,-16.659708506864547,0.009754780980847658,-9.294283366954321,-9.730343950667535,0.02003602676042071,0.07782489139355353,0.004956885335374972,0.08868396995882484,0.030339504287617555,-0.8173672303467948
20201202,5.131,5.870547848372945e-05,-9.74297750526836,5.34903434557371e-08,-16.743764695490288,-0.009812942277889806,-9.42145306226806,-9.70391131335077,0.030272368014427453,0.06981454705491008,0.02182333733451647,0.060755704260569275,0.05796649808128175,-0.5919414599274635
20201203,5.129,3.67224702146476e-05,-10.21212172283389,5.348956827853167e-08,-16.74377918750459,-0.009695832806891137,-9.504947070879245,-9.728767705380081,0.028477304993329566,0.058822775654584936,0.0021415368838701987,0.03977613558547022,0.06671727404359995,-0.40619873826276653
20201204,5.14,7.996970636871444e-05,-9.4338626653952,4.549351487624833e-08,-16.905696051340243,0.009632847809232877,-9.445853539805368,-9.726764315313364,0.01647742262251728,0.0533433156057046,0.00038986355269643447,0.035281408687063705,0.08098606038973233,-0.33283996419544015
20201207,5.096,5.2367735941603416e-05,-9.857219882579844,4.646534342140977e-08,-16.884559104994665,-0.009445171264256097,-9.692562112342234,-9.71939249198865,0.012837146760680707,0.02927038230011325,0.002142371059942416,0.02670634109111352,0.10006041075584786,-0.2632502763942833
20201208,5.08,4.0540857724641646e-05,-10.11320025967431,1.120554855870907e-09,-20.60944186728536,-0.00949193277671195,-9.87187640715032,-9.736522552983397,-0.012130847253307264,0.025721685211104628,0.008597161197211545,0.022163272640969022,0.08868396995882484,-0.22414161462788043
20201209,5.02,9.510242017918264e-05,-9.260556139954593,5.1019134667791756e-09,-19.09365017801759,-0.008958651795244204,-9.775392134087568,-9.740493439629502,-0.021870638256189956,-0.0055621915352743745,0.0031446566794715025,0.023884885510848202,0.060755704260569275,-0.22118732316959783
20201210,5.01,3.1847289276048396e-05,-10.354558288640348,5.105070736840611e-09,-19.093031529041724,-0.008895713692932548,-9.80387944724886,-9.780384697915308,-0.023474793310357844,-0.0021932019557950877,0.01188132788675289,0.019980658913374652,0.03977613558547022,-0.20689089736397914
20201211,4.954,0.00020873597730749628,-8.47444037106449,8.29375892920202e-09,-18.607762541230432,-0.00899521021807691,-9.611994988382717,-9.71697988528518,-0.036857748399905965,-0.004029014314045343,0.001994018606864323,0.025488607627069972,0.035281408687063705,-0.21600168547706405
20201214,4.998,3.520293902306625e-05,-10.254380983872261,8.423916308711768e-09,-18.592190997027362,0.009197359677344885,-9.6914272086412,-9.706423485713087,-0.019418085857101364,0.005416805300225258,0.011240584029605705,0.010020665998275542,0.02670634109111352,-0.10275572685845206
20201215,5.013,5.501576128485335e-05,-9.807890844969288,8.4204873398854e-09,-18.592598131520845,0.008902773935770903,-9.630365325700195,-9.720349953439454,-0.013276723309024296,0.01872600777714961,0.008842501345593057,0.005819547625828879,0.022163272640969022,-0.057077487881229814
20201216,5.023,1.3290713184963935e-05,-11.228445023400994,4.4380764550943185e-09,-19.23304478520848,0.008632724671004979,-10.023943102389476,-9.796837767198172,0.0005974310642697933,0.010004085035306032,0.0029967058686055648,0.0025871218844706087,0.023884885510848202,-0.02904935584861581
20201217,5.094,5.9739466976998864e-05,-9.72551766759645,1.2197473186896518e-08,-18.2220370224868,0.009084007203846648,-9.898134978180696,-9.759518368885137,0.016627461460491988,0.025851509214904533,0.0019928264865411993,0.009159137256829642,0.019980658913374652,-0.08907735121123755
20201218,5.065,4.325381485896584e-05,-10.048425123644623,9.21706395535701e-09,-18.502209293111502,-0.009187901950956924,-10.212931928696722,-9.763025565745666,0.022158806633479022,0.021553418662209944,0.014036011789357872,0.016777706151161576,0.025488607627069972,-0.1685895240064589
20201221,5.11,0.00010900992639147891,-9.12407161206982,9.218594129426374e-09,-18.502043291543686,0.00920407271129338,-9.986870054336235,-9.740724864239747,0.022161571802852276,0.02196151178417982,0.00570923885661867,0.03493068022003254,0.010020665998275542,-0.31871002778588764
20201222,5.033,9.542417778065432e-05,-9.25717857576356,1.9831174955587164e-08,-17.736010644753605,-0.009812137972793029,-9.87672760049509,-9.669861783205334,0.003981689512856601,0.0037822280581212286,0.00884526651496631,0.04006849759313293,0.005819547625828879,-0.3709212374821839
20201223,5.074,5.4990395384776474e-05,-9.808352017348987,2.0694595052200014e-08,-17.693393279359242,0.009651125795368518,-9.592708999284687,-9.71651968194543,0.01010209640918247,0.0003942440421651483,0.01518317642139011,0.038269604728231627,0.0025871218844706087,-0.375361754739299
20201224,5.074,4.290981109263797e-05,-10.05641006137934,1.2932036429926115e-08,-18.163558160049913,0.0,-9.658887478041267,-9.692319344555816,-0.003933915380175401,0.00672337909381282,0.008113233382867069,0.039318808536103526,0.009159137256829642,-0.3954060617639194
20201225,5.116,5.444143651405518e-05,-9.81838499342306,1.3643093936596183e-08,-18.11003238205652,0.00924979350575317,-9.612879451996953,-9.724649161134153,0.010018746015949542,0.027344679771196034,0.0,0.048834070070869436,0.016777706151161576,-0.4794717007515946
20201228,5.13,5.6920984555438917e-05,-9.773846487713037,1.2429988247231306e-08,-18.203153876940625,0.00925523133347902,-9.742834427125597,-9.723703470585747,0.003906254967065204,0.028672255768876553,0.008243422539506273,0.06432686773643051,0.03493068022003254,-0.6287209302912924
20201229,5.114,3.1750435115132576e-05,-10.357604128305853,1.8203222322302057e-09,-20.124252300853392,-0.008837297888100618,-9.962919537634056,-9.752261370928531,0.015965649074771937,0.011406220024438474,0.0027327754660819714,0.08663238013240059,0.04006849759313293,-0.8973038981043143
20201230,5.178,3.321262038309268e-05,-10.31258062225284,5.73887135432612e-09,-18.97600327411497,0.009098337095378073,-10.063765258614826,-9.829029716490227,0.020289420152255877,0.028800109820164455,0.0031237823136833764,0.18286761289461018,0.038269604728231627,-1.8858370011745904
20201231,5.287,7.051157628122366e-05,-9.559733659055269,4.340594336103843e-08,-16.95266946141327,0.008993763083463252,-9.964429978150012,-9.844625392554837,0.04112151607622305,0.02780886840961516,0.012437004460351009,0.5462101054171301,0.039318808536103526,-5.221623129672265
20210104,5.334,0.00015903979485451584,-8.74635610495551,4.370952525310025e-08,-16.9456997894182,0.009100253596200376,-9.750024200456501,-9.799324419813344,0.04172854204322607,0.03880085379999465,0.020832095923967175,0.8976701288327487,0.048834070070869436,-7.85134261155251
20210105,5.433,0.00017163649710179532,-8.670131706451702,6.657335818777624e-08,-16.524961366642863,0.009746486876188157,-9.529281244204235,-9.729233964523244,0.057385808386707815,0.0575807591622548,0.00885044850650929,0.9759529412563913,0.06432686773643051,-8.461640539991834
20210106,5.482,0.00014165117243393152,-8.862143054744019,6.785403802313187e-08,-16.505906938462477,0.009839157675515202,-9.230189029491868,-9.703246709493644,0.06948812101159918,0.06441691841352037,0.018390041809563717,0.9909601473234243,0.08663238013240059,-8.782030587130395
20210107,5.599,7.3599675563195e-05,-9.516869940347924,1.0284684316676114e-07,-16.090024914884268,0.010214131789007982,-9.071046893110886,-9.687776257574013,0.07816912903741047,0.09413209209689422,0.008978530311207988,0.9946900668566897,0.18286761289461018,-9.466335997231097
20210108,5.571,0.0001848843550503904,-8.59578003618304,6.530612052103875e-08,-16.544180075790813,-0.010286322994363292,-8.878256168536439,-9.618802611051683,0.05232359378536522,0.09226330944828764,0.021118012486162296,0.9990406742709804,0.5462101054171301,-8.587533883233338
20210111,5.508,0.00028059889123889986,-8.178584341697519,6.742500990718838e-08,-16.512249820984206,-0.01024899703099349,-8.764701815884841,-9.569622074767269,0.03210015510658604,0.09277164716277064,0.005013439328078073,0.9998353112894794,0.8976701288327487,-8.177237421188401
20210112,5.668,0.00015317915404599566,-8.783902380112023,1.7901309502361307e-07,-15.53580687722497,0.011382724496376798,-8.787455950616906,-9.49822862437962,0.04234485425904788,0.12340040673166053,0.011372990172269892,0.9997128802552724,0.9759529412563913,-8.781380348302934
20210113,5.646,0.00015455056764065048,-8.774989216532004,1.7775912005379788e-07,-15.54283646125975,-0.010964748462206872,-8.770025182974502,-9.511889935537233,0.029477331950703567,0.1307519987641299,0.028634740962025562,0.9994948610696078,0.9909601473234243,-8.770556627864963
20210114,5.543,5.556669261200906e-05,-9.797926589952965,1.6096292851915588e-07,-15.642091756120305,-0.012102193188117802,-8.82623651289551,-9.491142008540901,-0.01005213992908871,0.10349803802490687,0.0038889919971363263,0.9986209376714774,0.9946900668566897,-9.78441463849513
20210115,5.526,0.00021733613362705408,-8.43406540000168,1.608543829898524e-07,-15.642766334705966,-0.012211630179676731,-8.793893585659237,-9.42869539740601,-0.008110344537453518,0.09742968821985842,0.01841145939362998,0.9997143401028957,0.9990406742709804,-8.431656125747345
20210118,5.513,0.00024061615509474973,-8.332307611645613,1.575145167531134e-07,-15.663748213067066,-0.012287878461130124,-8.824638239648857,-9.297052787780764,0.0009073587411381201,0.09308157483963897,0.0030716439364428805,0.9997921305976414,0.9998353112894794,-8.330575579842112
20210119,5.438,0.00013456118738616182,-8.91349153756512,3.0092002256942207e-08,-17.319006406247038,-0.012651302846868369,-8.850556071139476,-9.260142509142979,-0.04142497561815506,0.06534796965301348,0.0023552868936782545,0.9990631855747905,0.9997128802552724,-8.905141250113745
20210120,5.468,5.7490614062192106e-05,-9.763888857186046,3.02294755260719e-08,-17.314448377757355,0.012510040647760904,-9.048335999270284,-9.24720904248577,-0.03203441096959447,0.07655878116105641,0.013697593397267616,0.9971754886618965,0.9994948610696078,-9.736310642404943
20210121,5.562,0.00010085977794960684,-9.201779342888544,2.412886392779374e-08,-17.539857039735953,0.01279636674440646,-8.9291065498574,-9.250741212068439,0.003421885374105482,0.08475835159616008,0.005501572651424258,0.9974418024605111,0.9986209376714774,-9.178239373614646
20210122,5.565,6.597859490095335e-05,-9.626180188223376,2.4111077005292776e-08,-17.5405944752702,0.012102866533220643,-9.16752950750174,-9.267514012634793,0.007032758226283464,0.10048075693328529,0.017044836950069975,0.9971979638882863,0.9997143401028957,-9.599207283718112
20210125,5.631,0.00016746759657099676,-8.69472067872114,2.796943098320367e-08,-17.392153673764877,0.01217930921118356,-9.240012120916845,-9.216894406333529,0.021178106664935026,0.10415758509539152,0.0005392289157351016,0.998412068199024,0.9997921305976414,-8.680914055254794
20210126,5.511,7.021250739808798e-05,-9.563984094738622,6.39904090293858e-08,-16.564532623732557,-0.013384313193098565,-9.370110632351546,-9.194511407849859,0.01333474869081952,0.0826166337240084,0.011790061544973307,0.9973564494166015,0.9990631855747905,-9.538701219005361
20210127,5.521,0.00010825552694963078,-9.131016135113637,6.380934751606846e-08,-16.567366144536575,0.013351808651147419,-9.243536087937063,-9.163267368835795,0.009646084440204428,0.0761861195853113,0.02154095137138312,0.9974613551066265,0.9971754886618965,-9.107835727630919
20210128,5.385,8.343104150707082e-05,-9.391490117524341,1.2432692646437308e-07,-15.90035123707557,-0.014663150712882827,-9.281478242864223,-9.145887533827217,-0.032340445203421275,0.048511651425673596,0.0018129084008091656,0.9967063789281001,0.9974418024605111,-9.360558107776724
20210129,5.348,0.0003005106395452228,-8.110027398475285,1.2477884794993973e-07,-15.896722882956338,-0.014750189226896474,-8.978247684914603,-9.043724955198556,-0.03977432548781157,0.04474078237070178,0.024941692693555728,0.9961902696591011,0.9971979638882863,-8.079130381029792
20210201,5.411,2.6897747604986195e-05,-10.523468007018861,1.246765611414293e-07,-15.897542963904797,0.014726607208819352,-9.343997150574149,-9.053310745415192,-0.03985312761188342,0.04401503733125223,0.006894651368655191,0.9759500381149067,0.998412068199024,-10.270379002551058
20210202,5.491,5.0434632260180706e-05,-9.894832470845598,9.08943503974471e-08,-16.21356798953775,0.014406782903866712,-9.410166825795546,-9.06854250958748,-0.003635706604362854,0.0378594110434225,0.011711259420901454,0.9767498563220067,0.9973564494166015,-9.664776194228764
20210203,5.485,6.116685630835097e-05,-9.701905078733557,9.089247574614314e-08,-16.213588614258956,-0.014328223377455035,-9.52434461451953,-9.11197655385012,-0.0065419095747139,0.027915667967371327,0.014676469636137446,0.983547820132757,0.9974613551066265,-9.542287591323314
20210204,5.474,0.00014550868855230795,-8.835274757999468,1.3497019393844242e-08,-18.120796961519932,-0.013818460494254989,-9.413101542614553,-9.1194830561932,0.016392300010135585,0.007518143049101367,0.0010932945695418805,0.9939109213017385,0.9967063789281001,-8.781476074677245
20210205,5.482,8.277174510812464e-05,-9.399423797465083,1.3045990707357727e-08,-18.154784975870957,0.01368703729266682,-9.670980822412513,-9.143904908135067,0.0247473386408974,0.0,0.002007483108706243,0.9962164803621438,0.9961902696591011,-9.36386089294284
20210208,5.554,0.00012095794189594155,-9.020067660426964,1.5081496963908916e-08,-18.009797211129637,0.01319336936324725,-9.370300753094133,-9.121322986320477,0.026084470224009726,-0.008069621482148515,0.0014603872621066216,0.9985140574920146,0.9759500381149067,-9.00666435846543
20210209,5.692,0.00016143125629055713,-8.731431163563103,7.837285407300866e-08,-16.361788218616866,0.014166656432209119,-9.137620491637636,-9.127488946655934,0.03595129193087043,0.02148710918892771,0.013048391004013782,0.9995142000135713,0.9767498563220067,-8.72718943442234
20210210,5.807,0.00015936165415456245,-8.744334384195898,1.1038797054593365e-07,-16.019264671486507,0.014440839182298418,-8.946106352730103,-9.153204857678588,0.05704699266271929,0.05286250552350458,0.024543291342998153,0.9997440418498142,0.983547820132757,-8.742096200542314
20210218,5.764,0.00021571282884044627,-8.44156253095321,1.1099502920469639e-07,-16.01378041857649,-0.0133252089574169,-8.867363907320852,-9.137643955444096,0.05162206751878817,0.016795356308841658,0.020002406162306974,0.9998754613275516,0.9939109213017385,-8.440511229962214
20210219,5.796,0.000223001358691357,-8.408332693736362,1.1118201785769323e-07,-16.012097178119216,0.013320022186432308,-8.669145686575108,-9.120977749862476,0.05569802657784195,0.026220694627138386,0.007432408252637357,0.9998889855471637,0.9962164803621438,-8.4073992472831
20210222,5.589,0.00017246420324155834,-8.665320860467824,4.5524137398603735e-07,-14.602438066379738,-0.015020070705645825,-8.59819632658328,-9.069495671249515,0.006281991402953269,0.008264509849893464,0.005536346321160401,0.9998136809115008,0.9985140574920146,-8.663706345783549
20210223,5.574,0.00012232827294638438,-9.008802364994283,3.826811242258662e-07,-14.776063768370648,-0.015016094605294694,-8.653670566869515,-9.09562007874918,-0.020948751167849444,0.008648702558531784,0.0363676441708749,0.9997191132530677,0.9995142000135713,-9.006271911804223
20210224,5.427,0.0005414762073817536,-7.521211430841725,4.5271126950946536e-07,-14.608011288823924,-0.016089132375064027,-8.40904597619868,-9.05875207053082,-0.06767759130864537,-0.01572244452627891,0.0026874512278045604,0.9999616080952207,0.9997440418498142,-7.520922677208647
20210225,5.478,0.00010902787996688718,-9.123906928928406,4.536318409940921e-07,-14.605979890801418,0.01595339026839332,-8.545514855793721,-9.068316406501879,-0.050891607296389196,0.007328724630607519,0.02672643397848895,0.9995069615520317,0.9998754613275516,-9.11940849201676
20210226,5.329,0.0001214923010768285,-9.015659662814167,5.691042998532387e-07,-14.379202115833916,-0.016969471064480036,-8.666980249609281,-9.034305988575884,-0.08400442114379092,-0.02574931554705806,0.009353575759618815,0.9993229166998275,0.9998889855471637,-9.009555310216438
20210301,5.418,7.128145372944027e-05,-9.548874380376688,2.3429944137356772e-07,-15.266665875671237,0.016945142496894244,-8.843690953591054,-9.050083035734437,-0.031073636624657786,-0.026231012148869803,0.02757646752624132,0.9989802920085235,0.9998136809115008,-9.539137316861412
20210302,5.349,0.00023361295929204392,-8.361844832127542,2.3968649162197876e-07,-15.243934052446708,-0.01711852779437432,-8.714299447017705,-8.992613246820989,-0.04120330151064344,-0.03958735717839512,0.016563140348258232,0.9997841451319194,0.9997191132530677,-8.360039887214391
20210303,5.454,0.00015301922282135897,-8.784947005108513,1.6620266532976395e-07,-15.6100579177718,0.017481539239555987,-8.967046561871063,-8.996714443474959,0.004962789342129126,-0.03193776184908481,0.012817116113790217,0.9997766999154593,0.9999616080952207,-8.782985325699586
20210304,5.287,0.0001822989146744378,-8.60986282981116,3.517300905990092e-07,-14.860401743551652,-0.018111926513576057,-8.864237742047615,-8.953345295069168,-0.03548909358757335,-0.04149511764778535,0.019439656874283617,0.9998465162793877,0.9995069615520317,-8.608541356030079
20210305,5.266,0.00025895871692512614,-8.25884190308081,2.3611991280559353e-07,-15.258926055854046,-0.018097691424258912,-8.712874190100942,-8.913701011794949,-0.011892542240527382,-0.04728794222778987,0.03109830717008366,0.9999279219102722,0.9993229166998275,-8.258246621533074
20210308,5.08,0.0005097063100136356,-7.581675860836882,5.554929222837339e-07,-14.40340996911129,-0.01889342336302112,-8.31943448619298,-8.831436727400062,-0.06441548207251269,-0.058306049017961215,0.003979916179195353,0.9999798657384599,0.9989802920085235,-7.581523209392188
20210309,4.979,0.00042217636605707757,-7.7700874021910735,5.826247322922237e-07,-14.355722541739175,-0.0192405108136156,-8.201083000205688,-8.815984909387144,-0.07168055988906752,-0.07149359157965107,0.03595979948372707,0.9999524271562167,0.9997841451319194,-7.769717757036906
20210310,5.0,9.962309338306793e-05,-9.214116558973611,5.54125770894431e-07,-14.405874152689865,0.01902802866404896,-8.286916910978707,-8.756468934475997,-0.08691137198929644,-0.07899600622649783,0.02008219393034505,0.9993882814513046,0.9997766999154593,-9.208480112964645
20210311,5.129,0.00010065655570894901,-9.203796274279274,4.512721927398051e-07,-14.611195147921821,0.019650618633630268,-8.40570359987233,-8.725058198268437,-0.030340268846181795,-0.06819967988960429,0.004208844774054699,0.9992010767597086,0.9998465162793877,-9.196443147536845
20210312,5.142,9.890348427560148e-05,-9.221366089666983,4.512302257752897e-07,-14.611288149256076,0.01968341284341543,-8.598208437189566,-8.70321551694723,-0.02382895223041981,-0.06457498488349578,0.02547279597303098,0.9992786629543848,0.9999279219102722,-9.214714376695326
20210315,5.04,0.00021944697125377162,-8.424399943457415,1.4903618556602275e-07,-15.71907670433793,-0.020015439523332835,-8.766753253713672,-8.6845393890135,-0.007905179507113447,-0.08260352853521025,0.002531400436566633,0.9997008616079428,0.9999798657384599,-8.421879882004282
20210316,5.073,9.289488308132331e-05,-9.284041993518017,1.1686971326162151e-07,-15.962206084485818,0.020107223408034672,-9.06954417197906,-8.679294761561358,0.01870329092450751,-0.07753763929604096,0.02003602676042071,0.9992264266558212,0.9999524271562167,-9.276860106105595
20210317,5.096,0.00020665591169775275,-8.484455410119548,1.168906969861521e-07,-15.962026552591903,0.019853172222248867,-8.923611942208247,-8.65494875018375,0.019018005835761853,-0.0860624706147457,0.006526276501275907,0.9992322683261765,0.9993882814513046,-8.477941624966055
20210318,5.136,4.177368710839859e-05,-10.083243911663127,3.3433377717259e-08,-17.21371110311235,0.019014167599437307,-9.099501469685018,-8.716394784188296,0.0013638579805288487,-0.10278711383994588,0.004523559685309042,0.9968011860163548,0.9992010767597086,-10.050989490037994
20210319,4.997,0.00013168542982424782,-8.935094586889846,1.467606691849712e-07,-15.734462677746563,-0.01877106849996666,-9.04224716912959,-8.725065702492566,-0.028604376481629945,-0.150226354027845,0.007818648117797977,0.9982729409720789,0.9992786629543848,-8.919663151118229
20210322,5.054,7.956812903602027e-05,-9.438896934285733,1.1783949656242695e-07,-15.953942337014103,0.019164951097696958,-9.245146567295254,-8.770399084462227,0.002773926882725375,-0.13145166917127304,0.02743683402559216,0.9983219487669848,0.9997008616079428,-9.423057981646851
20210323,5.009,0.00014036526035740904,-8.871262530341033,1.1875635701614776e-07,-15.946191862696928,-0.018998711465278185,-9.162590674659857,-8.791441349762438,-0.01269606420907321,-0.14593173008295612,0.011342276603934609,0.9990782759611221,0.9992264266558212,-8.863085674411622
20210324,4.933,0.00023427520006300684,-8.35901406498823,1.296006754959892e-07,-15.85880784088141,-0.017929177637455128,-9.137502405633594,-8.777518313604276,-0.03250859601826095,-0.12485305803595992,0.008943714590522678,0.9989771900204292,0.9992322683261765,-8.350464381983187
20210325,4.929,7.355077072921375e-05,-9.51753463198854,1.2885335594794516e-07,-15.86459085480153,-0.01794851802882312,-9.024360549698676,-8.80064250755856,-0.04113843866441935,-0.12297680133651578,0.015288972123878697,0.994504841184459,0.9968011860163548,-9.46523426765335
20210326,5.033,0.00013510769427399694,-8.90943836218464,5.353331628263269e-08,-16.742961642608147,0.018147571572603993,-9.019229304757634,-8.863743731710512,0.007178495432154985,-0.07537026728704466,0.000811194528360426,0.9906443653858813,0.9982729409720789,-8.826084912251028
20210329,5.043,0.0001105549559209738,-9.109997821986997,5.02263984294735e-08,-16.806725083338385,0.01796758322984265,-8.953449482297888,-8.86311149957681,-0.0021788658714143594,-0.08273892774629821,0.020880100070982177,0.9765213250253199,0.9983219487669848,-8.896107144104521
20210330,5.087,7.336390372738063e-05,-9.520078518136032,5.00857439262247e-08,-16.809529421719063,0.017330827501374657,-9.083212679856889,-8.886039629364168,0.015451971465147984,-0.04647533747401722,0.001984915300365264,0.9437576014265334,0.9990782759611221,-8.984646467668329
20210331,5.05,8.250717249146865e-05,-9.40262532911211,3.9725653749201965e-08,-17.041268667788007,-0.016846301303288003,-9.291934932681663,-8.879391945215778,0.023440921035667195,-0.07033850037563494,0.008687122746039666,0.9083140937035042,0.9989771900204292,-8.54053710424608
20210401,5.112,4.2511891817842244e-05,-10.065726713694074,4.4159830978283884e-08,-16.93545026246941,0.017009673695551827,-9.40157334902277,-8.956841121650621,0.03645458935199297,-0.04531891047387937,0.0073000225533594865,0.8599399813942402,0.994504841184459,-8.65592084289359
20210402,5.161,4.752823023735614e-05,-9.954186702675889,7.800740390773864e-09,-18.66904718586158,0.01653822614144643,-9.610523017121022,-9.009988380630956,0.025114131372367066,-0.05521892525680672,0.012202473787965351,0.843487735500165,0.9906443653858813,-8.39623440058594
20210406,5.133,3.801007472181432e-05,-10.177659309118843,7.972801813631828e-09,-18.647229860924032,-0.015283259072464379,-9.824055314547389,-9.081251856963123,0.017689140483577948,-0.02956069367514691,0.00953964209135627,0.8417096108495852,0.9765213250253199,-8.566633656438079
20210407,5.098,7.87081884822073e-05,-9.449763361165514,7.2720603016069786e-09,-18.739226187805425,-0.015318907449067654,-9.809992283153285,-9.135384650512428,0.002160040113295736,-0.0324227551201941,0.005440075588423854,0.863629247652627,0.9437576014265334,-8.161092022098734
20210408,5.109,9.103980428051119e-05,-9.304213737407203,6.708404934705153e-09,-18.819904628870436,0.01324835380773135,-9.790309964812305,-9.213681826720169,0.011615447061392503,0.0056924287582702515,0.006841977624242546,0.8804700149436209,0.9083140937035042,-8.192081208413562
20210409,5.038,4.67980927706949e-05,-9.96966810863402,9.945301844582387e-09,-18.426165573710183,-0.012861188274642544,-9.771098243800292,-9.313662767922123,-0.014581539144815192,0.011780110270372957,0.002155384394737281,0.88823155763104,0.8599399813942402,-8.8553738331965
20210412,4.954,0.00017117888092316538,-8.67280146095965,2.4273402045370444e-08,-17.53388465210893,-0.013347069085339024,-9.514821195457046,-9.289057536194214,-0.04093502809942229,-0.009242581366932567,0.013994512418242344,0.9126465733407827,0.843487735500165,-7.915202534609759
20210413,4.947,8.580315289956525e-05,-9.363454805064334,2.4099035592048347e-08,-17.541094014177954,-0.012029161152227899,-9.351980294646145,-9.29631474213899,-0.03690895133259464,-0.036129376161559756,0.016813846863250825,0.9089637216488892,0.8417096108495852,-8.51104072710245
20210414,4.975,3.460741162353803e-05,-10.271442690067243,2.3863700965026475e-08,-17.550907320610897,0.012098691973064098,-9.51631616042649,-9.344045496702638,-0.02442293534336759,-0.033016738233141885,0.0014139988215962074,0.9002301361132775,0.863629247652627,-9.246662250958963
20210415,4.947,0.00010106738310586406,-9.199723104110953,2.4062334852220837e-08,-17.54261808820629,-0.011418741888587545,-9.49541803376724,-9.379287458550525,-0.03222235810308938,-0.01862474983770568,0.005644038364984505,0.9124356722188613,0.8804700149436209,-8.394155534726867
20210416,4.963,6.614355201898828e-05,-9.62368314730189,1.6412917978713347e-08,-17.92519713054576,0.01133872146922689,-9.426221041500813,-9.39472569281343,-0.014998781325114674,-0.021921961979249227,0.005644038364984505,0.9147731122948821,0.88823155763104,-8.803486584397156
20210419,5.089,0.00025642882781444585,-8.268659406264215,7.944411429988214e-08,-16.348212027263077,0.012592036418593383,-9.345392630561728,-9.384916783547277,0.026886016539527935,-0.0013745706631664856,0.0032290643597323587,0.9193047671830766,0.9126465733407827,-7.601418010391881
20210420,5.081,5.4799757142017595e-05,-9.811824795735133,7.944454004064464e-08,-16.348206668280532,-0.012470742538370725,-9.435066628695887,-9.372579551005096,0.026726760366023505,-0.0107664737760651,0.025070951001391784,0.8708599751559161,0.9089637216488892,-8.544725497848098
20210421,5.093,4.308408284396938e-05,-10.05235693662992,7.924778279199236e-08,-16.350686401968506,0.01092725252806033,-9.391249478008422,-9.42336420326601,0.02344167729191149,0.01902931554039955,0.001573254995100637,0.8410464671959159,0.9002301361132775,-8.454499288544953
20210422,5.089,5.203703096718365e-05,-9.863554958845633,7.904490865077506e-08,-16.353249682059943,-0.010676558045482003,-9.524015848955358,-9.442666840746005,0.028300015361124142,0.006901338640693089,0.0023589552908724887,0.8339414971756944,0.9124356722188613,-8.225627789854473
20210423,5.14,3.9483553668415194e-05,-10.139626335585199,8.100064598114625e-08,-16.328808707229893,0.010657171332151123,-9.627204486612019,-9.500319740984375,0.035042682861769814,0.025816785091593797,0.0007857002957718517,0.8373272660136181,0.9147731122948821,-8.490185597975234
20210426,5.076,0.00019040313615934146,-8.566366964317549,6.91409206245825e-09,-18.789704180167064,-0.0104687637153607,-9.686745998222687,-9.509744872772073,-0.0025577977545545583,0.028576227600539905,0.00997173186037803,0.8660433730590891,0.9193047671830766,-7.418845340639519
20210427,5.089,3.809423150862518e-05,-10.17544769126745,6.92142722216115e-09,-18.788643842605566,0.010461065155452951,-9.75947057732915,-9.539650011830204,0.001573254995100637,0.03194521988345489,0.012529529614932589,0.857429348779471,0.8708599751559161,-8.72472748746302
20210428,5.127,5.896614773734688e-05,-9.738547045889536,7.52782261151846e-09,-18.704659998766886,0.009632036693254187,-9.696708599181074,-9.577336770180427,0.006653644899095923,0.018504465007340487,0.0025577977545545583,0.8694005670966966,0.8410464671959159,-8.46669832439422
20210429,5.173,3.8380113483390215e-05,-10.167971110552452,8.800791980781839e-09,-18.548424121695692,0.009784002323490387,-9.757591829522436,-9.62542646511522,0.01637144341468244,0.02545164792678989,0.007439345194867775,0.8889182883387284,0.8339414971756944,-9.038495475469926
20210430,5.128,9.956540376205848e-05,-9.214695805500888,7.988760485493622e-09,-18.645230222432467,-0.00985042128633884,-9.572605723505577,-9.611545432722714,-0.0023373598487046454,0.008027453777741167,0.008932098219814666,0.9541880572093491,0.8373272660136181,-8.79255268842603
20210506,5.061,0.0001866794944099592,-8.586117345210951,9.043043407106586e-09,-18.521270059121452,-0.010141934770729728,-9.576555799684256,-9.57443143345448,-0.002959457620200112,0.002175848944672598,0.008737071403009056,0.9883401519764374,0.8660433730590891,-8.486004521853317
20210507,5.0,0.0001191347034454217,-9.035255743312122,1.3358884489392946e-08,-18.131084168626845,-0.01008555793107206,-9.34851741009319,-9.527591843891663,-0.017643435172595368,-0.02215280464113345,0.013151627386428055,0.9935624738227369,0.857429348779471,-8.977091047946283
20210510,4.999,9.801034358508355e-05,-9.230437538076805,1.2746296309578691e-08,-18.178025093064306,-0.009810579337468886,-9.246895508530644,-9.494694154591706,-0.0252828003701302,-0.03189246673515678,0.012126179797840697,0.9949591946490048,0.8694005670966966,-9.18390869914284
20210511,5.025,0.00020004555177912276,-8.516965458453743,1.1618088893972732e-08,-18.270702566004694,0.009866229335952064,-8.9166943781109,-9.419208070470564,-0.029027337076238613,-0.02126482963302667,0.00020002000266705622,0.9952733790833501,0.8889182883387284,-8.476708991371432
20210512,5.056,6.185290840968007e-05,-9.690751436631027,1.073878525101595e-08,-18.349403859382118,0.009886614114376567,-9.011905504336928,-9.430162073900815,-0.014140062773812634,-0.008272649109367203,0.005187561513706251,0.9873729132330604,0.9541880572093491,-9.568385477403842
20210513,5.001,4.852483910624921e-05,-9.933434744602502,7.617877870545453e-09,-18.692768000713777,-0.010118342142292827,-9.28136898421524,-9.458763028773328,-0.011926199795174286,-0.02136579791189419,0.006150202899416923,0.9823972784565047,0.9883401519764374,-9.758579258822783
20210514,5.127,0.00019467132809768505,-8.544197918383565,7.996375059063979e-08,-16.34169242257834,0.011084343906445464,-9.183157419229527,-9.393968929216488,0.025082780367463142,0.017511514871144884,0.010937764407789707,0.9830739716490802,0.9935624738227369,-8.399578582181135
20210517,5.188,0.00011853824802462836,-9.040274881327194,8.38776765415013e-08,-16.29390633108769,0.010588445362540827,-9.145124887879607,-9.410672266505923,0.03711037402276407,0.04615293538702958,0.02488280036479673,0.9672811309062893,0.9949591946490048,-8.74448731091389
20210518,5.19,3.6437054240413536e-05,-10.219924327467645,8.373284278365103e-08,-16.295634549513142,0.010566953786479842,-9.485716661682387,-9.449602699342437,0.032308243232657796,0.047952364932225766,0.011827573652633872,0.925006553730666,0.9952733790833501,-9.45349698153904
20210519,5.176,3.429777181090636e-05,-10.280430167683644,8.345734350558968e-08,-16.29893019184158,-0.010586436485403458,-9.60365240789291,-9.450011221052273,0.02345690035404302,0.03960718658804341,0.00038543072359997765,0.9152809623608447,0.9873729132330604,-9.409482017360945
20210520,5.19,4.969656876370992e-05,-9.909574666204549,8.060549846575077e-08,-16.333698970582603,0.010455695042099856,-9.598880392213319,-9.482277201147438,0.03709580474103058,0.047952364932225766,0.002701139979197853,0.9253027256528502,0.9823972784565047,-9.169356448699503
20210521,5.135,0.00014630854687435653,-8.829792831450764,6.511883126241502e-09,-18.849637155851717,-0.010802534238591836,-9.65599937482676,-9.446191277699658,0.0015591505789580573,0.034069446775217616,0.002701139979197853,0.948955168385406,0.9830739716490802,-8.37907754317761
20210524,5.163,7.643158628811087e-05,-9.479114514141255,2.772850824649085e-09,-19.703389867414664,0.00949911174536833,-9.743767301389571,-9.501211964421342,-0.004830460556685123,0.014436458290816523,0.010653853797275792,0.9515434437896857,0.9672811309062893,-9.019789268862763
20210525,5.327,0.00017781880843649922,-8.634745456246948,1.940067835430038e-07,-15.45537271177789,0.01150180815689764,-9.426731527145431,-9.447708358080972,0.026054530757064764,0.047280135323267025,0.005437962516990691,0.9532956456477645,0.925006553730666,-8.231465244717036
20210526,5.328,2.3931719399844232e-05,-10.640305807398915,1.9399613700934048e-07,-15.455427590404323,0.011509234673199139,-9.498706655088487,-9.474433306752287,0.0289433760394886,0.04510888533562052,0.031270422037349865,0.931936313673816,0.9152809623608447,-9.916087370509441
20210527,5.347,0.0001581938326010785,-8.751689488213161,1.9401760424800977e-07,-15.455316938453587,0.01149552374563514,-9.267129619490209,-9.423893967178087,0.02980195878879721,0.049454308359898835,0.00018770530322598233,0.9409357667148638,0.9253027256528502,-8.234777658642265
20210528,5.332,9.090944226097973e-05,-9.3056466869172,1.9145340180675114e-07,-15.468621390537713,-0.011409229851322897,-9.362300390583496,-9.38598580132954,0.03764655893594071,0.03667332284938851,0.0035597227285064648,0.9318913505799217,0.948955168385406,-8.671851659090843
20210531,5.338,4.140537471581105e-05,-10.092099861506012,1.9127882779867804e-07,-15.469533642011072,0.010962838057995595,-9.484897460056448,-9.455337296656289,0.03333324508482027,0.050327501130191354,0.002809253650132293,0.9151131640505129,0.9515434437896857,-9.23541343617651
20210601,5.346,0.00010836474052094119,-9.130007793818159,4.58966126479423e-11,-23.025850929940457,0.010963924097150118,-9.58394992757069,-9.407817301317683,0.0035603897818652364,0.049267270110031625,0.0011246486658702537,0.9146182098875341,0.9532956456477645,-8.350471384641198
20210602,5.303,8.47013371846564e-05,-9.376379169126794,8.966384823298365e-10,-20.832368364840686,-0.011111524133409044,-9.331164599916267,-9.391355125101194,-0.004703235083095114,0.03375200535342948,0.0014975667343948285,0.9026580379989102,0.931936313673816,-8.463664024337843
20210603,5.262,5.087550224659146e-05,-9.88612904208137,1.5903230521280488e-09,-20.25932866391299,-0.011152191853137096,-9.558052510689908,-9.378544121988874,-0.01602447334849355,0.017058391596722844,0.008075919561734368,0.8839730502496915,0.9409357667148638,-8.73907164449073
20210604,5.295,0.00022466155835260086,-8.400915473281536,1.883393414658525e-09,-20.09019067937642,0.011000197638476528,-9.377106267962775,-9.341554106887994,-0.006963423263092405,0.03204725943500075,0.007761515536891972,0.8774857534507906,0.9318913505799217,-7.371683643748854
20210607,5.289,3.920510812680462e-05,-10.146703510300123,1.8834039414458547e-09,-20.090185090125747,-0.010528496310563518,-9.388026997721596,-9.412489841664774,-0.009221858898489588,0.04406509985190188,0.006251796435268853,0.7808178484617325,0.9151131640505129,-7.92272720389165
20210608,5.247,0.00026513155369153397,-8.235284426133518,2.6904760151747027e-09,-19.733547701673746,-0.010297783233781794,-9.209082324184669,-9.376127509065746,-0.018692133012152556,0.048218572270474436,0.0011337869695269287,0.7492499552055,0.9146182098875341,-6.17028648738509
20210609,5.255,1.5436175462439756e-05,-11.078796747261011,1.8408114094417762e-09,-20.113059379137848,0.01028526930945638,-9.549565839811512,-9.460143836755938,-0.009092693826078468,0.04994211189748121,0.00797270737926814,0.35962577660162826,0.9026580379989102,-3.984220884045334
20210610,5.289,8.109814431705585e-05,-9.419850478522005,1.4609920894616536e-09,-20.344150118660917,0.010305807223248638,-9.456310127099638,-9.501184064940858,0.005118009465741924,0.05120373813870338,0.0015235196243397198,0.33886294098869146,0.8839730502496915,-3.192038236825699
20210611,5.24,5.1581938093740275e-05,-9.872338983697006,2.656526275549619e-09,-19.746246479045766,-0.01055666029489743,-9.750594829182733,-9.50943804435295,-0.01044148072041895,0.035745841488394436,0.0064491877549284204,0.30771224881736836,0.8774857534507906,-3.0378396297607786
20210615,5.181,0.00012076233675016262,-9.021686102947147,5.944250252842471e-09,-18.9408414286604,-0.010578810778454864,-9.525591347712139,-9.467994924277706,-0.020631104251191523,0.03536019539588464,0.009307693750892021,0.2931672332646038,0.7808178484617325,-2.6448627541827405
20210616,5.11,8.828521714845276e-05,-9.33493788058233,1.2386883709582351e-08,-18.20662768952027,-0.009704486658372903,-9.7455220386019,-9.503937649832194,-0.02645708048896167,-0.003321288585950377,0.011323410500299502,0.23806580402141492,0.7492499552055,-2.2223294920307954
20210617,5.121,3.5602934918812454e-05,-10.24308248196473,1.2390082309139309e-08,-18.206369498136198,0.009348470773758362,-9.578379185542643,-9.558610722588448,-0.025830271848501063,-0.012998533973783921,0.013798683617038288,0.15000294531233843,0.35962577660162826,-1.5364925413719273
20210618,5.126,8.249165890186136e-05,-9.402813373954878,1.20442844411787e-08,-18.234675609769305,0.009352253949558936,-9.574971764629218,-9.521469315610593,-0.03130356414196345,-0.012408069235917862,0.0021503282648003275,0.1255503576469423,0.33886294098869146,-1.1805265819874873
20210621,5.119,8.637636177795036e-05,-9.356796510119963,1.0543920876531546e-08,-18.367716363336992,-0.009342054043614267,-9.47186326991381,-9.479485967539516,-0.02336239085750469,-0.011073449723153272,0.0009758954614660365,0.08930286631363753,0.30771224881736836,-0.8355887478671532
20210622,5.145,3.0021994672215147e-05,-10.413580289188994,7.387625478589452e-09,-18.723459469100987,0.009394149524385898,-9.75024210716218,-9.502395314038809,-0.00697271854663839,-0.008708327891784329,0.001366520466433263,0.032907596809031436,0.2931672332646038,-0.3426859014951084
20210623,5.176,7.564745818200277e-05,-9.489426718003543,3.9735830702206333e-10,-21.646182705703097,0.009197320776051447,-9.781139874646422,-9.532378672518481,0.012833152982986373,0.007952713818077939,0.005066261810566797,0.02117457336491089,0.23806580402141492,-0.20093456223131156
20210624,5.189,2.1729201660941372e-05,-10.736853503397919,4.010007709372161e-10,-21.63705776608713,0.009141359753628491,-9.87989407893306,-9.589548626575603,0.013191267905189319,0.005023194488090521,0.006007187912586476,0.005806815288697034,0.15000294531233843,-0.062346925076031345
20210625,5.27,9.121005159433925e-05,-9.302345452106987,1.1913173312276165e-08,-18.245621048071143,0.00694475159044568,-9.859800494563482,-9.619894080932877,0.027704734611391446,-0.01075786538159118,0.002508443187003273,0.004971924311695165,0.1255503576469423,-0.04625055750911768
20210628,5.279,1.9565690755988402e-05,-10.84173299722677,1.1914171304079433e-08,-18.245537279458237,0.006959329935250334,-10.156787791984843,-9.629049862288689,0.03077757836603312,-0.009239247396608752,0.015489362167668164,0.0007707892622628955,0.08930286631363753,-0.008356691378583712
20210629,5.225,3.3552724818061975e-05,-10.302392481210736,1.4017638385066095e-08,-18.082949415672257,-0.007203797543456804,-10.134550230389191,-9.699536361970397,0.015429428564861736,-0.023080858115719805,0.0017063232882084112,0.0005967208541739119,0.032907596809031436,-0.006147652441422958
20210630,5.256,1.9392039115596145e-05,-10.850647930979768,1.4002095292595942e-08,-18.084058854772803,0.0073411314653545395,-10.406794472984437,-9.769763691245968,0.015337723983710028,-0.014356121134152744,0.010281887990604588,0.0008916789618089707,0.02117457336491089,-0.009675294482050695
20210701,5.254,6.462083428423066e-05,-9.646973687031785,1.3994180913126439e-08,-18.084624242799567,-0.0073307862600216055,-10.188818509711208,-9.74953068331532,0.01244869087774525,-0.015861359718984502,0.005915483331434768,0.006121630169265496,0.005806815288697034,-0.05905520516464417
20210702,5.113,6.511039343813578e-05,-9.639426368065418,1.1200881871757707e-07,-16.00468823020124,-0.009226003327967788,-10.256234692902897,-9.772686073053833,-0.03024404645540857,-0.044562301618864986,0.00038058991896150474,0.010917132631380052,0.004971924311695165,-0.10523489615059228
20210705,5.12,3.3041557436867896e-05,-10.317744472502723,1.1200782400292751e-07,-16.00469711092222,0.009150482721602425,-10.151436987958087,-9.815475405025465,-0.03058224679006294,-0.03511825910357658,0.027203375165485655,0.015265881110468608,0.0007707892622628955,-0.15750946044542122
20210706,5.127,6.618386754254484e-05,-9.623073817430008,1.0977329473040787e-07,-16.024848554844677,0.009064156187717493,-10.01557325520194,-9.803518349359495,-0.018934105049311256,-0.02599048981653751,0.0013681229535540407,0.03491509162177285,0.0005967208541739119,-0.33599050401865216
20210707,5.18,0.00012572822658716448,-8.981387912388554,1.1176577306631314e-07,-16.006860467405616,0.009260282626550851,-9.641721251483698,-9.829903460227998,-0.014565224910917829,-0.021957922781978167,0.001366253750147095,0.05518822187539039,0.0008916789618089707,-0.4956668288578488
20210708,5.136,6.498128956982193e-05,-9.64141118227817,1.1282484184205878e-07,-15.997429293033054,-0.009398686129676852,-9.640608750532975,-9.806935627136088,-0.02271512487568783,-0.029354625696182746,0.010284363469828195,0.05742734662518499,0.006121630169265496,-0.553680661920623
20210709,5.112,9.902611044643913e-05,-9.220127000720238,3.394109162178513e-09,-19.50122450736978,-0.009313841959381288,-9.556748877063939,-9.851701198708213,-0.00019559902262855644,-0.026065767629340986,0.008530489883731507,0.05991827658906003,0.010917132631380052,-0.5524541198154157
20210712,5.18,0.00012880947723693066,-8.957176165968901,9.491750760873404e-09,-18.47284275652701,0.009796716100839787,-9.284635215757174,-9.755263899558571,0.01165061721997529,-0.014374948057522818,0.00468384931242638,0.05347186077698787,0.015265881110468608,-0.4789568769016431
20210713,5.196,3.51149331964305e-05,-10.256884070777698,9.509146920370547e-09,-18.471011667843772,0.009706393366049162,-9.411397266426713,-9.79331088102474,0.013368406006789568,-0.017740093275489865,0.013214339196157887,0.02298363110924164,0.03491509162177285,-0.23574043981301135
20210714,5.139,3.539442388960652e-05,-10.248956267474442,1.0232676583676288e-08,-18.39767965057175,-0.009784883341974226,-9.664910937443889,-9.810429848469168,-0.007946548261299036,-0.019462990322858253,0.0030840425369613733,0.014623799380842253,0.05518822187539039,-0.14987868031857207
20210715,5.207,6.807582266778497e-05,-9.594888434750553,1.5145616661505943e-08,-18.00555467612836,0.009931391689098092,-9.655606387938366,-9.836484499914777,0.013729307793101775,0.0050057863481105525,0.011030590798260409,0.01410832309408078,0.05742734662518499,-0.1353677860891198
20210716,5.156,2.448105935762562e-05,-10.617610826843649,1.6926523746187997e-08,-17.8943839928836,-0.009698425617743459,-9.935103153163048,-9.89478781565393,0.008570368001707074,0.008961680861327759,0.013145366170669304,0.012571648120949101,0.05991827658906003,-0.13348086720025779
20210719,5.178,0.00011298433985307994,-9.088261334226747,1.0893912337734944e-08,-18.335061704856397,0.009726827733036606,-9.961320186814618,-9.842295945302201,-0.0003861749420457361,0.011069148848932508,0.009842789103821081,0.0237279735603353,0.05347186077698787,-0.21564602464794985
20210720,5.165,3.4257037763454284e-05,-10.281618532219953,1.088380546592581e-08,-18.335989889584095,-0.009747184008643207,-9.96626707910307,-9.882241634314251,-0.005983996236751166,0.007579474629722416,0.004257796252405077,0.025070102910210466,0.02298363110924164,-0.2577612346862813
20210721,5.204,4.371828485916069e-05,-10.037744125545295,8.563322468349556e-09,-18.575777583273265,0.009856501559779754,-9.92402465071724,-9.913193798651767,0.012569052640166278,0.016468453174812714,0.0025137787577440562,0.03871636846159338,0.014623799380842253,-0.3886250000878061
20210722,5.209,2.2289396659379038e-05,-10.711399478704076,2.591479527296778e-09,-19.771036878273353,0.009809614169594832,-10.147326859507944,-9.926731034538815,0.00038402458229258585,0.012362529477041528,0.007522458078657035,0.0710080184557726,0.01410832309408078,-0.7605952518709721
20210723,5.157,4.084938268418747e-05,-10.105618848542642,2.740750374806891e-09,-19.715034094620503,-0.009980227489239338,-10.044928463847743,-9.954739767745139,0.00019392999188116988,-0.0036775421297774447,0.0009603381127956112,0.3250731004147688,0.012571648120949101,-3.2850648507056825
20210726,4.982,0.0005509960216311046,-7.503782969107654,2.8679005079206094e-07,-15.064515419226922,-0.01234923282997571,-9.728032790823924,-9.80778201618649,-0.038587464489357126,-0.04070958354561394,0.010032883694232497,0.9831878380013708,0.0237279735603353,-7.377628154228461
20210727,4.809,0.00034170342344473506,-7.981567380032417,5.988197139124279e-07,-14.328305262577423,-0.0136384611160809,-9.268022560386417,-9.747746649274008,-0.07141594027607612,-0.09154120025774515,0.03452359822883322,0.9987462844943772,0.025070102910210466,-7.971560765248897
20210728,4.819,0.00025003815047027546,-8.293897049863409,5.981830116690927e-07,-14.329369090235916,0.013646287423048643,-8.919253145250039,-9.631935924393856,-0.07686112299206327,-0.09117024818328368,0.03534225454446305,0.9994230181686525,0.03871636846159338,-8.289111621954572
20210729,4.906,7.207611651524761e-05,-9.537787823540055,6.186810022442045e-07,-14.295676040805901,0.014346896939190917,-8.684530814217236,-9.597181167227006,-0.05992895292675704,-0.06299585201457725,0.0020772753626698837,0.9978237602613537,0.0710080184557726,-9.517031310659691
20210730,4.872,8.231673197200195e-05,-9.404936166303258,6.171223784913336e-07,-14.29819848831429,-0.01423382965525778,-8.54439427776936,-9.531466996105348,-0.05685048466122611,-0.07586575077471358,0.01789250817810184,0.9972665163424344,0.3250731004147688,-9.37922792699222
20210802,4.993,0.0003720160481512028,-7.896573564430233,4.0544931237668573e-07,-14.718269971508237,0.015430249014796145,-8.622952396833876,-9.451903354168913,0.002205514678483622,-0.050952759744875564,0.006954415428701566,0.9971145058795449,0.9831878380013708,-7.873788047838328
20210803,4.995,7.338882326451577e-05,-9.519738905538905,9.341166823735183e-08,-16.186249571919642,0.014397931198694144,-8.930586701935173,-9.446463014963163,0.03794824980499123,-0.02334890399734535,0.02453240111087651,0.974502003168574,0.9987462844943772,-9.27700463308947
20210804,5.039,2.0458157950122274e-05,-10.797128833257226,9.459119132177982e-08,-16.173701480215804,0.01454316335107309,-9.431233058613936,-9.468253213179278,0.04464121204026528,-0.01594678935295546,0.00040048058204456005,0.9504635362618317,0.9994230181686525,-10.262277252332247
20210805,5.009,0.0001172797816601179,-9.05094818152516,7.434731617140314e-08,-16.414518261915667,-0.014577022612601305,-9.333865130210956,-9.442247502456327,0.02077734853918245,-0.02328439842608354,0.00877023759794393,0.9589056073253385,0.9978237602613537,-8.67900496287555
20210806,4.993,3.6467545086623457e-05,-10.21908786863599,7.390045774637217e-08,-16.420546814879202,-0.014359239855148916,-9.496695470677503,-9.498506591376666,0.02453240111087651,-0.03676812475291924,0.005971355322980987,0.9581597739338412,0.9972665163424344,-9.79151892202232
20210809,5.048,0.00016984604113552267,-8.680618171633304,4.339273542765371e-09,-19.255558889304368,0.014516105092780883,-9.653504392118116,-9.454834181801901,0.010955193720439738,-0.017282441148747996,0.003199362857007504,0.9726512382232433,0.9971145058795449,-8.443214013182319
20210810,5.105,0.00014833605284117815,-8.816030230873453,7.518265320056584e-09,-18.705930401118746,0.014707774847336316,-9.512762657185027,-9.436466146808865,0.021783039516112046,-0.001370265458604747,0.010955193720439738,0.9712697595756139,0.974502003168574,-8.562743562751804
20210811,5.078,4.01963107704672e-05,-10.12173533842952,6.493181715204331e-09,-18.85251317748727,-0.01443920183068025,-9.377683958219485,-9.489400654647984,0.0077098335840257715,-0.019887572988904978,0.011228326377716868,0.9547302919278533,0.9504635362618317,-9.663527334475285
20210812,5.046,3.660384532171382e-05,-10.215357259640927,6.558305168315683e-09,-18.84253362585918,-0.014454735513955293,-9.610565773842639,-9.487513072323583,0.007359555843386101,-0.02929324858948701,0.005302968334142344,0.9527873873131525,0.9589056073253385,-9.733063553883724
20210813,5.019,0.0001112440150019977,-9.103784436099927,6.703062393788759e-09,-18.82070134127604,-0.014323583613432401,-9.387505087335427,-9.435459807261108,0.005193779154324174,-0.02362779733729603,0.0063216330636206575,0.9660307997710535,0.9581597739338412,-8.794536159748882
20210816,5.016,3.651159797324471e-05,-10.217880595156887,3.822306967412509e-09,-19.382411678442306,-0.01396921308301258,-9.694957572040142,-9.463777632734121,-0.00635932190829247,-0.03737107085014224,0.005365139546069431,0.9698988181285811,0.9726512382232433,-9.910310313021627
20210817,4.904,0.00026108646086445586,-8.250658937818697,5.264880067574998e-08,-16.759622377813912,-0.014573803721656611,-9.581883313429191,-9.356188910505715,-0.04016925298271867,-0.050109886443030494,0.0005979073421769066,0.99191051653095,0.9712697595756139,-8.183915368732443
20210818,4.957,0.00013648595610187607,-8.899288834332898,5.5161098898471476e-08,-16.713007862202502,0.014776737401934747,-9.337394012609867,-9.34759925141963,-0.02411676424404985,-0.04361816229090909,0.022581604696709334,0.9922208676826354,0.9547302919278533,-8.830060088960177
20210819,4.923,5.995081891530659e-05,-9.721986016612295,5.52904815181017e-08,-16.71066506767986,-0.014813525671351902,-9.238719764004141,-9.322161409801101,-0.024677749442802543,-0.047987001795538387,0.01074952040452648,0.9875880775192811,0.9527873873131525,-9.60131747981547
20210820,4.833,0.00023054524227614638,-8.375063435932447,7.830309887274954e-08,-16.362678657813902,-0.01503665680639866,-9.092975563970644,-9.246585014818699,-0.03776331780984954,-0.07396016778731185,0.006882618262373352,0.985810253868991,0.9660307997710535,-8.25622341194547
20210823,4.905,4.352955810610821e-05,-10.042070353930844,8.786691854281473e-08,-16.24744245641803,0.015507533458512485,-9.057813515725437,-9.216160963692642,-0.022377710313293164,-0.06013280574572799,0.018450707913116426,0.955260701330258,0.9698988181285811,-9.59279516910377
20210824,4.957,5.952998644096593e-05,-9.729030398567085,3.8334970882777224e-08,-17.076903279482543,0.015666088559618447,-9.353487807875114,-9.199043306875572,0.01074952040452648,-0.03955429603038518,0.014787700154379468,0.9444360976639018,0.99191051653095,-9.188447503676173
20210825,4.971,2.4378746032136826e-05,-10.621798869518727,3.567716287069409e-08,-17.148755048352047,0.013871728231475143,-9.69798981491228,-9.340771302348802,0.0028203080740987208,-0.0022103897274532436,0.01054562602111031,0.9385475804649779,0.9922208676826354,-9.969063629172439
20210826,4.886,9.549703959488835e-05,-9.256415309964474,5.292496643728768e-08,-16.754390654081796,-0.012106787384092783,-9.604875673582715,-9.398718935527533,-0.007544127940514622,0.01588481054002311,0.0028203080740987208,0.9630755009990628,0.9875880775192811,-8.914626812099431
20210827,4.899,8.943987551856147e-05,-9.321943940345557,2.975660671153473e-08,-17.330214655272325,0.012110508907926584,-9.794251774465337,-9.445448339640357,0.013563709793490641,0.016464664998242062,0.017247054276986695,0.9766525794151248,0.985810253868991,-9.10430059450168
20210830,4.881,6.847301636813133e-05,-9.589070811936722,2.0229480117291024e-08,-17.7161248846985,-0.011514993203383362,-9.703651866066513,-9.447779384567479,-0.004904976112316106,-0.005108828931287057,0.002657129820888837,0.9852680858034575,0.955260701330258,-9.447805443510699
20210831,4.879,0.0001605191964692754,-8.737097018376272,1.7755942789538573e-08,-17.846545572015263,-0.01141718249838342,-9.50526519002835,-9.417423059661708,-0.015860438204736704,0.0014357504261042209,0.0036809857514272792,0.9952965669538911,0.9444360976639018,-8.696002667532982
20210901,4.949,0.00037746605816817733,-7.882029905454812,2.5979186449637154e-08,-17.465970140680906,0.010544721614349278,-8.957311397215568,-9.416761984253732,-0.0044354911427866295,-0.008851395548723495,0.00040983607131028776,0.9970903957069083,0.9385475804649779,-7.8590963174036235
20210902,4.945,4.358687150298476e-05,-10.040754565269564,8.282676764276013e-09,-18.609099640083528,-0.010543488847532213,-9.114179248276585,-9.44044451424149,0.012002992239126709,-0.010060447025841412,0.014245255136048796,0.9851292255279733,0.9630755009990628,-9.891440768600468
20210903,4.918,6.22117905873499e-05,-9.684966016901079,8.452417500094733e-09,-18.58881334180884,-0.010386058881115828,-9.18678366358769,-9.389891658952575,0.003870841137563197,-0.024305705904460018,0.0008085708950733572,0.9821897763979139,0.9766525794151248,-9.512474606561465
20210906,5.002,0.00010024022139089074,-9.207941038770652,2.486933751791166e-08,-17.509630217285984,0.011004773870390571,-9.110557708954476,-9.39702769791828,0.024487715550416844,-0.0013984619200526627,0.0054750212806746745,0.9817479059291975,0.9852680858034575,-9.039876832732608
20210907,5.065,0.00014460226297509994,-8.84152359846511,2.977767121338323e-08,-17.32950701243322,0.011297702030933606,-9.131443024972244,-9.334411140183239,0.03741385686694665,0.014317206182174358,0.016935888661426368,0.9777469752439906,0.9952965669538911,-8.644772954947625
20210908,5.044,7.30511077679348e-05,-9.524351255365984,2.16013671146133e-08,-17.650509231915958,-0.01109897837172765,-9.459907294954478,-9.372762643989269,0.01901388213292421,-0.0007927071362390237,0.012516305245219517,0.9572422320756835,0.9970903957069083,-9.117111254759372
20210909,5.042,3.1477155207395015e-05,-10.366248506751546,2.1601286574748027e-08,-17.650512960384393,-0.010810125986726635,-9.525006083250876,-9.443227111074636,0.01942586369105248,-0.012417622850900978,0.004154719597973644,0.9355949676981882,0.9851292255279733,-9.698609936825605
20210910,5.091,0.00012362457264259629,-8.998261224912337,2.3171405398669165e-08,-17.580346844378347,0.010967837231942711,-9.387665124853125,-9.392160105914765,0.034572331126198064,0.0025567916377122746,0.0003965893369450857,0.9374176578214414,0.9821897763979139,-8.435128961922818
20210913,5.064,9.982080812008073e-05,-9.212133898182383,6.8776818239438065e-09,-18.794984185973824,-0.010941831147252041,-9.388503696735473,-9.346559044030288,0.01231885238644792,0.003560834623009157,0.009671446154470908,0.9264281194131466,0.9817479059291975,-8.534379883075205
20210914,4.998,0.00014943752208208583,-8.808632164977706,7.893319748338143e-09,-18.657249036672223,-0.011248902283500114,-9.38192541003799,-9.333143031706548,-0.013316305287885966,-0.004192878260035782,0.005317590078323775,0.9022976245647119,0.9777469752439906,-7.948007878123699
20210915,4.945,7.986642594464132e-05,-9.435154994444364,1.0417177069778141e-08,-18.379809751933806,-0.011468698345134231,-9.364086157853666,-9.297564595310526,-0.019822453027997566,-0.01425583825594412,0.01311885242911437,0.8001195053799155,0.9572422320756835,-7.549251547337664
20210916,4.889,6.309929391816772e-05,-9.67080097836612,1.3782288190436596e-08,-18.099881533590302,-0.010669822978174528,-9.224996652176582,-9.362116506244499,-0.030815045169219513,-0.0030634150374018176,0.010660867338085245,0.6681874176713257,0.9355949676981882,-6.461907532547788
20210917,4.928,6.50192652825821e-05,-9.640826943020366,1.2829539814982466e-08,-18.171515526851262,0.010549626767175507,-9.353509795798187,-9.395822783912111,-0.032541048688980334,-0.005867492807218211,0.011389181478167032,0.5572592957887813,0.9374176578214414,-5.3724404330890385
20210922,4.895,5.5633183997929734e-05,-9.79673070024747,1.3077226163867197e-08,-18.152393580389372,-0.0105447957510506,-9.470429156211205,-9.399220269531892,-0.033942408859401585,-0.0057038247935898845,0.007945442634710087,0.45860340315692616,0.9264281194131466,-4.4928140389454265
20210923,4.924,4.860232689827174e-05,-9.931839149638705,7.3967371361379855e-09,-18.722226861522344,0.009795947925106515,-9.695070553143404,-9.469982801973085,-0.01491662409055361,0.018653815459260148,0.006718950248745026,0.39322600722721307,0.9022976245647119,-3.905457453235347
20210924,4.931,6.625161062866033e-05,-9.622050782017455,4.814101138837002e-09,-19.151716488492347,0.009291728770853602,-9.732449710658024,-9.45089100324975,-0.002835157832686397,0.0052867142246626475,0.005906932339733606,0.36144081549832774,0.8001195053799155,-3.4778018814187113
20210927,4.963,0.00011542964260111313,-9.066849368581412,1.799146514791946e-09,-20.135953442941876,0.009115389982220376,-9.611659388701081,-9.420791865523128,0.015022613008795371,0.0012096775668670734,0.001420598919781968,0.3323654189375001,0.6681874176713257,-3.013507188831769
20210928,4.954,5.941751206142256e-05,-9.730921559196464,1.0042363506419295e-09,-20.71903843437532,-0.009101989416047639,-9.629678311936301,-9.380297442326663,0.005262104835949133,-0.0034256960453677987,0.006468589363314736,0.2498001923271274,0.5572592957887813,-2.4307860770074674
20210929,4.921,0.00010438871414101738,-9.167388990456724,9.957184362717386e-10,-20.727556592815862,-0.008409737159799627,-9.503809969978152,-9.376250791439945,0.005297485901367693,0.007137789048292431,0.0018150655381361513,0.18732739727829,0.45860340315692616,-1.7173031194199087
20210930,4.935,1.8716542507906218e-05,-10.886102799063547,7.652576844961891e-10,-20.990808496342027,0.008412255539400646,-9.694662699863121,-9.447348921381673,0.0022314645632377506,0.007321570229007257,0.0066835691833264654,0.0526649793309974,0.39322600722721307,-0.5733163789077946
20211008,5.006,2.6676033124959637e-05,-10.531745031443611,9.091520827904702e-09,-18.515923634951115,0.00886393466746328,-9.87660154974835,-9.490197749541077,0.015095385767593283,0.025287076104572037,0.002840911001603663,0.04171842289383557,0.36144081549832774,-0.4393677930318162
20211011,5.005,6.753306994611396e-05,-9.602893154932307,8.741359702292328e-09,-18.55520008703443,-0.008862288087027066,-9.983810307018532,-9.529552119384531,0.008427016161880019,0.025497131933483796,0.0142845201241375,0.04907637429324311,0.3323654189375001,-0.4712751787694801
20211012,4.953,0.00012903537951136558,-8.955423931426912,1.111871610592529e-08,-18.314636012890016,-0.008687738053534138,-9.828710781464618,-9.57834275692872,-0.00020187746106703486,0.0008079176363517959,0.00019978024239852843,0.05589205312294973,0.2498001923271274,-0.5005370301138483
20211013,5.009,7.14723839410402e-05,-9.546199421460498,1.3915098843330385e-08,-18.090291338628326,0.009006012602768435,-9.904472867665374,-9.55586297766467,0.017724532491638634,0.012859329300804356,0.010443959161083205,0.04809073965426423,0.18732739727829,-0.4590837910651446
20211014,4.982,5.8159664544120365e-05,-9.752318492566504,1.4072747742452592e-08,-18.07902569402317,-0.009003777361790703,-9.677716006365966,-9.558924453831281,0.009478743954543845,0.012929473045987905,0.011242840769379203,0.038376456652456474,0.0526649793309974,-0.3742594278909281
20211015,5.006,5.3983095067641484e-05,-9.826839614714663,5.85235033419005e-09,-18.956422489860994,0.008298792086662132,-9.536734923020177,-9.58705620728328,0.0,0.0007993605541551929,0.005404877535491126,0.031489326068789056,0.04171842289383557,-0.30944055685344346
20211018,4.948,0.0001101923590350145,-9.11328300089972,9.54120062210257e-09,-18.4676465080314,-0.00816678218074465,-9.438812892213658,-9.599408907393945,-0.011453958236942396,-0.02337068317040525,0.004805776169593656,0.02798885419181281,0.04907637429324311,-0.25507034912090853
20211019,4.995,3.303567148816036e-05,-10.317922626121415,8.759334363595526e-09,-18.553145920776107,0.00843245902074164,-9.71131263115256,-9.635480333337373,0.00844395849441626,-0.009762006002156154,0.011653738479340925,0.013186548529676155,0.05589205312294973,-0.1360577874347937
20211020,4.981,4.6494447705761684e-05,-9.976177656677377,5.576279990528151e-09,-19.00474395123949,-0.008447460106272562,-9.797308278195937,-9.617749840152184,-0.0056056202843335345,-0.012172154674581659,0.00945395757027545,0.0103133338154621,0.04809073965426423,-0.10288765037566824
20211021,5.003,7.64867175514866e-05,-9.47839345898461,5.481047698454171e-09,-19.02196956841087,0.008215407837888012,-9.742523271479559,-9.639574032610016,0.004206315666079208,-0.01743654241413095,0.0028067380093705907,0.010066184248882762,0.038376456652456474,-0.09541125494154429
20211022,5.036,6.528640821553909e-05,-9.636726687059829,5.748004676216842e-09,-18.974413055191892,0.008294345489242813,-9.704500685948592,-9.658873704831718,0.005974923172518132,-0.005544568659774596,0.004407058414921616,0.0076839369399525495,0.031489326068789056,-0.07404800017092557
20211025,5.053,3.465952057536156e-05,-10.2699381059894,2.0849502153229335e-09,-19.98852085952368,0.007806972243621284,-9.935831706966528,-9.72529670215043,0.020998671779530076,0.010944293897010793,0.00657438367603258,0.004626372784469304,0.02798885419181281,-0.04751256215173359
20211026,5.036,7.717920374036239e-05,-9.469380518824808,5.130855186414094e-10,-21.390578581646484,-0.007457683349506541,-9.766123285507206,-9.726852407804087,0.008174704081583606,0.01823515110742502,0.0033700101276710193,0.005060973621145229,0.013186548529676155,-0.04792428501435887
20211027,4.97,4.232465932009573e-05,-10.07014067911874,6.558389802812692e-09,-18.842520721008196,-0.007606769658335682,-9.784915889995478,-9.745004212383751,-0.0022108339826090173,0.016432056512028836,0.0033700101276710193,0.003572409876445575,0.0103133338154621,-0.03597467001928013
20211028,4.949,5.1140837482943226e-05,-9.880927211955635,6.547237898806933e-09,-18.84422257107616,-0.007500388845299986,-9.865422640589681,-9.755917860971719,-0.010852196536319081,0.004252309738530302,0.013192276073563214,0.0036399518210135052,0.010066184248882762,-0.03596609899845981
20211029,4.981,2.765674703795018e-05,-10.495640843923887,6.51871172593286e-09,-18.848589068578047,0.007447601558767685,-10.037205471962494,-9.787686503866102,-0.010981442090954197,0.017416398108672793,0.004234304138788447,0.004143452045993949,0.0076839369399525495,-0.043488184528774086
20211101,4.965,4.7725112438950384e-05,-9.950052832379326,6.5143463410671194e-09,-18.84925896278193,-0.007403101611422158,-9.973228417240481,-9.78851439853613,-0.017568828812635662,0.00829208917492874,0.0064451381213974646,0.011287359162418686,0.004626372784469304,-0.11230982000410679
20211102,4.913,0.0002626299335152444,-8.244764613577193,8.946105572101572e-09,-18.53204753096564,-0.0077529527805191316,-9.728305236190955,-9.725910481788846,-0.024727362995589308,-0.003657054055477893,0.003217376594010446,0.02480681778880952,0.005060973621145229,-0.20452637348063393
20211103,4.893,6.280732507697204e-05,-9.675438849939137,2.9437632718998834e-09,-19.643577049672963,-0.007648550545994773,-9.649364870355036,-9.753573640032378,-0.015614227801550973,-0.014204784298317508,0.010528544310624666,0.013658952271674775,0.003572409876445575,-0.13215635745882656
20211104,4.94,1.966825938465437e-05,-10.836504420345435,4.549832631077503e-09,-19.208175389038686,0.007944474533119231,-9.840480312032996,-9.80382740644824,-0.0018202047699176216,-0.0028299998673364524,0.0040791408795248785,0.0034349164093475932,0.0036399518210135052,-0.037222486853412264
20211105,4.923,4.063496874462607e-05,-10.110881562933118,4.232964572156914e-09,-19.280363244883493,-0.00784667968645186,-9.763528455834841,-9.846713432469896,-0.011712573315082908,0.0004063388922221911,0.009559718892844904,0.00353638928976691,0.004143452045993949,-0.035756013269258397
20211108,4.919,4.360342083681971e-05,-10.04037495112699,4.211621119922163e-09,-19.28541819925575,-0.007822726711770466,-9.781592879584375,-9.808271257563687,-0.009308039683933123,-0.0032474150722421324,0.003447230423767822,0.005497489662355977,0.011287359162418686,-0.055196857499998524
20211109,4.917,6.914399004832991e-05,-9.57931941544068,1.7540712133812781e-09,-20.16132634326115,-0.007128301586063835,-10.048503839957073,-9.76497918410901,0.00081383524329115,-0.017938604579780026,0.0008128429628606604,0.010389410299212917,0.02480681778880952,-0.09952347979422967
20211110,4.892,0.00015252303093171477,-8.78819495081651,1.8337225535730254e-09,-20.116917753960042,-0.007184415788311982,-9.871055060132546,-9.727947447558291,-0.00020439448206044375,-0.02283619494225797,0.00040666938340039316,0.014085079381209861,0.013658952271674775,-0.12378242349979825
20211111,4.972,5.695928717548937e-05,-9.773173805414118,1.4009725563780652e-08,-18.0835140653846,0.0077490810809462095,-9.658388937146283,-9.765117896375891,0.006456842448633537,0.00382872004236412,0.005097370604876472,0.007317662787935835,0.0034349164093475932,-0.07151679027590814
20211112,4.97,2.7121617866253708e-05,-10.515179440836103,1.3981487776629456e-08,-18.085531684012768,-0.007344135987522348,-9.73924851272688,-9.809162442711147,0.00950173933247389,-0.007816454266942552,0.016220955823538885,0.001925488238422131,0.00353638928976691,-0.020246854338228117
20211115,4.964,4.513053959093414e-05,-10.005951387827816,1.3981826319995075e-08,-18.08550747061914,-0.007260759263138937,-9.732363800067045,-9.820691210677568,0.009106609529158094,-0.003619549497627883,0.00040233353992746856,0.001204481020183804,0.005497489662355977,-0.012051978535520397
20211116,4.96,4.2216806049340206e-05,-10.072692168587144,1.3981905308319215e-08,-18.085501821278406,-0.007175909981128921,-9.831038350696337,-9.83186632676268,0.008707152307033672,-0.009231452272746354,0.0012079727661764572,0.0006890516031951481,0.010389410299212917,-0.006940604687256185
20211117,4.959,2.1589013481468186e-05,-10.74332600779009,1.3846880436697818e-08,-18.095205868910824,-0.0067232640664921794,-10.222064562091054,-9.905959190712244,0.013602889682070796,0.002220652976755222,0.0008061266055248151,0.0002127618283091094,0.014085079381209861,-0.0022857696835382247
20211118,4.915,3.5224847356792074e-05,-10.253758833566007,1.2623425192539634e-09,-20.49029669978395,-0.006646429644326125,-10.318181567721432,-9.903042654686999,-0.01153042004933491,-0.01614565850138705,0.00020163322983934862,0.00034234521929843117,0.007317662787935835,-0.0035103253165103803
20211119,4.97,4.627934838763153e-05,-9.980814735521163,4.329324513703162e-09,-19.25785430855574,0.007088754075702679,-10.211308626658445,-9.90325343099808,0.0,-0.0022108339826090173,0.008912353907866821,0.0004355492524643413,0.001925488238422131,-0.004347136397041325
20211122,4.983,1.4537505978044939e-05,-11.138778628904102,4.338212064039504e-09,-19.255803540526912,0.007044598798152613,-10.437874074873701,-9.978725484176238,0.0038202519569066062,-0.004005613206800485,0.011128086509407442,7.10302506750761e-05,0.001204481020183804,-0.0007911902382252389
20211123,4.986,2.1721212958813216e-05,-10.7372212192086,4.3381538495249245e-09,-19.255816959627758,0.006885102130745912,-10.570779884997993,-10.028747962910272,0.005228244364529955,-0.009978131080734531,0.002612279190730149,0.00010725071405027467,0.0006890516031951481,-0.001151574642675883
20211124,4.997,3.347504321033145e-05,-10.304710375563928,4.342870641257451e-09,-19.254730269410096,0.006858699883347038,-10.48305675855276,-10.030328520618205,0.0076336248550712416,-0.011144393947703612,0.0006018658020985335,0.00019606295166396635,0.0002127618283091094,-0.0020203719322753632
20211125,4.978,1.0714365444538711e-05,-11.443925152020684,3.1231665739002347e-09,-19.584418422283623,-0.006868071455647177,-10.721090022243697,-10.120080549399837,0.012736450346270356,-0.0115839122367003,0.002203747260701938,3.060219992098682e-05,0.00034234521929843117,-0.0003502092853829464
20211126,4.936,1.78257195127385e-05,-10.93486822710755,1.0869495861121069e-09,-20.639890608804578,-0.006518436099789065,-10.911900720560974,-10.159386347035692,-0.006864553505450566,-0.006864553505450566,0.003809528416667707,6.423505846875532e-05,0.0004355492524643413,-0.0007024018999163883
20211129,4.929,1.638813533890319e-05,-11.018952939898861,1.0784474327039675e-09,-20.647743392405474,-0.006465186758951847,-10.887935582759924,-10.21111478921493,-0.01089599157602672,-0.004049408246508124,0.00847291734231348,0.00010201625429643973,7.10302506750761e-05,-0.0011241123051972245
20211130,4.911,6.987533023681621e-05,-9.568797900391896,1.1142524044276384e-09,-20.61508214621537,-0.006329285323789178,-10.654250918996585,-10.16898556450893,-0.015156398044258612,-0.014153087034038947,0.0014191588798460053,0.0006938163727019862,0.00010725071405027467,-0.006638988650368287
20211201,4.924,7.305814030498352e-06,-11.826840084267964,1.1193037610021974e-09,-20.61055898690121,0.006339121634208557,-10.95867686073739,-10.254294075958413,-0.01471652403986079,-0.00829208917492874,0.0036585406661333586,3.0817650960755616e-05,0.00019606295166396635,-0.00036447542968564363
20211202,4.934,3.3258950883029006e-05,-10.311186627600497,1.0805695955643703e-09,-20.64577753153818,0.005933913889774698,-10.732129155853354,-10.348222349323109,-0.008878185838235186,0.004265264920653822,0.0026436212650997604,0.00023993028196715675,3.060219992098682e-05,-0.0024739659149761633
20211203,4.979,2.7591336667378167e-05,-10.4980087233777,1.4087119984429547e-09,-20.38059002631164,0.006142187261188555,-10.644757255107383,-10.385611889024862,0.008673781056958818,0.017423455353059225,0.0020288097849578968,0.00032169503335655427,6.423505846875532e-05,-0.003377157266444387
20211206,4.974,4.331581915802833e-05,-10.046992651153104,1.4081045543024542e-09,-20.381021324650415,-0.005829062982130936,-10.450365197358233,-10.349724990425209,0.009088217657972297,0.006859014181381795,0.009079049552880525,0.000880566514228539,0.00010201625429643973,-0.008847045297305636
20211207,5.002,1.8512601711921626e-05,-10.897058884156058,1.5708649517836587e-09,-20.271639444586526,0.005870766459169643,-10.716017394111065,-10.385460323208072,0.01836024539831982,0.01591973167936378,0.001004722278832526,0.0015869971343412744,0.0006938163727019862,-0.01729360122190379
20211208,5.074,9.157273383328026e-05,-9.298376996170923,9.904762201988953e-09,-18.430250164960018,0.006528850483325021,-10.210324776491657,-10.351733143437341,0.030008252854882844,0.031024203363887226,0.005613487074214163,0.012062734236098289,3.0817650960755616e-05,-0.11216385053185976
20211209,5.158,0.00021571716349054996,-8.441542436614935,2.443801343362475e-08,-17.527125989349933,0.007251441282140637,-9.836395938294544,-10.30001600803617,0.04439888935198799,0.04785031902935066,0.014291628721662786,0.016686539855511433,0.00023993028196715675,-0.1408601343105662
20211210,5.143,1.381544721076087e-05,-11.189723228722256,2.309348872606416e-08,-17.583715132482972,-0.007161497566618002,-9.974738839363456,-10.409176384304613,0.03240749913273344,0.05003534896785311,0.016419446282063044,0.003212365471073841,0.00032169503335655427,-0.03594548053082027
20211213,5.156,0.00011127079647466936,-9.10354371978425,2.3101408438096234e-08,-17.583372249931184,0.006451487097273678,-9.786049053089684,-10.378738653139619,0.03593673969572775,0.036338911428476006,0.0029123406663740248,0.004364370778084774,0.000880566514228539,-0.03973124018764355
20211214,5.125,2.8226962116200857e-05,-10.475232933384568,2.3167338084415482e-08,-17.580522391402646,-0.006645493924578877,-9.701683862935386,-10.376922902800914,0.02429269256904476,0.03071068491593465,0.002524518284161781,0.0012998359835213222,0.0015869971343412744,-0.013616084702580874
20211215,5.079,4.6406868399191344e-05,-9.978063083842168,1.614530657018409e-08,-17.941636444363706,-0.006990721897792418,-9.837621080469635,-10.375655252619747,0.0009849306420179893,0.02290252447674712,0.006030560052468825,0.0009536769080093945,0.012062734236098289,-0.009515848349721282
20211216,5.106,2.552255287298952e-05,-10.575948070282719,1.7667061875138131e-09,-20.15414893501582,0.007035019694007782,-10.264502207203192,-10.398530520878637,-0.010132588639860884,0.029010578082456107,0.009016133205363985,0.000536450202343335,0.016686539855511433,-0.0056734694822757675
20211217,5.033,3.1858086566341205e-05,-10.354219312839533,1.0352169606589883e-08,-18.38606971537793,-0.007791711094684638,-10.097401424026646,-10.38084385292634,-0.021620338998556088,0.014812120287226227,0.00530192700018417,0.0012582703171278979,0.003212365471073841,-0.013028406818378403
20211220,4.958,0.0001545595019957208,-8.774931409582633,2.0506341786147314e-08,-17.702531643220752,-0.008244576086996632,-10.031678961986325,-10.313624424563459,-0.03915865146394193,0.008710680013868988,0.014400091025069228,0.004230872618466782,0.004364370778084774,-0.03712561702972729
20211221,4.979,2.683175562117147e-05,-10.52592446066299,2.03056481369066e-08,-17.712366756253235,0.007942543607315259,-10.04181726744201,-10.338402139342632,-0.028901457364426397,0.0018092275515082523,0.01501379418122406,0.0008802639887187625,0.0012998359835213222,-0.009265592250695592
20211222,4.982,2.1687629695947523e-05,-10.738768520058477,1.898404025037278e-08,-17.77966719758907,0.00792359272644139,-10.19395835468527,-10.320219861667832,-0.01928297497911924,-0.0002007024592787232,0.004226634047046707,0.0002543973469622098,0.0009536769080093945,-0.002731914221144172
20211223,5.02,3.48086970269241e-05,-10.265643287840504,1.9492723819803444e-08,-17.753224578455786,0.008087990768849777,-10.131897398196827,-10.2987845011511,-0.016986385115654423,0.006795948602271729,0.0006023491799431735,0.0004080266979194432,0.000536450202343335,-0.004188656532756457
20211224,4.997,4.52692206044792e-05,-10.002883213265472,1.0981815848621102e-08,-18.32702503670409,-0.008141775323592147,-10.061630178282016,-10.285065084682989,-0.007178495432154985,0.0,0.007598516863648985,0.0006742127088582192,0.0012582703171278979,-0.006744070987608122
20211227,5.001,4.594417525503886e-05,-9.988083479873621,8.19602137950564e-10,-20.922202091037967,0.008098266978643813,-10.304260592340214,-10.218890463221758,0.008635458823767816,0.004609688491366448,0.00459220134156979,0.0007269180520901013,0.004230872618466782,-0.007260518187303054
20211228,5.027,2.987946174024828e-05,-10.418339211909828,9.003817426133227e-10,-20.82820228407476,0.007922590122393013,-10.28274354258958,-10.195411871621861,0.009594317050392709,0.018268098107351527,0.0008001600746987414,0.0005608625886121593,0.0008802639887187625,-0.0058432566994313095
20211229,4.96,3.8409379369215435e-05,-10.167208873789193,7.3827438601006934e-09,-18.724120470671707,-0.008478313493251476,-10.168431613335724,-10.15669623225324,-0.004425676103152698,0.006269613013595299,0.005185492273671599,0.0011380825978071173,0.0002543973469622098,-0.01157112348752958
20211230,4.996,5.711126532966033e-05,-9.770509169524182,7.2630722690931865e-09,-18.74046292006303,0.008554682570396663,-10.06940478967246,-10.165864926304709,-0.00479234144030638,0.01716000520622396,0.013417643973602233,0.0025948758298239387,0.0004080266979194432,-0.025353258089071462
20211231,5.008,2.4326300687819245e-05,-10.623952460085595,7.180753805179586e-09,-18.751861472603192,0.008552303960852263,-10.193618639036483,-10.1111882161146,0.002198901435729539,0.01691542547559033,0.007231851526495303,0.0038177920472954757,0.0006742127088582192,-0.04056004121295999
20220104,4.99,0.00012653521108024085,-8.974989940068042,7.214291172185217e-09,-18.747201893180172,-0.008596913854030424,-9.990999931075368,-10.050452003044942,-0.0022019826733392645,0.01128589165626237,0.0023990415344661287,0.015330974937232188,0.0007269180520901013,-0.13759534583309418
20220105,4.943,7.095011887870345e-05,-9.55353347883174,8.673788367624349e-09,-18.56296019030629,-0.008626011987567609,-9.81803878445975,-10.007521310111036,-0.016850950385616237,-0.007256633335223528,0.003600724034370062,0.016314107451615857,0.0005608625886121593,-0.15585737171627045
20220106,4.887,9.972500428139783e-05,-9.213094117240763,5.561996752619898e-09,-19.00730866498596,-0.0089432593295552,-9.627215833150064,-9.96961683129684,-0.014827122448818342,-0.01764572709319534,0.009463475438605373,0.015821955093006147,0.0011380825978071173,-0.14576916139062246
20220107,4.899,2.8359782898619785e-05,-10.470538511526412,5.022180794275972e-09,-19.10940157640582,0.008860286341027729,-9.767221701550511,-9.950229541631854,-0.019606489606893707,-0.020806729798989565,0.011393816036804338,0.009435291575674428,0.0025948758298239387,-0.09879258381057983
20220110,4.912,7.634719964828288e-05,-9.480219204794377,5.025420282027981e-09,-19.10875674828423,0.008232311499901387,-9.538475050492266,-9.958495096569285,-0.019355442952956103,-0.03244827033224862,0.0024524843684199382,0.011011089635227202,0.0038177920472954757,-0.10438754342559324
20220111,4.867,4.2434028105382016e-05,-10.0675599679419,6.426743470017799e-09,-18.86279788577462,-0.007344805409236153,-9.756989056067038,-10.032404984356873,-0.024958178912110274,-0.058071176607835895,0.002650088188403732,0.010456888898050985,0.015330974937232188,-0.10527535605923419
20220112,4.919,3.0130806304465914e-05,-10.40996244432829,7.373923365077072e-09,-18.725315929773615,0.00786940624141279,-9.928274849166348,-9.996961312338966,-0.0048671765116192756,-0.044531308979576245,0.009203459993524232,0.01340799755914371,0.016314107451615857,-0.1395767510443314
20220113,4.838,5.6113793317270894e-05,-9.78812890547366,1.9204066968262128e-08,-17.76814375907998,-0.008382874302032186,-10.043281806812928,-10.028078820779394,-0.010077206100182146,-0.06365967288910523,0.010627526961885625,0.03149963671144089,0.015821955093006147,-0.30832250460717386
20220114,4.794,3.5722152941092334e-05,-10.23973953106535,2.059033137089059e-08,-17.69844422225814,-0.008463974458202904,-9.997122010720714,-10.017374575219428,-0.021665966644245138,-0.06676538901227946,0.01660384562536721,0.0572805608412264,0.009435291575674428,-0.5865380232074999
20220117,4.835,3.9858234385980226e-05,-10.130181539545035,2.1632358968331142e-08,-17.6490755429035,0.008696164064901134,-10.127114477670847,-10.02428905047865,-0.01580006193958372,-0.04923326291385033,0.009136276175643054,0.14370870339490616,0.011011089635227202,-1.4557952542030312
20220118,4.881,0.00010325556683292298,-9.178303411519185,2.180526172718261e-08,-17.641114532642654,0.008910938701855026,-9.949263166386304,-9.96075974780758,0.002872386053693221,-0.04506620191428179,0.00851599289306515,0.3780017755600772,0.010456888898050985,-3.4694149861833656
20220119,4.78,0.0001291039382916738,-8.954892754832013,5.748451774297738e-08,-16.671750182043056,-0.009433360224331454,-9.658249228487048,-9.897153995170875,-0.028664711309838165,-0.05157568129085832,0.00946898799975271,0.49067617775332795,0.01340799755914371,-4.393952549131941
20220120,4.818,8.410035387830934e-05,-9.383499783166528,4.3070045052489e-08,-16.960438091851476,0.009231567225699096,-9.577323404025622,-9.924816193970143,-0.004142507995156031,-0.028643529420319336,0.02090957040164576,0.5235321171154025,0.03149963671144089,-4.9125635074330924
20220121,4.784,4.5345924607479177e-05,-10.001190250766966,4.217961268942535e-08,-16.98132884426546,-0.009223901259806083,-9.529613547965946,-9.90096463897487,-0.0020881193638619955,-0.03995205101171506,0.007918357689314925,0.543720444780182,0.0572805608412264,-5.4378516114782345
20220124,4.786,4.561221636719956e-05,-9.995334974534014,4.112772678185513e-08,-17.006583325332976,0.009221682831865766,-9.502644234963743,-9.867172205087394,-0.01018613941907609,-0.04013642735380718,0.007081887544349019,0.597024060048313,0.14370870339490616,-5.967455468039198
20220125,4.68,0.00011178516140425903,-9.098931730521903,8.984444927582631e-08,-16.225186003300998,-0.009950755299563272,-9.486769898764283,-9.814139861572912,-0.04205200697545508,-0.07013182377408245,0.000417972837851055,0.7148683700942499,0.3780017755600772,-6.504538495797045
20220126,4.706,8.281377081371863e-05,-9.398916196226384,5.1802328353603626e-08,-16.775830739779877,0.010115775181444677,-9.57557458704316,-9.786686815343863,-0.015602256198193887,-0.05999944205689722,0.02239687955662628,0.7628166218187762,0.49067617775332795,-7.1696495015631925
20220127,4.625,7.650379788827063e-05,-9.478170172765777,6.91888223524979e-08,-16.486426514067638,-0.010546144388743949,-9.59450866496301,-9.763508937748052,-0.04088253322829094,-0.07816152147237809,0.005540180375615433,0.7966119839287579,0.5235321171154025,-7.550423945341324
20220128,4.554,0.0001542016532306543,-8.777249375552348,8.014184829681945e-08,-16.339467668654986,-0.010650110988157926,-9.349720489920085,-9.688913945186348,-0.0492710490067827,-0.09881741706889047,0.017361919340782128,0.8245092174995099,0.543720444780182,-7.236923014434728
20220207,4.626,7.561730722171796e-05,-9.4898253694754,9.225186220711411e-08,-16.198743367702537,0.011277687134717737,-9.24861856890836,-9.658123785899356,-0.03400242567693401,-0.0697131769275885,0.015470403322840776,0.820097881810864,0.597024060048313,-7.782585684261774
20220208,4.604,0.0002861598059485233,-8.15896014113604,4.203057939787767e-08,-16.98486840268351,-0.011038348465407272,-9.06062425103119,-9.584871557336259,-0.01637261906991916,-0.08171210140369523,0.01568659616769974,0.8132990801441015,0.7148683700942499,-6.63567477771833
20220209,4.643,6.818929103218747e-05,-9.593223028432712,4.2854707197223024e-08,-16.96545034502532,0.01127012104138172,-9.099485617472455,-9.538020219533855,-0.013477581267386185,-0.07567592476001295,0.004767072949611428,0.6407762592035243,0.7628166218187762,-6.147109565864218
20220210,4.632,4.572445088032979e-05,-9.99287737293759,2.4688276360748147e-08,-17.516937347255556,-0.011272330152151679,-9.202427057506817,-9.584287830118837,0.0015123693063054944,-0.07444716949273333,0.008435218178148407,0.47322274359199307,0.7966119839287579,-4.728856846799874
20220211,4.596,9.283803610783065e-05,-9.284654130295019,1.3973388291403987e-08,-18.086111152541434,-0.011235171148983177,-9.303908008455352,-9.572066041548984,0.009180392344961374,-0.07278607433831286,0.002371968767090449,0.39535171194350543,0.8245092174995099,-3.670703905215474
20220214,4.547,9.099206016466876e-05,-9.304738306191714,4.503320403303102e-09,-19.218450844859763,-0.011212935172976118,-9.266890595798616,-9.5762316865013,-0.017224888966374197,-0.07211094344514435,0.0078023802841848955,0.2606969754563083,0.820097881810864,-2.425717133836633
20220215,4.589,2.178440759296978e-05,-10.734316092110046,5.829373664283043e-09,-18.96035627558298,0.01146627111611465,-9.781961785993417,-9.588221576527829,-0.0032633554469396753,-0.0653689672437412,0.010718685143635831,0.03845865454916119,0.8132990801441015,-0.4128273544079622
20220216,4.61,3.0412197920049347e-05,-10.400666782660252,4.903736055690638e-09,-19.133268462010026,0.011518148806424428,-9.943450536838924,-9.63006010279446,-0.00713285202922731,-0.06345333383628415,0.009194460569823093,0.011010374675499783,0.6407762592035243,-0.11451523815211424
20220217,4.62,4.3320944727376974e-05,-10.046874327958083,4.901814187885308e-09,-19.13366045792707,0.011476118587368528,-9.954249927843023,-9.62911984643156,-0.002594035177046594,-0.052083025757669654,0.004565721595860772,0.0050365739516903775,0.47322274359199307,-0.050601825536100445
20220218,4.644,2.355626371751172e-05,-10.656118797601108,4.304755679898341e-09,-19.263545453314062,0.011238739462136556,-10.228542861304241,-9.640308771580324,0.010389703849135845,-0.057529193977557735,0.002166848085090267,0.0024342800662663223,0.39535171194350543,-0.02593997757276623
20220221,4.627,2.2518686245644732e-05,-10.70116509362161,1.7009812813726123e-09,-20.1920605280773,-0.010801909688504854,-10.50782821879022,-9.681810416496141,0.01744103508198913,-0.04459270226297307,0.005181358741997544,0.004187552315160952,0.2606969754563083,-0.04481168866271473
20220222,4.567,4.5339820429753784e-05,-10.001324873418676,6.076100647543206e-09,-18.918902687579966,-0.010955803969529464,-10.361229975051945,-9.67097338660311,-0.004805601209834531,-0.04850860180933059,0.003667353910782545,0.020659901950998295,0.03845865454916119,-0.20662639126491028
20220223,4.615,2.993550580898406e-05,-10.41646529682027,8.379101346043986e-09,-18.597525166145065,0.011053539859823623,-10.36438967788395,-9.683986284661074,0.001084010946258207,-0.046569260950442226,0.01305217572200057,0.05539067903648571,0.011010374675499783,-0.5769750859508634
20220224,4.53,0.00024215430390148895,-8.325935415572847,3.2260551595713665e-08,-17.249420665954307,-0.011269730769658903,-10.020201895406903,-9.645242284845331,-0.01967276559870479,-0.07462817741006766,0.01045533375195351,0.2138390046085309,0.0050365739516903775,-1.7804097417010125
20220225,4.565,7.744116018166595e-05,-9.465992133423441,3.281821550561074e-08,-17.232282124925675,0.01079252290081053,-9.782176562571369,-9.668474074781306,-0.01715754978871309,-0.04602203245643266,0.01858992845987273,0.2238079114678805,0.0024342800662663223,-2.118563929352887
20220228,4.571,6.138840417657214e-05,-9.698289597706003,3.278263307095805e-08,-17.233366941324068,0.010590781903371028,-9.581601463388248,-9.682782702714919,-0.012176710575255267,-0.05262690484307231,0.007696574551989244,0.22863444577665712,0.004187552315160952,-2.217363067153031
20220301,4.609,3.7790881266698175e-05,-10.183442720771632,2.7917733389158428e-08,-17.394003744684436,0.010771678297886087,-9.618025032858839,-9.691066905896948,0.00915437953550935,-0.03726610290995924,0.0013134853026752769,0.23755349512349833,0.020659901950998295,-2.4191124107092485
20220302,4.574,3.0414885650914294e-05,-10.400578409826675,2.62031160736395e-08,-17.45738749914308,-0.010832849358473165,-9.61484765546012,-9.709487062046614,-0.008923772354226145,-0.04530689388559228,0.008278914388764047,0.28164642274195945,0.05539067903648571,-2.9292857035749402
20220303,4.545,6.37670877010701e-05,-9.66027336747295,2.6445665516979402e-09,-19.750758659659407,-0.009898434184358526,-9.881715245840141,-9.735002590998937,0.0033057881344993323,-0.02927038230011325,0.007622818137781984,0.48574232598133715,0.2138390046085309,-4.6924036551318755
20220304,4.494,6.94694955624883e-05,-9.574622814513884,5.185909961485818e-09,-19.07732051182296,-0.009991829936378436,-9.90344138205823,-9.742989255466549,-0.01567534028379458,-0.046095116542033354,0.006360367971147252,0.7225478183931894,0.2238079114678805,-6.918122826564665
20220307,4.346,0.00019006455778222946,-8.568146765713985,2.566923328399395e-07,-15.17538761768858,-0.011623334909175713,-9.677412815659826,-9.701624555146013,-0.0504761175153694,-0.06222048913015077,0.01128455386630467,0.9583286284305762,0.22863444577665712,-8.21110033817856
20220308,4.264,0.00026379972642081277,-8.240320354752058,2.820824382738127e-07,-15.081066474425343,-0.011831799888218336,-9.288788342455911,-9.677218690564182,-0.07780322687482788,-0.06579828077800443,0.03348729192889954,0.9964791666327296,0.23755349512349833,-8.211307559890049
20220309,4.224,0.0013858557710544168,-6.581437444917476,2.829854153682535e-07,-15.077870476432413,-0.01113491230022064,-8.524960149474072,-9.545019239447912,-0.07960554919662899,-0.09091001740528726,0.019048194970694432,0.999942916611481,0.28164642274195945,-6.581061754166795
20220310,4.284,4.6887930017586746e-05,-9.967750271335477,2.905735236011285e-07,-15.051409199385828,0.011791248423828372,-8.586455530246576,-9.627236972638796,-0.05914057504393977,-0.07203833827413386,0.009425140459583092,0.9986591085064234,0.48574232598133715,-9.954384599786547
20220311,4.312,0.0004176002016952605,-7.780986038409227,2.8769061846511614e-07,-15.061380175661927,0.011707236977554382,-8.227728175025645,-9.544862564001365,-0.04134134015644131,-0.07395887543108848,0.014104606181541968,0.9999100678539283,0.7225478183931894,-7.78028627763624
20220314,4.172,0.00016499738737045836,-8.70958091830749,2.735488730501867e-07,-15.11178553616655,-0.013297705509767893,-8.256015005544347,-9.486530906972723,-0.04086034469571187,-0.10459320313216813,0.006514681021193791,0.9998523889080728,0.9583286284305762,-8.70829528755791
20220315,3.973,0.0005452769107304429,-7.514216799253233,1.3883716863491191e-06,-13.487378946173694,-0.016291978137844363,-8.110794294444581,-9.40605648283446,-0.07068621003108144,-0.14566488315404724,0.033006296468170104,0.9999815118962558,0.9964791666327296,-7.514077875633492
20220316,4.146,0.001296295689862389,-6.648244551317605,2.0468591518154026e-06,-13.099204060777305,0.019337623474307345,-8.124155715724608,-9.285306766703819,-0.018638532390372387,-0.09232366082928545,0.048874060306064004,0.9999960837986559,0.999942916611481,-6.648218515453357
20220317,4.23,0.0002182744452911793,-8.4297573636007,2.0713164163761925e-06,-13.087326202877279,0.019828329337354154,-7.816557134177652,-9.180554097226121,-0.012685159527315637,-0.08146014235450982,0.04262253718112596,0.9998651492109619,0.9986591085064234,-8.428620604168819
20220318,4.258,0.00016162480108869193,-8.730232951569425,2.0713351044323784e-06,-13.087317180609249,0.019873357193328847,-8.00640651680969,-9.104625286721992,-0.01260226713540824,-0.07942829053726941,0.020057979044598717,0.9994944947191516,0.9999100678539283,-8.72581977270937
20220321,4.252,0.00012566809906742012,-8.98186626083485,1.8339706224217736e-06,-13.209027202567034,-0.019838442887257498,-8.060863585315163,-9.056215829125483,0.018993923341175556,-0.08300524461394598,0.006597573413101188,0.998188330291764,0.9998523889080728,-8.96559408580667
20220322,4.248,6.628116368513303e-05,-9.621604808451814,6.928183026924825e-07,-14.182498061611115,-0.01974959355883611,-8.482341187154878,-9.009192465982334,0.0669268071071758,-0.08912777989600729,0.001410105991586308,0.9947904214323625,0.9999815118962558,-9.571480302255425
20220323,4.273,5.3441751115421134e-05,-9.836918261394349,3.298967872371278e-08,-17.227071090349497,0.019862724685278135,-9.120075929170227,-8.969908519062912,0.030172142648299927,-0.07959255326297465,0.0009411765400637595,0.9929598480499492,0.9999960837986559,-9.767664862113902
20220324,4.246,8.995876034400104e-05,-9.316159211048129,9.39887490321717e-10,-20.785260938975163,-0.019762196713899803,-9.297356298659713,-8.938764625318797,0.003775370222877772,-0.07287917092179752,0.005867872722250089,0.994305085402637,0.9998651492109619,-9.263104479965772
20220325,4.169,8.741371353317883e-05,-9.344858382197206,2.299692225663879e-08,-17.587905444900027,-0.019759194001948713,-9.42028138478527,-8.890055220108657,-0.021123367572628116,-0.10163566905615573,0.006338793380823438,0.9950224592245642,0.9994944947191516,-9.298343968559147
20220328,4.144,0.00024068753136503767,-8.332011016074794,2.3257879966315644e-08,-17.576621839052173,-0.019516213033838988,-9.290310335833258,-8.890331383767837,-0.025727955522519608,-0.0890604345377608,0.0183011643824047,0.9954588401298883,0.998188330291764,-8.294174022011267
20220329,4.126,6.587239092978152e-05,-9.62779115826613,2.332953894920397e-08,-17.57354551325134,-0.019339187257390113,-9.291547605796122,-8.89768588489705,-0.029139869290577547,-0.10111009939787174,0.0060146939414778,0.9846918984660634,0.9947904214323625,-9.480407953667855
20220330,4.249,7.434621746898237e-05,-9.506777761012897,1.7201347176746842e-07,-15.575693038970673,0.02062985863643588,-9.22551950571983,-8.888980801411,-0.0056324955292132994,-0.07304833821693268,0.004353090308121699,0.9761407900271503,0.9929598480499492,-9.279953554247673
20220331,4.218,2.282187765271153e-05,-10.687790935902466,1.7226560484580537e-07,-15.574228336985914,-0.020479748971072152,-9.499845850690699,-8.911905720280583,-0.006616281224481657,-0.08864983168178853,0.029375246483614337,0.9672758168013551,0.994305085402637,-10.338041707327177
20220401,4.269,0.00015596256541396445,-8.765894544806114,1.540025024796852e-07,-15.686296984796725,0.02074208465489156,-9.38405308321248,-8.837601908234193,0.023703408877165266,-0.06900848782476432,0.007322579076091795,0.9806444036555084,0.9950224592245642,-8.596225428398466
20220406,4.257,4.237468967561658e-05,-10.06895931557976,1.5375331128135926e-07,-15.687916393702368,-0.02072961543432983,-9.731442743113472,-8.856178542239048,0.026903181888833227,-0.0654630407834269,0.012018525719242223,0.9812074884927797,0.9954588401298883,-9.879738281775994
20220407,4.205,9.923993664929026e-05,-9.2179700374995,1.582449436785988e-07,-15.659121727910634,-0.020749913100081303,-9.649478518960148,-8.839967052374758,0.018965878775851097,-0.06646888033822607,0.0028149209298098388,0.9903241944166579,0.9846918984660634,-9.128778751543582
20220408,4.233,9.164434380539131e-05,-9.297595300745144,9.711898107588477e-09,-18.44991409407758,0.01968037303453714,-9.607642026906596,-8.873123803967083,-0.0037726995938880403,-0.026344920295451324,0.012290393421103829,0.9952040527877216,0.9761407900271503,-9.253004524481643
20220411,4.101,0.0001626044812262658,-8.724189801413196,2.1059138647091385e-07,-15.373346138031138,-0.020397185112745905,-9.214921800008742,-8.895117869724409,-0.028130235646660617,-0.038976840453621264,0.006636668113875199,0.9986042475882304,0.9672758168013551,-8.712012992457138
20220412,4.171,0.00018936173529112175,-8.571851428821226,2.2282976117572728e-07,-15.316857759826023,0.020697799433041703,-9.176113176811764,-8.985591232629124,-0.02322379256101681,-0.01262673118915214,0.03168011512886437,0.999171583290536,0.9806444036555084,-8.564750363866548
20220413,4.139,7.485181742194534e-05,-9.500000166539099,2.235208501774473e-07,-15.31376113785942,-0.0204824042452297,-9.062321347003632,-8.964329864229288,-0.0281104740794198,-0.03443293981890694,0.01692496880488603,0.9979688026283644,0.9812074884927797,-9.480703791170287
20220414,4.183,9.841490715651752e-05,-9.226318269887285,2.2145812738289924e-07,-15.323032306492479,0.020576736961405707,-9.06399099348119,-9.030026783841928,-0.00524560096485005,-0.030373141146634808,0.00770160244821283,0.9976613699760525,0.9903241944166579,-9.204741324970831
20220415,4.181,8.003565758491777e-05,-9.433038302782489,2.210701390330017e-07,-15.324785814590188,-0.019326738562300487,-9.09107959388866,-9.062911210408974,-0.012360509164358602,0.002154915235901944,0.010574479693465921,0.9970043888223574,0.9952040527877216,-9.404780587803543
20220418,4.161,5.8693523734200135e-05,-9.743181165424662,1.972135488124472e-08,-17.741563784186596,-0.01600795364968603,-9.294877866690952,-9.164227772507674,0.014524583590882045,0.04623395316834222,0.0004782400856333524,0.9968526949204997,0.9986042475882304,-9.712516401852229
20220419,4.134,0.00015267427618115525,-8.787203819779002,3.6693185316911474e-09,-19.423259878309445,-0.013280537070945205,-9.337948344882507,-9.261453193801374,-0.008910353955231542,-0.0028985527540112965,0.004795022373623725,0.9987994759956053,0.999171583290536,-8.776654570661847
20220420,4.064,8.419253937070627e-05,-9.38240424669036,1.9977567618024358e-08,-17.728655811976644,-0.0129480333467299,-9.31442916091276,-9.304755324850904,-0.018286502490414636,-0.04003428278200594,0.006509968741227556,0.9990009812526395,0.9979688026283644,-9.373031048952601
20220421,3.996,0.00027148470102023227,-8.211604770011395,3.369071184061788e-08,-17.206043650614394,-0.013186242291610802,-9.11148646093758,-9.281181316598266,-0.04573483167375425,-0.06350570568498082,0.017077750983395923,0.9998471272938675,0.9976613699760525,-8.210349439768512
20220422,4.006,0.00018553889732792123,-8.592246008799165,3.369850608726964e-08,-17.205812330325298,0.013233346873780775,-8.943328002140916,-9.2634713051421,-0.04275721513080133,-0.05959622323607494,0.016873849489873693,0.9998653667611255,0.9970043888223574,-8.591089206889794
20220425,3.813,0.0003189459269853353,-8.050488977430476,1.2224433203228743e-06,-13.614658980416285,-0.016540994017782456,-8.604789564542079,-9.192056949186583,-0.08733914912537744,-0.10803200306421101,0.0024993764573195687,0.9999489208572171,0.9968526949204997,-8.050077765354525
20220426,3.783,0.0003061077946006505,-8.091573248107613,1.2228626943711567e-06,-13.614315977086743,-0.016373374937083296,-8.465663450207803,-9.112723084946277,-0.08872811560868454,-0.12179881101099577,0.04937695636819983,0.9999452467963523,0.9987994759956053,-8.09113020854973
20220427,3.889,0.00021970060288625722,-8.423244834443395,1.3224913631452682e-06,-13.535993203938293,0.017831278679053427,-8.273831567758409,-9.07213606782788,-0.04401565510257055,-0.08782530810745426,0.007898935224534664,0.9998640567098085,0.9990009812526395,-8.422099750826511
20220428,3.915,9.593766961214473e-05,-9.251811852240142,1.3066717516221735e-06,-13.548027301290002,0.01767093633754552,-8.48187298420416,-9.06790668010256,-0.020478531343540496,-0.0628608694558932,0.02763470952271807,0.9995456798888877,0.9998471272938675,-9.247608568051442
20220429,4.015,0.00032620317771268035,-8.027990126216348,1.3876013597025973e-06,-13.487933941956085,0.01863385305760597,-8.369021807687595,-9.054087548745358,0.002244110155098289,-0.031624157558457044,0.006663274269156361,0.9998274423391539,0.9998653667611255,-8.026604835018873
20220505,4.0,0.00010655082204667822,-9.146888484323382,1.987900725699366e-07,-15.431016480741762,-0.018629760764800406,-8.588301709066176,-9.032228336293414,0.04787808024446383,-0.03101405352916964,0.025222017955958353,0.9987680727940038,0.9999489208572171,-9.135620183549332
20220506,3.903,4.791429817813096e-05,-9.946096597502557,2.706482111495267e-07,-15.122445973185727,-0.017920405617568965,-8.959206378945165,-9.052197374315671,0.03122814254758577,-0.0849381729341967,0.0037429862788342927,0.9972530048052345,0.9999452467963523,-9.918774717942544
20220509,3.871,0.00010300577156195728,-9.180725536722408,1.5492636361808176e-07,-15.680315906342031,-0.017929824663960328,-9.110702519400968,-8.98369440162567,-0.004639183578099004,-0.0858482104610716,0.024548872921412723,0.9987227555202114,0.9998640567098085,-9.168999505710175
20220510,3.916,0.00034430574649914813,-7.973980497375262,1.5810104068266473e-07,-15.660031510319602,0.01791060467629254,-8.855136248427993,-8.94769830856063,0.0002553952254973346,-0.08630888310756113,0.008232616602966703,0.9998465226930521,0.9995456798888877,-7.97275667232287
20220511,3.971,0.0003392220696188861,-7.9888555924281555,8.473163503267935e-08,-16.28377680994737,0.01831202466674831,-8.847309341670353,-8.853148139326466,-0.011019395249610486,-0.06954673469690076,0.0115578530727527,0.9996083957704921,0.9998274423391539,-7.985727122789233
20220512,3.951,6.721009891958413e-05,-9.60768704018488,8.482237660388817e-08,-16.2827064539116,-0.018204884959216915,-8.939469052842652,-8.870862548539437,-0.012325649690636764,-0.0623055819956575,0.013947227480850533,0.9943296294584018,0.9987680727940038,-9.55320789461932
20220513,3.982,6.901062579096434e-05,-9.581250068252833,1.2931857218080046e-08,-18.16357201812159,0.018235790326660763,-8.866499746992707,-8.883755947062516,0.02003871744352681,-0.06112675589678185,0.0050492407198605704,0.9905813571401344,0.9972530048052345,-9.491007695708896
20220516,3.951,0.00011443355874585895,-9.075516176355423,1.2759341547984484e-08,-18.177002163183772,-0.0171097370926214,-8.845457874919312,-8.899725327741708,0.02045583983374266,-0.03726213498066833,0.007815494212750851,0.9880744078872039,0.9987227555202114,-8.967285272223126
20220517,4.0,4.654937212708466e-05,-9.974997042472129,1.3806443223353006e-08,-18.098130453504282,0.016898197519902656,-9.245661183938683,-8.963504673816749,0.021223636451626726,-0.041861454094917594,0.007815494212750851,0.9800041125043213,0.9998465226930521,-9.775538123841129
20220518,3.986,9.145511360534765e-05,-9.29966226773774,6.268659717988348e-09,-18.887703266238127,-0.01685325334217077,-9.507822519000602,-8.954398405689414,0.0037702696414887438,-0.037665990975992214,0.012325649690636764,0.9790692522544081,0.9996083957704921,-9.10501338269252
20220519,3.995,6.181516441678206e-05,-9.69136184468878,6.143837203257097e-09,-18.907816338317794,0.016656630511036163,-9.52455747990138,-8.975536749998572,0.011074867788984255,-0.045985113241823194,0.00350613932928745,0.975540083229984,0.9943296294584018,-9.454311940579583
20220520,4.079,6.774045758569385e-05,-9.59982695556803,4.2892762653457294e-08,-16.964562727960956,0.017358211123272602,-9.52827285736442,-8.983118052397915,0.02406765469341665,-0.024698592039006595,0.002255357427634941,0.9748115160652547,0.9905813571401344,-9.358021868521371
20220523,4.047,7.858651207837529e-05,-9.451310475310725,4.291613788468253e-08,-16.96401790728019,-0.01740162437639638,-9.60343171715548,-8.969851202847282,0.024007154464474656,-0.027779564107075716,0.020808281117183247,0.9755572649480208,0.9880744078872039,-9.22029459746871
20220524,3.965,8.90146948432925e-05,-9.326709091262597,7.341587800987607e-08,-16.42712560305966,-0.017850804427217003,-9.473774126913574,-8.9943741697329,-0.008788506033079235,-0.04173960617276529,0.007875994441692846,0.975712092975471,0.9800041125043213,-9.100182848009181
20220525,3.982,2.9341180622004918e-05,-10.43651854672688,7.345266373486314e-08,-16.426624669022743,0.017564351318651576,-9.701145382711402,-9.042288456098197,-0.0010040161485984633,-0.020383504634176042,0.020470010806917127,0.9735096671332137,0.9790692522544081,-10.160051696453698
20220526,3.992,0.00024298244850137041,-8.322521345621743,7.345540386909888e-08,-16.42658736495523,0.017208856260128916,-9.427377282897995,-9.047330118625938,-0.0007512207690205663,-0.0010015023370895104,0.004278350555193322,0.9883972545290554,0.975540083229984,-8.22595724877199
20220527,4.002,0.00015072115508009466,-8.800079083417613,3.5968113498741074e-08,-17.140633027132424,0.017208873882353082,-9.267427708467912,-9.05677707656314,-0.019057624173879795,-0.0009990010820850603,0.002508152807212838,0.9863737506653126,0.9748115160652547,-8.680167011661997
20220530,4.025,3.9402138520926114e-05,-10.141690465952474,3.5414238779676456e-08,-17.15615187226305,0.013239146600741592,-9.40550370659626,-9.151831689677778,-0.005450955023201587,0.05410862999510013,0.002501877712324019,0.972553055796236,0.9755572649480208,-9.86333205360163
20220531,4.089,0.0001335299189377093,-8.921184993340335,1.2685454563200367e-08,-18.18280980983478,0.013319014269120405,-9.324398887011807,-9.189541314461083,0.030794586295693982,0.07778309573161324,0.005730674708985362,0.9710959236170011,0.975712092975471,-8.663326380865962
20220601,4.083,3.8133073590279414e-05,-10.174428579153606,1.26193751165248e-08,-18.188032496390107,-0.012210635970973055,-9.271980893497155,-9.269140575584274,0.02504780669543405,0.04867995716382856,0.01577553051197844,0.9576952395987616,0.9735096671332137,-9.744001815893
20220602,4.094,2.9912808497463305e-05,-10.417223791453644,1.26219398326486e-08,-18.187829280659248,0.012170995363035899,-9.690921382663536,-9.322113845548525,0.0252301287898804,0.04470715779633139,0.0014684290450666104,0.9583314217029898,0.9883972545290554,-9.98315288626198
20220606,4.176,0.00020986185775110302,-8.46906106393831,4.354840304345535e-08,-16.9493928038161,0.011728103751959179,-9.624717778767673,-9.342162524535887,0.04255961441879608,0.03931650318161273,0.00269047490165919,0.983371856115036,0.9863737506653126,-8.328236297996598
20220607,4.182,5.3470899709674365e-05,-9.836372982706552,4.33335514701885e-08,-16.95433864124418,0.01166361693424675,-9.563654282118488,-9.373502729007848,0.038264690135914936,0.04449523988655124,0.019831363341239694,0.9846185719619022,0.972553055796236,-9.685075519517161
20220608,4.224,8.666647129810978e-05,-9.353443469871976,3.2940920890704243e-08,-17.22855015597858,0.010142074169650859,-9.650105977424818,-9.346563950479187,0.03248210502145499,0.07903705820548246,0.0014357504261042209,0.9903471868311404,0.9710959236170011,-9.263156427571813
20220609,4.19,9.16281178978018e-05,-9.297772369438182,3.3793218923845786e-08,-17.203005678139895,-0.010133748812164828,-9.474774735481732,-9.351884261057176,0.025868721596607802,0.07918786233853536,0.009992945397518493,0.9944868956475077,0.9576952395987616,-9.24651278011975
20220610,4.248,0.00012048252233143086,-9.024005858445992,4.09265712181874e-08,-17.011486321800962,0.010225970631051023,-9.196131148880202,-9.39961268656039,0.03692579670053986,0.08137755927137391,0.008081812469913796,0.9972964362367747,0.9583314217029898,-8.999608883207964
20220613,4.196,7.546912561516476e-05,-9.491786917594363,1.4594757358819825e-08,-18.042603457730923,-0.010501922686913575,-9.400676319611414,-9.467927746795219,0.004777839953713059,0.05511373838493627,0.013747550005591247,0.9981549295508811,0.983371856115036,-9.474273902043377
20220614,4.236,0.0003373652157077502,-7.994344488283403,1.6214525222617865e-08,-17.93735837775038,0.010461219732627881,-9.032270620726782,-9.394593994436061,0.012829826732718264,0.06965071630990627,0.012316593405587106,0.9998547794244181,0.9846185719619022,-7.993183544975415
20220615,4.285,0.00040687100145029496,-7.807014372514443,1.7719543584629528e-08,-17.848597649176277,0.010568188939157041,-8.722984801255276,-9.313946917357041,0.014338005645782914,0.07333634640773856,0.009487737205109426,0.9999439903926698,0.9903471868311404,-7.806577104705017
20220616,4.258,9.226795184071087e-05,-9.290813694076437,1.7185593785947027e-08,-17.8791943746697,-0.010497678994904785,-8.721593066182928,-9.323733168162542,0.016098832537241314,0.07483085504203402,0.011501124310583144,0.9994694723925944,0.9944868956475077,-9.285884660916468
20220617,4.321,0.00014830238478145776,-8.816257228157655,1.9348483678310162e-08,-17.760651783419178,0.010604810484451714,-8.68004334012526,-9.271063176602794,0.01703857301015832,0.0771924958299055,0.006320985578455396,0.9996220968342511,0.9972964362367747,-8.812925536641076
20220620,4.342,0.00016679044224465753,-8.698772370372877,1.4856497063036613e-08,-18.024828554716063,0.010490619617858167,-8.521440430680963,-9.243749999449845,0.03420338092204944,0.08554684966549697,0.014687290478508253,0.9995718506924662,0.9981549295508811,-8.695047997006109
20220621,4.34,0.00014128778178169104,-8.86471174206427,1.3235888353697282e-08,-18.14033388197118,-0.010526674346453352,-8.695513881437137,-9.206174994785096,0.024254920373153466,0.08283076889407548,0.004848214506304016,0.9988822220997825,0.9998547794244181,-8.854802963187192
20220622,4.29,6.161975459998048e-05,-9.694528047277222,1.3342346031674897e-08,-18.132322947477878,-0.010292289479810006,-9.07301661638969,-9.210479589862786,0.001166180890182389,0.0504348726045043,0.000460723343786551,0.996572409221197,0.9999439903926698,-9.661299172337529
20220623,4.365,7.11762237367316e-05,-9.55035173159734,3.106862218318083e-08,-17.28706746009344,0.010507243243580058,-9.124924223893874,-9.214981465148542,0.024818622820277803,0.07564232339783716,0.011587615172387933,0.9961612145263415,0.9994694723925944,-9.513689980101756
20220624,4.413,7.387387775174876e-05,-9.513151273531081,2.4623111704388417e-08,-17.51958033488377,0.00915014282037484,-9.26430303296856,-9.22345610979711,0.021067873337614174,0.10704887520059891,0.017331456351640018,0.9968195559718028,0.9996220968342511,-9.482895228373843
20220627,4.461,0.0001029313084119106,-9.181448700839344,2.7252004903882403e-08,-17.418138744089227,0.009235977312873296,-9.36083829906185,-9.166407480438584,0.027037884690027658,0.11358875050412309,0.010936540995844624,0.9983509018142047,0.9995718506924662,-9.166307590443816
20220628,4.513,0.00016162069893562895,-8.730258332606828,3.085976333540693e-08,-17.2938126590166,0.009314263319533717,-9.333947617170363,-9.184940979846997,0.039087772732550485,0.12266976239564653,0.0108182258587175,0.9993932203382755,0.9988822220997825,-8.724960989409002
20220629,4.458,0.00014457671759507025,-8.841700273685737,3.177518077122444e-08,-17.264580330784813,-0.010049152529207532,-9.163382062452067,-9.186832852131912,0.03841350202375149,0.10790599880213558,0.011589164698736276,0.9994829790147247,0.996572409221197,-8.837128929098727
20220630,4.508,0.00015299466980131854,-8.785107475078572,1.6824572400931805e-08,-17.900425376244854,0.010136498020049253,-9.01033321114831,-9.125169988910372,0.03223540688596427,0.11332868530700302,0.012261885881186929,0.9991872183256553,0.9961612145263415,-8.77796710071568
20220701,4.493,5.0371279458258125e-05,-9.89608939733301,1.3988041545733062e-08,-18.085063047651534,-0.010000552485730584,-9.086920835908698,-9.169483825455492,0.017965899800612695,0.09422018870551763,0.011153361213852797,0.9976488033137689,0.9968195559718028,-9.872821744735354
20220704,4.521,0.00010078090546997377,-9.202561650132479,1.1546581834539274e-08,-18.276876388840524,0.009923993826574837,-9.091143425767324,-9.125308055954532,0.013360252166340292,0.10190119597502934,0.00333296608950695,0.9987428123550368,0.9983509018142047,-9.19099230332392
20220705,4.511,0.00025615146786156344,-8.269741617118951,7.943622950902576e-09,-18.650896374710804,-0.010024272793268165,-8.99904008266975,-9.02769522984841,-0.00044326241860503934,0.09699637118716109,0.006212578224445098,0.9996819992897366,0.9993932203382755,-8.267111833411013
20220706,4.452,0.0001452896755596113,-8.836781045937334,9.430915130597988e-09,-18.47927270040745,-0.010075247409755638,-8.99805623712007,-9.044409774484729,-0.0013468015503788067,0.0639995828329607,0.002214349886209055,0.9992136503406658,0.9994829790147247,-8.82983224617225
20220707,4.468,9.945402851569354e-05,-9.215815045534054,6.3690954589663885e-09,-18.87180837760758,0.010070706906865155,-9.084197751211168,-9.016202595522342,-0.008912714970575664,0.06615128020051242,0.013165425012960696,0.9976459501427903,0.9991872183256553,-9.194120557442044
20220708,4.464,6.390613276282875e-05,-9.658095226806864,6.344543685377908e-09,-18.87567065556435,-0.009978160255050038,-9.036598917105938,-9.030050402655746,-0.006475405009013002,0.05526267867504964,0.00358744779365594,0.9952783946407135,0.9976488033137689,-9.612493512623475
20220711,4.388,8.20310788565347e-05,-9.408412372060791,2.3435883916357182e-08,-17.568997488495235,-0.010606150544650651,-9.077769061491598,-9.035079493684048,-0.0298596658994843,0.04617280847893723,0.0008956561279442887,0.9946686259105887,0.9987428123550368,-9.35825260611789
20220712,4.352,0.00010628593353981135,-9.149377609314055,2.4352212034745705e-08,-17.53064314822777,-0.010491454564772469,-9.25369625993062,-9.040778209632597,-0.03588334887261735,0.024187225614003882,0.0171716826660262,0.9941533738617987,0.9996819992897366,-9.095884619035166
20220713,4.359,6.829322744597081e-05,-9.591699955221072,1.8344998444089656e-08,-17.813908863953035,0.010054468525721314,-9.404680041787367,-9.0453197113429,-0.02111076015704283,0.03811098272220481,0.008238032859342104,0.9916538245465746,0.9992136503406658,-9.511645944498184
20220714,4.36,7.329227259592637e-05,-9.521055376239744,1.831187274174276e-08,-17.815716203766407,0.009907080498755456,-9.465728107928504,-9.114715660795461,-0.024468823846011123,0.028852629621783032,0.001607163702613823,0.9904856855189206,0.9976459501427903,-9.430469061198426
20220715,4.295,0.00024049749457720054,-8.332800886031139,2.8492212825816763e-08,-17.373635021188935,-0.010216903591806154,-9.200669239773358,-9.138615047773493,-0.03859366964279132,0.0023310033864754054,0.00022938410468764658,0.9900227239981214,0.9952783946407135,-8.249662231722509
20220718,4.341,0.00017654181772445678,-8.641952782036519,1.367894832660534e-08,-18.10740780441731,0.010348520594697784,-9.047377321768504,-9.109121369953497,-0.010768806095527106,0.019305169846168813,0.015020501924724483,0.9682049462757294,0.9946686259105887,-8.367181429049058
20220719,4.319,6.606794655666144e-05,-9.624826852219885,1.2891094069277752e-08,-18.166729146228867,-0.009942593795056862,-9.142467170349672,-9.145874534683598,-0.007611615575077613,-0.00046296297123205044,0.010653180881238011,0.8492918952242444,0.9941533738617987,-8.174287438527024
20220720,4.331,4.518388150031551e-05,-10.004770138699726,1.2901612263069111e-08,-18.165913551755075,0.009903988889331644,-9.225081207045402,-9.205238069607546,-0.006444211023765689,-0.00253660922361032,0.0050808423388926105,0.7408903792202197,0.9916538245465746,-7.41243794207237
20220721,4.286,5.799092983656789e-05,-9.755223941774954,1.5281691154941737e-08,-17.996610381652925,-0.010146340017275492,-9.271914920152444,-9.245715896867123,-0.01711816030955804,-0.012520451060928472,0.0027745682539257466,0.6929372979454378,0.9904856855189206,-6.759758519066179
20220722,4.289,0.00015340339259509633,-8.782439553271134,5.101270305989764e-09,-19.09377624862547,0.00984463198772136,-9.361842653600442,-9.204257328957755,-0.0013979499014753483,-0.00023312740518233177,0.010444565181104704,0.6601919439838445,0.9900227239981214,-5.798095841594677
20220725,4.271,2.9448552782197346e-05,-10.432865790595475,2.587829664351744e-09,-19.77244627995769,-0.009079070228940436,-9.720025255312235,-9.244371604366762,-0.016256744458127192,-0.021770197432236182,0.0006997084833582079,0.5085197769061595,0.9682049462757294,-5.305318584325514
20220726,4.3,4.6189828344784307e-05,-9.982750949813916,2.8739416357736906e-09,-19.667581357159772,0.008859115522765283,-9.791610074831041,-9.265717044197798,-0.004408871279047322,-0.025939707587893546,0.004205613675413833,0.48057002520166464,0.8492918952242444,-4.797410875534015
20220727,4.276,1.8801019826628022e-05,-10.881599443502402,3.0583620130701555e-09,-19.60538635414723,-0.00848387064539519,-9.966975935791575,-9.342996623409757,-0.012780469069691103,-0.04235496298332908,0.00676703084018726,0.47456540835340744,0.7408903792202197,-5.1640306834439285
20220728,4.279,7.815346608124278e-05,-9.456836150432913,6.78330957418493e-10,-21.111385809303258,0.007959328206890324,-9.907298377523167,-9.376022887856395,-0.0016345596167053333,-0.05324278341018429,0.0055970295367180345,0.5753736691487112,0.6929372979454378,-5.441214514412759
20220729,4.22,0.00015887032306136453,-8.747422266739322,8.110435547619154e-09,-18.630114265252626,-0.008061709469308549,-9.900294920216806,-9.371737523904287,-0.016218477486822813,-0.054865106915756634,0.0007013442718810659,0.6558642148587884,0.6601919439838445,-5.737121237013269
20220801,4.238,0.000104179056593617,-9.169399441230398,8.113508737819162e-09,-18.629735419001342,0.007628175991897086,-9.647601650343791,-9.389205340547552,-0.007756532013222017,-0.06176213633142247,0.013884209386759272,0.6668876635812175,0.5085197769061595,-6.114959369805062
20220802,4.167,0.00013415130740430988,-8.91654223530107,2.3989844474425035e-08,-17.545635243049336,-0.008199297344872366,-9.434359907441221,-9.3446804695461,-0.03141867025920031,-0.07532427764770655,0.004256331798186963,0.6605744754195121,0.48057002520166464,-5.8900402096399285
20220803,4.122,0.00020208871076178553,-8.506803794779502,2.6573339490024155e-08,-17.443357398583146,-0.00805030940453298,-8.95940077769664,-9.313055112484601,-0.03667951069453146,-0.09239472584420083,0.016895107405791032,0.6133359594522863,0.47456540835340744,-5.217528667343435
20220804,4.153,4.22264919521107e-05,-10.0724627625113,2.7203570148350044e-08,-17.41991761680366,0.008421743247265452,-9.08252610011232,-9.394996982729708,-0.029888372786063266,-0.08268789377764252,0.010857869972049183,0.26829026103386605,0.5753736691487112,-2.7023436638080525
20220805,4.218,5.897254501617328e-05,-9.738438561071138,3.140541473197183e-08,-17.276285515205537,0.00909100805206481,-9.28072935897868,-9.435981415235789,-0.00047404599133771264,-0.05399235135671554,0.007492482180349258,0.1270981581509849,0.6558642148587884,-1.2377376043786694
20220808,4.204,1.89096362430509e-05,-10.875838911700455,3.1364208690846433e-08,-17.27759844476597,-0.00899115828035156,-9.622017253072693,-9.511437045516082,-0.0080550068314027,-0.060904428192249505,0.015530117407966282,0.020806189087469847,0.6668876635812175,-0.22628476088170194
20220809,4.211,2.2018733547539976e-05,-10.723616942059415,1.5070010799895777e-08,-18.010559107659574,0.009033002854027573,-9.983432194424362,-9.559869850754835,0.010503796739474325,-0.05834507589921922,0.0033246290418780244,0.011134004767028617,0.6605744754195121,-0.11939680215267837
20220810,4.166,0.00010360362975682533,-9.174938192489854,1.4955030969475762e-08,-18.018218074022393,-0.00863623775330568,-10.117059073966434,-9.549257388047064,0.010617860370513155,-0.051917199574203376,0.0016636961650859927,0.01407242743123899,0.6133359594522863,-0.1291136518999165
20220811,4.254,8.887900810660791e-05,-9.328234572611825,5.2509994550015156e-08,-16.762262313086115,0.009842332160701487,-9.968213435986538,-9.557387250015143,0.0240287521294289,-0.02277579277559627,0.010743806341010353,0.011456451528169638,0.26829026103386605,-0.10686846722452359
20220812,4.255,2.1490005215580354e-05,-10.747922604611869,4.087599804656495e-08,-17.01272279098574,0.009829128807076431,-10.170110244694683,-9.609942824987453,0.008733679968754737,-0.024147911230917973,0.020903373939265002,0.004413306025828931,0.1270981581509849,-0.04743387159607654
20220815,4.245,6.322817692183243e-05,-9.668760518796647,4.0857693791148115e-08,-17.013170690874055,-0.009827945956305597,-9.928694566113922,-9.616656695103675,0.009705366748606004,-0.026730237597632378,0.0002350452472921205,0.005630765154260946,0.020806189087469847,-0.05444251981413415
20220816,4.235,5.124059323210231e-05,-9.878978503483198,4.086234979696932e-08,-17.013056740718824,-0.009339591484482625,-9.759766878398679,-9.68693749589695,0.005683178924227095,-0.014068227332200811,0.002352942262026758,0.006253701042587288,0.011134004767028617,-0.06178017816693029
20220817,4.276,0.00012585051983546756,-8.98041570579579,3.9920923563801226e-08,-17.036365250405005,0.009283303228209711,-9.720862381059865,-9.702322174249645,0.026061650324018304,-0.015086743154657967,0.002358491659292916,0.007890587996717114,0.01407242743123899,-0.07086076037368212
20220818,4.239,2.3698864142691258e-05,-10.650083437440422,2.8765326482600585e-09,-19.666680209694807,-0.009395902162004987,-9.985232154025585,-9.748924746305123,-0.003532324407545362,-0.01869650160806402,0.009634665058780856,0.003101147036920626,0.011456451528169638,-0.0330274746949758
20220819,4.209,3.947644707406784e-05,-10.13980634050667,3.385425274180941e-09,-19.50378630356045,-0.009450284077050116,-9.863608901204547,-9.755062755478168,-0.010869672236903938,-0.028573372444056222,0.008690600792298664,0.003958587689395279,0.004413306025828931,-0.0401393125523819
20220822,4.236,4.770979385936785e-05,-9.95037385914633,3.7136535450959545e-09,-19.411249661863046,0.00935571045103935,-9.919931569274482,-9.763933206267774,-0.0021223920241506544,-0.011734469312224993,0.007102302582066455,0.007469614072161117,0.005630765154260946,-0.07432545260154355
20220823,4.222,5.921655412998833e-05,-9.73430942458953,3.7314864070275205e-09,-19.40645918212737,-0.00936959730080683,-9.89099775349575,-9.807200018600428,-0.003074378677888845,-0.015744656108614308,0.006394337950726525,0.014180720245296149,0.006253701042587288,-0.13803951873125384
20220824,4.145,0.00012241752126016436,-9.008073050580318,2.4963417851973552e-08,-17.505854369647658,-0.010083423766215361,-9.896529222452653,-9.742436712236104,-0.03111520457554051,-0.029945203272071286,0.0033104783130311066,0.02235377631027449,0.007890587996717114,-0.20136444995928438
20220825,4.181,9.389212976892644e-05,-9.27336399029014,2.4941038305038015e-08,-17.506751265442507,0.010163268086615497,-9.621185333022598,-9.71019185043957,-0.013776939996072102,-0.0280645703250888,0.01840616083887081,0.020846740565319457,0.003101147036920626,-0.19331941327335417
20220826,4.175,3.0742517448475464e-05,-10.389863928331442,2.4432995739541253e-08,-17.527331333752926,-0.010117634142958706,-9.671196850587553,-9.687840236113617,-0.008110731485614808,-0.023903634859979928,0.008647663787169746,0.013550736951800518,0.003958587689395279,-0.14079031305782017
20220829,4.15,3.593217673314399e-05,-10.233877376064825,2.435887978886399e-08,-17.530369380840906,-0.010162154185282298,-9.727897553971252,-9.723160291824158,-0.020511093496553112,-0.030611003192072772,0.001436094071609162,0.014947552006827871,0.007469614072161117,-0.15297141431022812
20220830,4.141,6.945525280993351e-05,-9.574827857211769,2.4339301854816654e-08,-17.531173432837974,-0.009775962709343477,-9.696001240495699,-9.760769636845632,-0.019371644862698822,-0.018897823484490317,0.006006024060211779,0.024764320497899426,0.014180720245296149,-0.23711410576820785
20220831,4.141,0.00013185621733068556,-8.933798491701934,1.3840085346291115e-09,-20.398281813130417,0.0,-9.681146328720022,-9.750060502776156,-0.0009654840238280116,-0.02315415528267728,0.002171029679176817,0.033332953372905136,0.02235377631027449,-0.2977898885668308
20220901,4.107,7.682244263060006e-05,-9.474013738746503,1.18955531676097e-09,-20.549686283054154,-0.009201553368608988,-9.721276278411294,-9.77540011656913,-0.017857617400006243,-0.014503517465894733,0.0,0.029507366326782913,0.020846740565319457,-0.2795531939741673
20220902,4.084,7.479579586517353e-05,-9.500748879574452,1.3876428460157279e-09,-20.395659323523752,-0.008990333855300573,-9.543453268659896,-9.820579438605266,-0.02203745800039969,-0.009261582165848159,0.008244469589008485,0.022645843834383027,0.013550736951800518,-0.21515247543653257
20220905,4.082,5.490775101397478e-05,-9.809856035188938,1.1274118338299087e-09,-20.60334124376892,-0.008815121626916568,-9.458649000484721,-9.808642769181521,-0.016521269854953946,-0.017243900260963452,0.005615934672002609,0.013060037261414937,0.014947552006827871,-0.1281170853486837
20220906,4.111,4.672359407164152e-05,-9.971261294499817,1.6252851181129227e-09,-20.23758257925528,0.008235436893550222,-9.537935687942328,-9.819225620701006,-0.007270996647688932,-0.025694774140841536,0.0004898359147660347,0.006377333220788465,0.024764320497899426,-0.06359005590657588
20220907,4.119,2.939408343320142e-05,-10.434717147640542,1.6281421239822692e-09,-20.235826273433055,0.008246334295002095,-9.838119419130049,-9.799174631425556,-0.005326889109486421,-0.020426037560761,0.007079243528088197,0.002951701387950378,0.033332953372905136,-0.0308001690875602
20220908,4.101,1.7311972263751504e-05,-10.964112257441533,7.777024506949402e-10,-20.974677119024,-0.008256522653311064,-10.136139122869057,-9.810106236670197,-0.0014619885644995279,-0.026469302769868586,0.0019441075382025108,0.0033043222607848644,0.029507366326782913,-0.03622896020200825
20220909,4.159,4.7586202252046574e-05,-9.952967707401422,8.358597969163914e-09,-18.599975130952007,0.008577631032347021,-10.22658288843445,-9.845471214620723,0.018197760458355416,-0.0016816820780058972,0.004379569044021592,0.018417399673570048,0.022645843834383027,-0.18330778420534818
20220913,4.173,3.009734078807674e-05,-10.411073736023246,8.384093885426468e-09,-18.596929511264097,0.007246550562950936,-10.346826428601311,-9.89469117659397,0.022048137221762465,-0.019224515168629885,0.014043814350852335,0.04742842572407358,0.013060037261414937,-0.49378083739683176
20220914,4.127,4.8060391191171264e-05,-9.943052188047561,1.0900941552076675e-08,-18.334416670517466,-0.007559179759385215,-10.341184607310861,-9.858106157659229,0.0038844428547035736,-0.0305440112548927,0.0033605408486410138,0.1787117195197563,0.006377333220788465,-1.7769399538006552
20220915,4.09,0.00015519827103501399,-8.77080709051552,1.2213659109115467e-08,-18.22071091238304,-0.007730730161969294,-10.008402595885858,-9.817290092737359,-0.007065445399233372,-0.03719684970860038,0.011084450838970694,0.43200711618248144,0.002951701387950378,-3.7890510777664703
20220916,4.0,0.00011307695804100966,-9.08744192644687,6.116282183762531e-08,-16.609726318336016,-0.008889059773698846,-9.633068529686923,-9.781311157417527,-0.024936485290031563,-0.05708896698412724,0.009005780715734435,0.48850829276944796,0.0033043222607848644,-4.439290741130064
20220919,3.989,4.9519913761695295e-05,-9.913135671073794,5.339448955676854e-08,-16.745558288125718,-0.008459451310239986,-9.625102122421398,-9.823707519475617,-0.041734087837504985,-0.06947742023952919,0.022250608934819782,0.5065466287650172,0.018417399673570048,-5.021465454672667
20220920,3.991,5.230269597906296e-05,-9.858462639865124,5.3368994752126027e-08,-16.746035882226213,0.008399971179174324,-9.514579903189773,-9.787724755949467,-0.044593375542818725,-0.06028556630390325,0.0027537881966210875,0.5476894861683373,0.04742842572407358,-5.39937633763748
20220921,3.961,6.135806174744375e-05,-9.69878398961404,5.0998073507014e-08,-16.791477979307828,-0.00841144906518992,-9.465726263503068,-9.767678285454346,-0.04105423213066528,-0.06072857114865404,0.0005012531433272738,0.6196568768070909,0.1787117195197563,-6.009918195830853
20220922,3.932,5.8086042171400824e-05,-9.753585160981938,5.0265650415339055e-08,-16.805943887446514,-0.00820701630143196,-9.662281877596353,-9.758733344628693,-0.039396767769790175,-0.0744712254542399,0.007545307426817249,0.710286491301102,0.43200711618248144,-6.927839781600355
20220923,3.924,0.00011158190012430397,-9.10075170643661,1.2463495697752353e-09,-20.503046902337267,-0.008212059368631477,-9.664943833594302,-9.729935266530834,-0.019182819416774022,-0.07319740772301242,0.00734831635485933,0.8361203404218875,0.48850829276944796,-7.609323614880852
20220926,3.899,0.0001328512237296381,-8.926280674437397,1.5685991551728324e-09,-20.273082873736872,-0.007532937642785199,-9.467572834267022,-9.72621743125161,-0.02282046292280926,-0.061182678586797934,0.0020366605818036287,0.8885879891286736,0.5065466287650172,-7.931785794896467
20220927,3.949,9.911422151568874e-05,-9.219237620207092,6.841097872839586e-09,-18.800317610466852,0.007871721349583057,-9.339727830335416,-9.72375714170238,-0.010579443762084528,-0.057088070069915675,0.006391431702656325,0.9020848692384704,0.5476894861683373,-8.316534763102903
20220928,3.893,3.071874024443019e-05,-10.390637658193928,1.4514788933992948e-08,-18.048097780809236,-0.008249084440780693,-9.478098564051393,-9.723792311241583,-0.01731645001146087,-0.0699342896745001,0.012742272304052005,0.905494874804541,0.6196568768070909,-9.40866914544566
20220929,3.894,0.00012204873619958191,-9.011090115954977,1.3931638333060372e-08,-18.089103444221156,0.008254935608523094,-9.329599555046,-9.668211072145683,-0.009711295334912107,-0.06367142729259889,0.014282313676193592,0.9457558206281457,0.710286491301102,-8.522290927369172
20220930,3.868,6.391636482802089e-05,-9.657935128773937,1.4331058255966269e-08,-18.06083674884725,-0.008292416404624515,-9.441036239513465,-9.671988675398508,-0.014373964112068593,-0.06819972697238219,0.0002568383216894343,0.9591304060781275,0.8361203404218875,-9.26321924193716
20221010,3.789,0.0001354436705396836,-8.906954719652484,5.0262116492664175e-08,-16.806014194840877,-0.009056895298718304,-9.437171048556484,-9.670768503941714,-0.028617977963996344,-0.08883517252696627,0.0066993293589601155,0.9762418632471732,0.8885879891286736,-8.695342071371744
20221011,3.786,3.963066909392805e-05,-10.135907267383688,4.4989683872737475e-08,-16.916832620729764,-0.009031402875580217,-9.620504977991803,-9.700854573425223,-0.042152329517381126,-0.08138278218729056,0.020635445554584075,0.9797312227681328,0.9020848692384704,-9.930464820938225
20221012,3.848,0.0005096021571093654,-7.581880220769115,5.0591182301277494e-08,-16.799488538659123,0.009964720248126658,-9.058753490506842,-9.613633270752253,-0.01162653582485862,-0.059523367498959034,0.0007920792493327777,0.9962477824049579,0.905494874804541,-7.553431356401243
20221013,3.815,5.737752294535659e-05,-9.765857917646526,5.1691760310832035e-08,-16.77796744316584,-0.010028994791427614,-9.20970705084515,-9.611633356318508,-0.0204962422135877,-0.06764639965123265,0.016243480016328915,0.9924325135894657,0.9457558206281457,-9.691954920567527
20221014,3.903,0.0001454197214513318,-8.835886366221217,1.0538137436137655e-07,-16.06567993029381,0.011270708539458791,-9.045297298334606,-9.560025405033116,0.009007910607429892,-0.05192081971726337,0.008612868067039647,0.9914989307891129,0.9591304060781275,-8.760771884682438
20221017,3.902,4.404841583494512e-05,-10.0302211691131,6.911656596385991e-08,-16.487471395920636,-0.011240417072269164,-9.26995058822673,-9.541639224190961,0.02938711016445561,-0.054121173253024235,0.022804823462057477,0.9833107184807731,0.9762418632471732,-9.862823984321661
20221018,3.895,3.9263791202651925e-05,-10.145207807230783,6.911856613491962e-08,-16.4874424572416,-0.011232902347501095,-9.271810696196148,-9.504416294635925,0.028383626535580575,-0.051537167087210456,0.00025624599755835753,0.982651478221827,0.9797312227681328,-9.969203448642949
20221019,3.836,7.905197496046663e-05,-9.445405010933763,6.605061442834103e-08,-16.532844503548354,-0.010930808200643112,-9.644515654229078,-9.481345262978305,-0.0031233757822681785,-0.08084450373958263,0.0017955628782078126,0.9910012118210972,0.9962477824049579,-9.360407811976424
20221020,3.824,0.00024541686441112014,-8.312552305917016,6.496930908030205e-08,-16.549350846552535,-0.01081888822144489,-9.353854531883176,-9.385957925246204,0.002356330452734534,-0.08733820642026058,0.015263522301519838,0.9983743612910033,0.9924325135894657,-8.299039099117959
20221021,3.802,7.167876170310863e-05,-9.543316064794077,1.1098479141860257e-08,-18.316457752262256,-0.010711262665118697,-9.495340471597746,-9.367788101461954,-0.026218244132240498,-0.08202350670420744,0.0031331618320369348,0.9986048941819595,0.9914989307891129,-9.530002129028682
20221024,3.704,0.0005168933670811069,-7.567673957957,1.0410614671155039e-07,-16.077854816848184,-0.011689053019968474,-9.002831029366527,-9.313100231800204,-0.05207592541698647,-0.09913165327077733,0.005769751122917555,0.9999390131959819,0.9833107184807731,-7.567212429708453
20221025,3.688,0.00022176852300204449,-8.413876409250504,1.0417430786324223e-07,-16.077200303641323,-0.010997561476030773,-8.656564749770471,-9.282483617382187,-0.054609373628364155,-0.08121005542554305,0.026113927282304328,0.9998899753571294,0.982651478221827,-8.412950675503419
20221026,3.716,0.00020544141575976884,-8.490349646132408,9.397334995085731e-08,-16.180254606034385,0.011256380923363403,-8.4655536768102,-9.217811525339398,-0.03178233606959968,-0.07089275197167733,0.004329011089585499,0.9997597920403626,0.9910012118210972,-8.488310196567303
20221027,3.69,6.726321254566824e-05,-9.60689708969928,9.444016528796778e-08,-16.175299374540373,-0.011252137657418946,-8.724422633566654,-9.206376727604585,-0.035670537136719194,-0.07841536801416105,0.007563515257244635,0.9989645651876697,0.9983743612910033,-9.59694977401413
20221028,3.604,0.00013708872945383433,-8.894882181530567,1.5607158876848976e-07,-15.672951032598247,-0.01201585496372904,-8.594735856913953,-9.169835736328064,-0.05348290432014591,-0.09445217889368807,0.007021362899156447,0.9994836222495259,0.9986048941819595,-8.890289062278937
20221031,3.565,0.00015263708376287425,-8.787447455773888,6.586671461397105e-08,-16.535632612356114,-0.012082030216501298,-8.838690556477328,-9.125920386091336,-0.03824926291767383,-0.09798414841866099,0.02358211830634427,0.9996999483316172,0.9999390131959819,-8.784810767503958
20221101,3.703,0.00018381025933379176,-8.601606531679929,4.81913460381536e-07,-14.545501281792442,0.01509875807495371,-8.876236580963214,-9.103231969056939,0.004058996237128021,-0.057968239771641006,0.010880285879832252,0.9998009023646901,0.9998899753571294,-8.599893972159606
20221102,3.737,0.00020998901854421637,-8.468455321260702,4.826546180912197e-07,-14.543964515498619,0.01527679787904474,-8.871857715988874,-9.082421725730727,0.005635329551754609,-0.04243695949711346,0.03797924806521635,0.9997339106745965,0.9997597920403626,-8.466201955697057
20221103,3.707,6.43473732170481e-05,-9.6512144450032,4.830126778995773e-07,-14.543222935399028,-0.014966103153672783,-8.880721187049657,-9.10205703594873,0.004596466116159492,-0.06323945813591703,0.009139848571871223,0.99886342763777,0.9989645651876697,-9.640245141403055
20221104,3.834,0.00030486887631909517,-8.09562878750414,6.786810282520938e-07,-14.203114586696357,0.016626992954133283,-8.72087050824437,-8.997738450917376,0.061864304877361276,-0.015271424004865919,0.008060226334751563,0.9994454181142293,0.9994836222495259,-8.091139098424666
20221107,3.834,5.6819653818675327e-05,-9.775628274153144,6.758782339746225e-07,-14.207252904384786,0.0,-8.918506671920223,-9.03249018538093,0.07274459075719353,-0.015528262326555353,0.033685720454857515,0.9967055593324132,0.9996999483316172,-9.743423046815563
20221108,3.811,9.375328988264622e-05,-9.274843801647908,2.600234022307271e-07,-15.162494201401692,-0.01661530394018273,-9.053154125913819,-9.015076943238837,0.028748319960247626,-0.014845955699324787,0.0,0.9963474969957835,0.9998009023646901,-9.24096740679875
20221109,3.771,6.976419089329021e-05,-9.570389704289447,2.6110668988451955e-07,-15.15833673964494,-0.016171599005464693,-9.273541002519568,-9.045233078904154,0.009057067772873184,-0.00476191376024393,0.006017022731729549,0.9955232056388557,0.9997339106745965,-9.52754503762733
20221110,3.75,5.418206938900698e-05,-9.823160527333753,2.6045704555656425e-07,-15.160827881646478,-0.016211947808123,-9.307930218985678,-9.031017317992793,0.011532915813724287,-0.009554212804811613,0.010551403615503219,0.9958744857335766,0.99886342763777,-9.782634938436871
20221111,3.848,0.0002597645338326771,-8.255734976392693,9.151925481099037e-08,-16.206716451710502,0.016797380499750703,-9.339951456763389,-9.061647079612047,0.0036448881800072996,0.0,0.0055843782939004605,0.9990632553283804,0.9994454181142293,-8.248001460643254
20221114,3.85,0.00014804416301489873,-8.817999929962895,9.151926939101887e-08,-16.206716292399467,0.016686877246460577,-9.148425787925339,-9.018562625626428,0.0041645036762401055,0.009132483563272453,0.025797692821140528,0.9984535513767262,0.9967055593324132,-8.804363346111176
20221115,3.925,0.00014833486935428885,-8.816038209322306,1.1896780439509101e-07,-15.944412931742244,0.016477996785722787,-9.056664669460218,-9.017660436676477,0.029474729342648498,0.005620863035893819,0.0005196154962328059,0.9954798580813002,0.9963474969957835,-8.776188465455489
20221116,3.896,5.983306205474578e-05,-9.723952172618299,1.1709376024590626e-07,-15.960290853450719,-0.016559087961764956,-9.08737716312599,-9.003739118653986,0.03261016750406864,-0.0015388564206308963,0.019293202934678844,0.9835585006116188,0.9955232056388557,-9.564075818919546
20221117,3.879,8.600843563052476e-05,-9.361065177794119,1.1697239452999913e-07,-15.961327874175906,-0.016580981361478724,-8.994958093218063,-8.96809627186141,0.033821548475510665,-0.004116290864881522,0.007415965454083073,0.9758841036358377,0.9958744857335766,-9.135314700108268
20221118,3.866,5.480673353463521e-05,-9.811697496839164,2.8414166577753648e-08,-17.376377992989827,-0.01625659402758836,-9.306150597307356,-8.984745930311655,0.004666847982679245,0.007790223764947424,0.004372997322458438,0.964649185456895,0.9990632553283804,-9.464845998275356
20221121,3.833,7.55300010504867e-05,-9.490980615730713,2.9494289631675124e-08,-17.3390691641457,-0.016353234488959048,-9.44074673446092,-9.038310853485006,-0.004425361901274849,0.00235079120926307,0.0033570076716908925,0.9597010849933831,0.9984535513767262,-9.108504394567932
20221122,3.831,0.00014744477765594454,-8.82205684105863,1.7836153981378378e-09,-20.14462341003362,-0.016301625548380924,-9.441950460808185,-9.005526343315212,-0.024240485515859778,0.00759862165227454,0.008572594387721288,0.954139255572218,0.9954798580813002,-8.417470746943476
20221123,3.834,5.480210516654296e-05,-9.811781949300295,1.1787665269443682e-09,-20.558797261341635,0.015193694388845356,-9.459516416144584,-9.107531252012636,-0.016041741156835876,0.034495327839519696,0.0005219206799060849,0.9231853893762115,0.9835585006116188,-9.058093739339277
20221124,3.816,8.37365530161283e-05,-9.38783496115185,1.2037117343755086e-09,-20.537855942002267,-0.015200870624264558,-9.46487037281613,-9.151802095280878,-0.01637463487179014,0.034118447891692494,0.0007827789049408285,0.9049297968228989,0.9758841036358377,-8.49533158400205
20221125,3.837,7.332217300849707e-05,-9.520647498109291,1.359739552662494e-09,-20.415972660933175,0.015168183240458008,-9.406660373070157,-9.198633815825282,-0.007529569521323776,0.03204299031322333,0.004705891037412702,0.8785666891074916,0.964649185456895,-8.364523750573403
20221128,3.792,0.00015718503648290403,-8.758086870267597,4.153513653075245e-09,-19.29931119752945,-0.015328622129971076,-9.260081623977532,-9.160051533123843,-0.010754202005642588,0.027267126340339676,0.005488057678775471,0.8498137475073031,0.9597010849933831,-7.442742624216614
20221129,3.908,0.0001260554398437177,-8.9787887490242,1.6902685032829973e-07,-15.593208256960812,0.01546399031930092,-9.291428005570648,-9.163865468009917,0.019899868462024406,0.08098139443444485,0.0117972268720401,0.7152674721910736,0.954139255572218,-6.422235531852191
20221130,3.911,2.919107009847146e-05,-10.441647714007564,1.69026844584956e-07,-15.593208290939698,0.015137665258050085,-9.417401158512101,-9.239056388838721,0.01988445114992432,0.09262904190711785,0.03013214978776091,0.31713777100829005,0.9231853893762115,-3.311440881674166
20221201,3.956,8.123500241838459e-05,-9.418164339412332,1.7235472146606016e-07,-15.573711149719598,0.013259408137530114,-9.423467034164197,-9.276172652826558,0.03603066017442558,0.06609011182899005,0.0007673615928407429,0.2344992869578393,0.9049297968228989,-2.2085528220439414
20221202,3.933,2.292321782101288e-05,-10.683360282385044,1.7240448831018445e-07,-15.573422444773891,-0.013313567354419357,-9.656009591019348,-9.37685015105948,0.024711682184856976,0.0511193429463257,0.011440317987088555,0.12265021838534346,0.8785666891074916,-1.3103164717238303
20221205,4.004,5.698570294475779e-05,-9.772710147122273,1.8902351289378672e-07,-15.481394422779227,0.013498131859939722,-9.858934246390282,-9.382372682973985,0.054400277060198565,0.07707093728437875,0.005830920310793131,0.11112151137300597,0.8498137475073031,-1.0859583217585385
20221206,4.027,8.956056181103171e-05,-9.320595493240535,2.4365433389237523e-08,-17.53010037344047,0.011720205015633891,-9.927295595233549,-9.438052987780184,0.029995947688780777,0.049113037245864355,0.01789136800330149,0.10493837197784663,0.7152674721910736,-0.9780881169247162
20221207,4.015,0.0001333140690010071,-8.92280279245545,2.438122830759533e-08,-17.52945233239065,-0.011764460729294924,-9.623526610923125,-9.399288193157561,0.026244251625347825,0.046128702775272146,0.005727820416343121,0.08903584387883551,0.31713777100829005,-0.794449276390701
20221208,4.024,2.593714427935231e-05,-10.559834474598397,2.0960294628952137e-08,-17.680635920867548,0.011624157373884253,-9.851860637960339,-9.457696860109857,0.017043019036972584,0.05438481090571501,0.0029843344705922092,0.027223845074270076,0.2344992869578393,-0.2874792977464029
20221209,4.058,8.509298910116624e-05,-9.371765910018828,2.1731406053853053e-08,-17.64450733911778,0.011311366637699756,-9.589541763487096,-9.448668505824829,0.031287747953950396,0.07335002312740291,0.002239085398713314,0.01750614309623331,0.12265021838534346,-0.1640634750851908
20221212,4.016,1.355318327422682e-05,-11.208889110242604,3.5816614821420754e-09,-19.44743904303843,-0.011536739892125124,-9.876777556111163,-9.511656168684322,0.0029925209364540795,0.06853054240710854,0.00841380860618468,0.0012226568659378435,0.11112151137300597,-0.013704625230174045
20221213,4.005,2.027271276564725e-05,-10.806234774898657,3.3777084627155157e-09,-19.506068326987602,-0.010414753645463333,-10.173905412442787,-9.62758797770732,-0.005478101348994624,0.03999004771686243,0.010403859014194827,0.000555342293608654,0.10493837197784663,-0.006001159205165817
20221214,4.015,4.4211614686857465e-05,-10.026523027679357,3.3695790738347473e-09,-19.508478004289888,0.010411540623856292,-10.39464945948757,-9.68252084578534,0.0,0.04196419909903204,0.002742801869105582,0.0018524326374248024,0.08903584387883551,-0.018573458496364586
20221215,4.013,4.242743148500643e-05,-10.067715435934572,3.364564357042416e-09,-19.509967345219657,-0.009666147769529725,-10.296225651754805,-9.739415265176808,-0.0027373415126585865,0.022172740050407924,0.0024937668784024147,0.0041732710418913455,0.027223845074270076,-0.04201530528678825
20221216,4.017,3.5100305334088836e-05,-10.2573007285534,2.3624549693718455e-09,-19.863564517325653,0.009481675271652733,-10.473332615461718,-9.763658381355675,-0.010154886026477516,0.030584969596856748,0.0004982561139452724,0.009619057624435011,0.01750614309623331,-0.09866556677911437
20221219,3.959,0.00016414291116032128,-8.714773100082766,8.967799278886096e-09,-18.5296255333532,-0.010009339849128721,-9.97450941342975,-9.734281468732432,-0.0142949142654345,0.020414079666163376,0.0009962640923657506,0.028617040326678195,0.0012226568659378435,-0.24939101324291887
20221220,3.896,0.00012358617918305744,-8.998571838100187,2.2198818278645723e-08,-17.623226780176616,-0.010614899300560005,-9.612976826070057,-9.697321211517025,-0.027593194740033855,0.007730004994149331,0.01454388725315181,0.02788088985215931,0.000555342293608654,-0.25088819024481407
20221221,3.893,2.606829153890031e-05,-10.554790865771949,2.2191153823747045e-08,-17.62357210388879,-0.010431298823997627,-9.718630393688574,-9.745676222882535,-0.030857278770406227,0.015532282229900662,0.016041082343704938,0.014856244699765004,0.0018524326374248024,-0.1568045558567526
20221222,3.901,0.00012395701162527716,-8.995575732908106,2.219469346429313e-08,-17.623412609781102,0.010431309872606272,-9.50420245308328,-9.75356344523933,-0.028306160760260157,0.018107064806007545,0.000770317151969957,0.015497239621227447,0.0041732710418913455,-0.13940659266377564
20221223,3.891,5.1561864794706653e-05,-9.872728213078217,2.2203177144488717e-08,-17.623030443691487,-0.01045633959658232,-9.427287949988244,-9.756333729956507,-0.03186916137472884,0.014757549378963786,0.002052861896200797,0.007260560993381327,0.009619057624435011,-0.07168154536213103
20221226,3.9,3.1047229416015735e-05,-10.380000983323946,1.3260339423641249e-08,-18.138488254956634,0.010391336930163385,-9.760333526636481,-9.801432185509784,-0.015014914988392913,0.021773799549560602,0.0025667365221029304,0.001983353955396054,0.028617040326678195,-0.02058721600729048
20221227,3.947,3.609264265313635e-05,-10.229421518018684,4.136582070595289e-09,-19.3033959769064,0.010614897229704625,-10.006503462620179,-9.833649186414759,0.0130054109004214,0.028264985415894506,0.0023103591331841145,0.0007859715153899944,0.02788088985215931,-0.008040033932080162
20221228,3.934,2.4744634334869553e-05,-10.606901887003636,4.160203535639555e-09,-19.297701837033685,-0.010265028979499054,-10.016925666866516,-9.91768623263003,0.010476651338548804,0.036763135574092054,0.011979243545109375,0.00030206232044731676,0.014856244699765004,-0.003203945396745341
20221229,3.922,4.444497729920318e-05,-10.02125859903231,4.1740724616191205e-09,-19.294373668207513,-0.00809181121080933,-10.222062240091358,-9.965071225812219,0.005368797249635238,0.003575993593618376,0.0032990767138425525,0.0004438644259503735,0.015497239621227447,-0.00444808019535972
20221230,3.938,9.271719247950342e-06,-11.588541731941952,4.2203385179270605e-09,-19.28335049459748,0.008134118630625218,-10.565224943864106,-10.017202772081964,0.012006786214517229,0.006879884443556694,0.003054992192712769,0.00021216911819071395,0.007260560993381327,-0.002458730680382413
20230103,3.949,0.0001599984159645738,-8.74034664300087,4.226748240710253e-09,-19.2818328769391,0.0077715917747986215,-10.23729407579949,-9.986392876790534,0.01248582916891161,-0.0017710314559533646,0.004071252442779061,0.004580116686167524,0.001983353955396054,-0.04003180750249659
20230104,3.954,3.619249156083888e-05,-10.226658876092547,1.08680301064046e-10,-22.942610561186108,0.0076681326943239606,-10.236741547414264,-9.965633721959057,0.0017719280677153115,0.005325231298752842,0.0027894020875784964,0.002036097488853429,0.0007859715153899944,-0.02082247445697266
20230105,4.029,5.3485657914463774e-05,-9.836097016366368,2.5018395491356894e-08,-17.50365446300649,0.007768417644332919,-10.082580573286808,-9.968514943288334,0.023861486242342744,0.006224344756236233,0.0012653424439130756,0.0014792677738971775,0.00030206232044731676,-0.014550221337236947
20230106,4.045,3.429217575356837e-05,-10.280593341954775,2.5050323467180628e-08,-17.502379096637405,0.00771847396970178,-10.134447521871303,-10.012151209138981,0.0308798227363003,0.0044598686411378985,0.01879048146078488,0.0006430089635443751,0.0004438644259503735,-0.006610513669431543
20230109,4.07,3.4326897665963036e-05,-10.279581322595497,2.52836214568016e-08,-17.493109024098427,0.007784657370505598,-9.872655440002012,-10.073822960508982,0.032970019237569925,0.013605652055778794,0.003963344301244787,0.0003857920192919416,0.00021216911819071395,-0.003965780435919845
20230110,4.076,2.558189572165831e-05,-10.573625655034208,2.527245524026867e-08,-17.493550759986338,0.007778774559954911,-10.239311242408679,-10.074449832346973,0.03165373305596608,0.012839682563040133,0.006161448944048686,0.0002336964448931325,0.004580116686167524,-0.002471018725212314
20230111,4.076,3.877136034439238e-05,-10.157828719344955,2.527194254147016e-08,-17.49357104705359,0.0,-10.22554521105916,-10.110179960043617,0.030388390612053007,0.004425873956855453,0.0014731159059746535,0.00040264275597475224,0.002036097488853429,-0.004089976150276541
20230112,4.082,2.1857516831128578e-05,-10.730965675852609,3.394717759309828e-10,-21.80363030660955,0.007201993545825209,-10.40451894295641,-10.088456167571344,0.013068858178442833,0.016300681998224986,0.0,0.00043301723508691896,0.0014792677738971775,-0.004646693086770327
20230113,4.144,3.365447014228445e-05,-10.299364668429293,1.0617613578553417e-08,-18.3607515565011,0.007770904147154548,-10.408273208251313,-10.065416617277283,0.024179954446726937,0.03411792443685946,0.001470949027174706,0.0021143887772164154,0.0006430089635443751,-0.021776861067386164
20230116,4.143,0.00022176993754359698,-8.413870030811301,1.0329369502965131e-08,-18.388274591208575,-0.007776976416609206,-10.035130949894473,-9.992114208328735,0.017777163640761096,0.03138281569653989,0.01507444056952889,0.007886828440581816,0.0003857920192919416,-0.06635874945436157
20230117,4.139,2.5932875168457813e-05,-10.55999908263015,1.0328601782000761e-08,-18.3883489180584,-0.0077831251768364085,-10.032405635413662,-10.014490737723987,0.015338097406117024,0.030915121481815744,0.0002413418619171548,0.0014040473675043688,0.0002336964448931325,-0.01482673891281541
20230118,4.13,1.3954721733088674e-05,-11.179692631476579,1.0333092427107129e-08,-18.3879142349069,-0.007820375948938302,-10.236778417839986,-10.056417642402314,0.013161291612463044,0.027742051595796013,0.0009659503286694182,0.0002649204440064344,0.00040264275597475224,-0.0029617291357862383
20230119,4.158,6.431137342743904e-05,-9.651774061686675,1.0749015653617947e-08,-18.34845165367057,0.007051205145083349,-10.020940095006798,-10.099008595202491,0.018447125048168145,0.04904272131182763,0.0021768057936539797,0.0011385337204262759,0.00043301723508691896,-0.010988870231165957
20230120,4.181,2.265548014537037e-05,-10.695108786277201,6.067116989318133e-10,-21.22296739827217,0.005773447897117759,-10.10008891857638,-10.17612391102872,0.008888947417245996,0.07060006659413931,0.006756782462879807,0.0010085381369733882,0.0021143887772164154,-0.010786425090039723
20230130,4.205,6.765816194062834e-05,-9.601042561096172,8.213854194136603e-10,-20.920028665460084,0.005726122054116797,-10.337523424633355,-10.13277171536164,0.014854130329646553,0.07709422479659267,0.005516262938606742,0.0039715932812067365,0.007886828440581816,-0.03813143612822947
20230131,4.159,6.765418609555086e-05,-9.601101326539775,3.749020179572084e-09,-19.401771316552527,-0.0065066665879790625,-10.145743873415281,-10.16029560598126,0.004820447994179133,0.06404173023625503,0.0057238410504834025,0.005872847871389563,0.0014040473675043688,-0.05638580748856463
20230201,4.19,8.548982717039547e-05,-9.367113169563508,4.352758211640503e-09,-19.25245612114281,0.006454649579188672,-9.783227981032667,-10.137313104003319,0.014423326961105154,0.07403453993163,0.010999632664136838,0.006720627871085598,0.0002649204440064344,-0.06295288183898146
20230202,4.18,3.97393606273167e-05,-10.13316840986493,3.942418694021202e-09,-19.35147142025361,-0.006568004325552367,-9.879506850668317,-10.126093441573364,0.005277057100843807,0.06933469340106435,0.007426073173272041,0.004781312431889325,0.0011385337204262759,-0.048449844092515376
20230203,4.137,8.54786970466445e-05,-9.367243370415595,6.04373865088124e-09,-18.92424303455601,-0.0068569502097638535,-9.613933767495997,-10.086903525773224,-0.01057956489515366,0.04701509079856425,0.00238948739738154,0.005259152034721531,0.0010085381369733882,-0.04926375703125295
20230206,4.08,5.132042292909732e-05,-9.877421777231751,1.3239165088062101e-08,-18.140086348239944,-0.0075878632971179034,-9.669209610723112,-10.053745338965411,-0.03017730500884097,0.036440268449202895,0.010340359057390724,0.0031034868300765786,0.0039715932812067365,-0.030654448400750333
20230207,4.09,2.8417868354005162e-05,-10.468492443245392,1.0318538492454758e-08,-18.389323705870087,0.00751551481438246,-9.842687834064236,-10.074074150066005,-0.016729690706064115,0.04194324228055568,0.01387389906320391,0.0015234330363044619,0.005872847871389563,-0.015948047228343643
20230208,4.073,4.9585710350284135e-05,-9.911807863518058,9.770503231122615e-09,-18.443897864426734,-0.007607131757398713,-9.951626772855146,-9.997858974228555,-0.02832090526777087,0.03370684844934191,0.0024479816386400177,0.002220249629749293,0.006720627871085598,-0.0220066877391221
20230209,4.127,5.489271929831918e-05,-9.810129835760224,1.5782572675954406e-08,-17.964359500853117,0.008000652882081582,-9.887019058034204,-10.046485482990343,-0.012760495766220181,0.04408836846593256,0.004165141388434712,0.003198345793925522,0.004781312431889325,-0.03137618749806698
20230210,4.103,3.803634958072369e-05,-10.176968287543643,1.3727485810136917e-08,-18.103865750457576,-0.00817310431281207,-10.048964041459815,-10.044226819874485,-0.008252474019225353,0.03699068871162359,0.013170922104169147,0.004200724393055952,0.005259152034721531,-0.04275063893284144
20230213,4.135,5.322659878485473e-05,-9.840952309404686,7.0459552994006e-09,-18.77081210115754,0.007373077756949603,-10.0416701478944,-10.04444751501259,0.013390340059584283,0.025969122266444433,0.005832337310395896,0.00844686364654532,0.0031034868300765786,-0.08312518230969665
20230214,4.144,2.2746127552568458e-05,-10.691115644525471,7.043242002452537e-09,-18.771197261067428,0.0073507535973140956,-10.086194788150417,-10.063107619674893,0.013116534902471555,0.024179954446726937,0.007768915015605726,0.014760109354154914,0.0015234330363044619,-0.15780203603111234
20230215,4.116,4.783394216671769e-05,-9.947775083289647,7.405589306976588e-09,-18.721030810087065,-0.007443566595867226,-10.093388232104733,-10.048025517888265,0.01050198930552737,0.011238818517299354,0.00217417648152729,0.06607335759799556,0.002220249629749293,-0.6572829003826268
20230216,4.087,0.00030682761782281035,-8.089224473543466,1.8868713238505065e-09,-20.088345763743337,-0.007611942721389653,-9.749207159661383,-9.935098191456866,-0.009739546188304526,0.0026950892216619504,0.006779686985378897,0.16547971206813106,0.003198345793925522,-1.3386025367364518
20230217,4.029,0.00010135255758949652,-9.196905450165167,1.0002316196165413e-08,-18.420449151155506,-0.00820940492819424,-9.553194592185687,-9.891419861039603,-0.018200207250838707,-0.011597909151268126,0.00707061338966275,0.15934200496599957,0.004200724393055952,-1.4654533539120465
20230220,4.134,0.00012484177036115276,-8.988463459621292,9.689385778112662e-08,-16.14964970725042,0.009937518195238852,-9.382696822229008,-9.81221521484727,-0.00024186721607799555,0.012658396871923605,0.014292998372930077,0.13637354749695632,0.00844686364654532,-1.2257886485353204
20230221,4.139,3.738979582198112e-05,-10.194112729755577,9.68898157443904e-08,-16.14969142425024,0.009399288484595342,-9.28329623927503,-9.807431035816647,-0.001207292190586573,-0.001207292190586573,0.025727255050366438,0.06097975119664412,0.014760109354154914,-0.6216344579310378
20230222,4.099,3.8972688059189505e-05,-10.152649463338168,9.824603129989964e-08,-16.135790980907046,-0.00962242444856777,-9.324271115284734,-9.886466464567869,-0.004138776449602366,-0.010677121573064108,0.0012087515070187127,0.03668590711280539,0.06607335759799556,-0.3724591551608975
20230223,4.099,5.713419380363084e-05,-9.770107779841787,9.774615981751862e-08,-16.140891924606926,0.0,-9.660447776544398,-9.850562314441127,0.002931836940060384,-0.00971117124439469,0.00971117124439469,0.02938026599510103,0.16547971206813106,-0.2870483653725577
20230224,4.06,6.806715091193833e-05,-9.595015826647913,9.106990062865785e-08,-16.2116384865207,-0.009812612392645033,-9.740069851840946,-9.778531550585278,0.0076647674044310055,-0.017094433359300165,0.0,0.02450073227133986,0.15934200496599957,-0.23508491390796923
20230227,4.045,3.683449547026983e-05,-10.20907577494326,3.4873296390888546e-09,-19.47412953999886,-0.00968272151151259,-9.98419231490534,-9.803863446642394,-0.02176391074912165,-0.02755263892536619,0.009560067908559455,0.01872946988164356,0.13637354749695632,-0.19121057724621668
20230228,4.071,9.110847507409037e-05,-9.303459727574378,3.823942465588714e-09,-19.38198388748009,0.009714187856321523,-9.8060617144691,-9.74060667124681,-0.016565543245753656,-0.026661782853586224,0.003701423103186219,0.020159074358738576,0.06097975119664412,-0.18754913644170162
20230301,4.12,0.0001072222075728108,-9.140607170588153,6.143519892325277e-09,-18.90786798667951,0.01001288916875897,-9.603653255919099,-9.719677789860084,0.005110121839234427,-0.020421130063476234,0.006407119010386708,0.016877371873483524,0.03668590711280539,-0.1542694263674463
20230302,4.115,2.0897441739952106e-05,-10.775883811272566,6.143954778693956e-09,-18.90779720136674,-0.009758301306214386,-9.804808462205253,-9.773076993711573,0.003895792606832593,-0.01063582663174123,0.011964493840593393,0.004588202187921394,0.02938026599510103,-0.04944193367966752
20230303,4.124,5.199704244478231e-05,-9.86432371706223,4.477905696333221e-09,-19.224110378318706,0.009618987407874348,-9.858670040288118,-9.795677473143334,0.015640592541072307,-0.015877167779333012,0.001214329232401834,0.004329291646765094,0.02450073227133986,-0.042705534269264316
20230306,4.099,5.01502665665398e-05,-9.900486728185815,4.713762064823177e-09,-19.17277950786349,-0.00968144911609872,-9.796952230936629,-9.785101033067011,0.013261491011745674,-0.019568205014464324,0.0021847320256802583,0.0045491226087778685,0.01872946988164356,-0.04503852801309532
20230307,4.042,0.00012205139636021703,-9.01106832030409,1.2067438204282697e-08,-18.232755069245403,-0.00988116577447817,-9.738473949482572,-9.76891125806194,-0.007149050539412505,-0.02323126849784507,0.0060805246325128515,0.005546936388147449,0.020159074358738576,-0.04998382276197747
20230308,4.026,1.8932545346619972e-05,-10.874628140787925,8.018600333581452e-09,-18.64150195229605,-0.009487071232586209,-10.085278143522526,-9.814238820041767,-0.023079836143835353,-0.013323661198470615,0.01400342254077147,0.0010502175135549217,0.016877371873483524,-0.011420724926852675
20230309,4.016,5.397269665364033e-05,-9.827032256792823,8.025816031401883e-09,-18.64060248694402,-0.009469758495962497,-9.895507832626578,-9.785081538839378,-0.024352451739605208,-0.018258587665282322,0.003966291763829455,0.0012113181032392686,0.004588202187921394,-0.01190366207376939
20230310,3.961,4.331623247783408e-05,-10.046983109192642,1.525345077415916e-08,-17.99846007921778,-0.009846024788679705,-9.932039711052658,-9.791225868188222,-0.04032704751493399,-0.027883310026496133,0.002486944828171689,0.0009239001316540702,0.004329291646765094,-0.009282409017309302
20230313,4.005,2.2428553788352546e-05,-10.705175688178164,1.7958687485424002e-08,-17.83519185661899,0.009707149989071656,-10.092977503051129,-9.831909770570858,-0.023199461001878197,-0.03000717025012234,0.013789863749648523,0.0007332641363653031,0.0045491226087778685,-0.0078497214056308
20230314,3.98,8.614177688587269e-05,-9.3595160506677,1.0575450955886725e-08,-18.36473046934061,-0.00971698967728087,-10.16266704912385,-9.794752850712861,-0.015457799685082874,-0.03043659416370259,0.011047061880542941,0.0028695982126825683,0.005546936388147449,-0.026858050530569843
20230315,3.979,2.7526584931909526e-05,-10.50035829547252,1.0525955921448473e-08,-18.369421637611616,-0.00950541037247023,-10.08781308006077,-9.82472585007958,-0.011742795772808012,-0.03845679703086291,0.006261761223976148,0.0026584130326270487,0.0010502175135549217,-0.027914289339937687
20230316,3.933,5.8688639280424324e-05,-9.743264388525228,1.4174722715321058e-08,-18.071805549053302,-0.009687942662501697,-10.071059506407252,-9.781641702079568,-0.020883888939755568,-0.052259011507509445,0.00025128785155459354,0.006628235745287106,0.0012113181032392686,-0.06458065329580584
20230317,3.954,0.00015019583425394644,-8.803570553679663,7.103367798993266e-09,-18.76269682747542,0.009769297615149901,-9.822376995304655,-9.729632405279114,-0.0017687938913542034,-0.04015409322337771,0.011628037995119245,0.011115463963701704,0.0009239001316540702,-0.09785577124133175
20230320,3.932,6.805119702273899e-05,-9.59525023868001,4.318562513737681e-09,-19.26034324151405,-0.009736289911964588,-9.600391905405024,-9.798088121876232,-0.01839537823540227,-0.038663002297220084,0.005325231298752842,0.006507518342092103,0.0007332641363653031,-0.062441266925173794
20230321,3.975,2.0804094565469763e-05,-10.780360736521107,6.810025589246485e-09,-18.804869959193447,0.009671711978154213,-9.884560842575706,-9.870063362165137,-0.001257071190051029,-0.013493458102914913,0.005579522463505127,0.0008800797112843423,0.0028695982126825683,-0.009487576764538555
20230322,3.993,2.665611833972768e-05,-10.532491852474102,6.893363286550674e-09,-18.79270673073944,0.00779633629560499,-9.890987553976021,-9.940246470931173,0.0035122966362926,-0.034702633178492315,0.010876545821375094,0.000290219637027966,0.0026584130326270487,-0.0030567359624250434
20230323,4.031,2.8274035109166707e-05,-10.473566661772779,4.846604128935122e-09,-19.14498755683824,0.008128888785094707,-10.037048008625533,-9.9529489223865,0.024611990685356133,-0.02643972863156674,0.0045180799747890354,0.0001811632489793819,0.006628235745287106,-0.0018974253648488956
20230324,4.026,1.2136737086919466e-05,-11.319273582188917,4.6862425034307474e-09,-19.1786347475744,-0.00790414833367634,-10.540188614327382,-10.00597729142517,0.018045602469174415,-0.017969714304600926,0.009471656053944288,5.045065261739892e-05,0.011115463963701704,-0.0005710647393763137
20230327,4.005,4.282879570937525e-05,-10.058299884654906,4.642021028772089e-09,-19.18811599899411,-0.007956879225699036,-10.632798543522362,-10.019076932553041,0.01839537823540227,-0.023199461001878197,0.0012411569174288761,0.000313868116374775,0.006507518342092103,-0.003156979638729252
20230328,3.997,2.2497121725026568e-05,-10.70212318026894,1.8462753720269515e-09,-20.110095539711875,-0.007732124837256965,-10.617151032271929,-10.069399994081268,0.005519331622891199,-0.01563889388445472,0.005229746697277271,0.0001308797017753814,0.0008800797112843423,-0.0014006906901969953
20230329,3.997,1.3831591995007928e-05,-11.188555307198213,1.7629368772497995e-09,-20.156284738340805,0.0,-10.748363723216752,-10.11392179100195,0.0010012516481021638,-0.0119374707812685,0.0019995007911359775,8.552298025230786e-05,0.000290219637027966,-0.000956878594589367
20230330,4.04,6.969997511590718e-05,-9.571310597214973,2.775470748360434e-09,-19.702445465086285,0.007939393519083316,-10.567912510305188,-10.126096830531067,0.002230207838030074,-0.00764397754778301,0.0,0.0007413598232331432,0.0001811632489793819,-0.007095785132460803
20230331,4.05,1.6960232841229076e-05,-10.984639198848702,2.7824667607360603e-09,-19.699927978677312,0.0074832640759918065,-10.500985633637146,-10.209916468179275,0.005943553900848109,-0.017136282242987244,0.010700612243872198,0.0001478945939870887,5.045065261739892e-05,-0.0016245687544083883
20230403,4.08,4.289426806403901e-05,-10.056772352517985,3.226168196673839e-09,-19.551970720761904,0.007681166745865293,-10.500680127209764,-10.17722958369043,0.018553407895747887,-0.008541845712962903,0.0024721891453891587,0.00033003470946290595,0.000313868116374775,-0.0033190839414978584
20230404,4.1,1.7703538388112087e-05,-10.941746029430732,3.33732772006065e-09,-19.518095434009858,0.007745701530349472,-10.548604697042121,-10.226203325161725,0.025442893981075576,-0.005836592444451449,0.007380107297622507,8.282467908557052e-05,0.0001308797017753814,-0.0009062466035234159
20230406,4.088,1.1788819602879015e-05,-11.348358966927695,3.352090388650242e-09,-19.51368168910236,-0.007661756124126392,-10.580565428988017,-10.292015699649992,0.022511773172216865,-0.0026871886207973095,0.004889985294191712,3.760398605739479e-05,8.552298025230786e-05,-0.0004267435323666602
20230407,4.117,3.549454678287115e-05,-10.246131485032505,1.2292825712802574e-09,-20.51683511311525,0.0071433952702237395,-10.715529606551524,-10.348154934410374,0.018880050814708893,0.018385123806338388,0.0029311208088587115,0.00020503840934110477,0.0007413598232331432,-0.0021008505015908765
20230410,4.102,1.2975574433274954e-05,-11.25244185757825,1.2573129845898905e-09,-20.49428894502261,-0.007133584566823421,-10.769090138297432,-10.36532828517357,0.012757778531741204,0.018701332432589313,0.007068889886364227,4.883659783500319e-05,0.0001478945939870887,-0.0005495309776603053
20230411,4.092,3.0582233487686636e-05,-10.39509132259984,6.711028147694862e-10,-21.122098764510767,-0.0071325636272323665,-10.836753932313803,-10.391149151801162,0.0029368596733096997,0.018747465699952004,0.0036500831375785303,0.00015457541593460458,0.00033003470946290595,-0.001606825564869069
20230412,4.088,9.111899706461703e-06,-11.605929338633512,5.569294538507848e-10,-21.30858253779132,-0.006361499987004093,-10.96959059415436,-10.462010344048474,-0.0029311208088587115,0.03155933426162383,0.0024408115608089975,2.160375568010977e-05,8.282467908557052e-05,-0.00025073166187245633
20230413,4.063,1.7686040819565047e-05,-10.94273488379773,8.253528561093342e-10,-20.91521011665836,-0.006177182351499672,-10.888465777528367,-10.472808489303908,-0.006134235895813633,0.014378036485267254,0.000977995187976699,5.856536681989976e-05,3.760398605739479e-05,-0.0006408652824825272
20230414,4.084,1.3989812445053768e-05,-11.177181175734594,4.672353922839573e-10,-21.48418793325128,0.006046755946067173,-11.074675715668786,-10.555429631352403,-0.008047842485348511,0.02579508100607275,0.006134235895813633,5.2655682440385706e-05,0.00020503840934110477,-0.0005885421025681377
20230417,4.145,3.9116692801808865e-05,-10.148961256202412,1.0094754591592032e-08,-18.411249895373878,0.006697132833672095,-10.853979595393618,-10.539457038658309,0.010428128937069125,0.04087225714246645,0.005155283296829349,0.0002643534974835477,4.883659783500319e-05,-0.0026829134039021273
20230418,4.152,1.9732542835010673e-05,-10.83324136458143,1.0089277365414158e-08,-18.411792624034234,0.005984045061478816,-10.941609603789937,-10.589001446660864,0.014556297774207527,0.0541876524139151,0.014825888284839106,0.00011190516525950669,0.00015457541593460458,-0.0012122956651996087
20230419,4.119,1.6833450922698096e-05,-10.992142524868651,1.0900023472975481e-08,-18.33450089422964,-0.006342594089614698,-10.818852241036963,-10.688481990805819,0.007554562552540389,0.04088269070551842,0.0016873572763294042,0.00018779347428510003,2.160375568010977e-05,-0.0020642526345820756
20230420,4.103,2.522528064224786e-05,-10.587663866226615,1.0662727841098381e-08,-18.35651155590689,-0.006257999868908264,-10.74783803752274,-10.733591701148844,0.009796796454459189,0.042570211175128714,0.007979730409643837,0.0016216355297941952,5.856536681989976e-05,-0.017169331902991254
20230421,4.03,7.89793942393528e-05,-9.446323571933199,3.1293780005811544e-08,-17.279846481007166,-0.007238063047403647,-10.401666516762461,-10.672953648213031,-0.013310524343827401,0.013741627852296379,0.0038920019938948336,0.010099116685264479,5.2655682440385706e-05,-0.09539952399971773
20230424,3.979,8.873527519649536e-05,-9.329853056652805,2.6892640369474378e-08,-17.431413179984645,-0.007715142591786415,-10.23784487685254,-10.61828824840297,-0.04087225714246645,-0.0035122966362926,0.01795203750145724,0.015354316646840553,0.0002643534974835477,-0.14325351810034037
20230425,3.96,0.00012106495662928763,-9.019183324763087,2.6995998586693045e-08,-17.42757718241771,-0.0074622765105843685,-9.875033268888872,-10.552179914902531,-0.04734612059719834,-0.01777045886863937,0.012735844513799943,0.016329388138590147,0.00011190516525950669,-0.1472777452031564
20230426,3.951,4.027994675782081e-05,-10.119656811916652,2.619042988607629e-08,-17.457871764431058,-0.00746839141953849,-9.700536126298472,-10.497651879890157,-0.04164170402468992,-0.018804615788345913,0.004786506178402483,0.008821274390293284,0.00018779347428510003,-0.08926826947351735
20230427,3.986,7.876497744636169e-05,-9.449042108547248,2.735460220482725e-08,-17.414381051491127,0.0076743023620646006,-9.472811774762599,-10.469958344612534,-0.02893019166944577,-0.004755358729719328,0.0022753138371354176,0.006567670630761904,0.0016216355297941952,-0.062058196345138296
20230428,4.025,2.845853717221723e-05,-10.467062366053739,8.37980932363928e-09,-18.59744067645362,0.007947479848764401,-9.676959533586707,-10.459273762148207,-0.0012414650880647748,0.0069808311413404045,0.008819510361349314,0.0018580793547955808,0.010099116685264479,-0.019448632487722238
20230504,4.025,2.6415749302142073e-05,-10.541550161210774,3.117928725114737e-09,-19.58609692573992,0.0,-9.919298954498299,-10.429864437330597,0.011494379425735168,0.0069808311413404045,0.009736689079923755,0.0011586989719384855,0.015354316646840553,-0.0122144833344329
20230505,4.009,6.761238477016402e-05,-9.601719385036414,3.0632882634603076e-09,-19.603776902044938,-0.007644764926529114,-10.035806166552966,-10.431246654958844,0.012297808393980869,-0.007702858312688576,0.0,0.0025885677457635906,0.016329388138590147,-0.02485470110397828
20230508,4.054,5.189930145619792e-05,-9.866205227301162,6.1627121694533495e-09,-18.904748869050053,0.008013164949547485,-9.985115849629867,-10.380408747161228,0.025735336600554604,0.0009871669113605819,0.003983077210156782,0.002903618886870116,0.008821274390293284,-0.02864769983972832
20230509,4.019,9.477179762965748e-05,-9.26403868632127,6.083208407253726e-09,-18.91773358159079,-0.008044151641337073,-9.94811516518467,-10.344375398697741,0.008244893676460974,-0.01506387294900624,0.011162214369438317,0.0034115603488716843,0.006567670630761904,-0.03160482705266697
20230510,3.988,2.7264470685701496e-05,-10.509926143466188,5.004677725899908e-09,-19.11289281668197,-0.008078092204645278,-9.95668792066716,-10.324747222062989,-0.00923505877093489,-0.02769712161067006,0.008670932562744316,0.0009433962094364179,0.0018580793547955808,-0.009915024485202711
20230511,3.983,1.9115694217575836e-05,-10.865000873527388,5.005173152119308e-09,-19.112793828949616,-0.008069469732122737,-10.021378063130484,-10.302776399635702,-0.010489606671019613,-0.026020548701896073,0.0077432633674721085,0.0006773029880543918,0.0011586989719384855,-0.007358897556853677
20230512,3.932,7.700602857812023e-05,-9.471626845953004,1.047117439222196e-08,-18.37463965099781,-0.008217992716842175,-9.9953595553138,-10.267571643313907,-0.019393631375449916,-0.045976540502847385,0.0012545479000847237,0.0034191013411380066,0.0025885677457635906,-0.03238445205175666
20230515,3.995,7.850776264636322e-05,-9.452313050850112,2.0134109217946628e-08,-17.720850484101064,0.009055155053803677,-9.912581120023592,-10.185747606644448,-0.014660468811570349,-0.02643108043195097,0.012887101914587085,0.004278143090167424,0.002903618886870116,-0.04043834776459377
20230516,3.978,3.933323350990614e-05,-10.143440760053682,1.906968977307643e-08,-17.77516568526523,-0.009075364640008531,-10.088461534770074,-10.17430894471053,-0.01025393503528349,-0.02825466765759943,0.015895376933317884,0.003174455961152584,0.0034115603488716843,-0.03219990598735051
20230517,3.951,4.370971215414246e-05,-10.037940234465516,1.8780961399795487e-08,-17.790422171729233,-0.009150866558665241,-9.99406435296994,-10.103036712702895,-0.00932114067033818,-0.03408714147214953,0.004264398786457457,0.003826861063111869,0.0009433962094364179,-0.03841380263712011
20230518,3.95,6.904924186051909e-05,-9.580690657741746,1.8780466794724656e-08,-17.79044850752607,-0.009096292160704563,-9.737202309812812,-10.041125611518531,-0.00831972528647662,-0.02820603809255906,0.006810469002526798,0.006115116999410557,0.0006773029880543918,-0.058587044307250466
20230519,3.944,6.183379534752855e-05,-9.691060492685123,1.3265194507556726e-08,-18.138122186248477,-0.00898195147233353,-9.781089039159237,-9.97357467137992,0.003047234455468839,-0.034881463562030035,0.00025313251622316457,0.007202618964720726,0.0034191013411380066,-0.06980101609286965
20230522,3.964,8.56764002622147e-05,-9.36493314645371,6.283957093397873e-10,-21.18785103748289,0.00835136763059576,-9.763613058279955,-9.937937030027706,-0.007789962750496482,-0.04464917211951658,0.0015201421726416253,0.007950021887049807,0.004278143090167424,-0.07445142348506521
20230523,3.907,4.6469350159756095e-05,-9.976717599046161,9.363825602669187e-09,-18.48641191172557,-0.008712497407989869,-9.730268426078451,-9.899004131594284,-0.018009364358847035,-0.06082032979065399,0.005058179727352563,0.005751774265387017,0.003174455961152584,-0.05738382753922746
20230524,3.854,2.731771796723659e-05,-10.507975056500248,1.5893566393999573e-08,-17.957351438912955,-0.00895509569055027,-9.824275390485399,-9.87699651939572,-0.024857141437079067,-0.06649884546176899,0.01448380039480801,0.005246081650313116,0.003826861063111869,-0.055125695125853885
20230525,3.845,7.170417794309516e-05,-9.542961542278142,1.589954120051099e-08,-17.956975583450323,-0.008954040951148354,-9.816729567392677,-9.829510050125336,-0.026941975955423247,-0.0649448105024415,0.013658246080758829,0.01124958335944298,0.006115116999410557,-0.1073543413658165
20230526,3.85,7.696992259154469e-05,-9.472095828114998,1.5899043632708895e-08,-17.957006878415473,0.008337811884958843,-9.77293663447865,-9.830681516315416,-0.024122288440696193,-0.04569322765889883,0.0023379670345673453,0.015577726126260343,0.007202618964720726,-0.1475537146520686
20230529,3.834,7.2949359136891e-05,-9.525745067997864,1.5828279883717144e-08,-17.961467630756907,-0.008009838895465434,-9.805099018787484,-9.839585698649284,-0.03334497184428886,-0.03712188682133899,0.0012995453420854286,0.017391835835899476,0.007950021887049807,-0.16567019443724795
20230530,3.838,0.00010762851100262572,-9.136824973192146,7.026946898667935e-09,-18.77351352152199,0.007998845561216819,-9.637120493616681,-9.84493304630515,-0.01781841848742549,-0.03129262768088115,0.0041645036762401055,0.017392737244814684,0.005751774265387017,-0.15891439601059199
20230531,3.802,4.5864084815072974e-05,-9.989828213086552,1.6445481737107517e-09,-20.225800156894042,-0.00817833913183218,-9.53349112493394,-9.839031746358327,-0.01358432592593739,-0.03844146736301646,0.00104275296205536,0.010241801101993384,0.005246081650313116,-0.10231383360151446
20230601,3.81,6.938996115408306e-05,-9.575768352873077,1.6424765967365848e-09,-20.227060614233494,0.007885180069686774,-9.540052487052927,-9.844792030191318,-0.009144413818997776,-0.0451590326519935,0.009424153519270728,0.007143246078681412,0.01124958335944298,-0.06840206973702216
20230602,3.863,3.389128596235208e-05,-10.292352627879257,8.926750780733777e-09,-18.534213362610178,0.008216510949554839,-9.70410384700578,-9.836850678456114,0.0033709353844513235,-0.04108082718638273,0.002101945072372269,0.002802683464299084,0.015577726126260343,-0.028846206518892414
20230605,3.845,1.90761629130378e-05,-10.867071017355192,8.9617590191042e-09,-18.530299310131195,-0.008226297826583974,-9.972369036877245,-9.851647081008133,0.002864958334154677,-0.04575130791291948,0.013814894545534528,0.0019172302801771304,0.017391835835899476,-0.02083467761130867
20230606,3.808,0.00012816012886177273,-8.962230069168976,1.0709933666450142e-08,-18.3520941461147,-0.008376909304296456,-9.93745005607261,-9.822579384832341,-0.007847280656389177,-0.05143771673125119,0.004670480726536752,0.0069332449337277564,0.017392737244814684,-0.06213733622196836
20230607,3.796,5.1517040456915245e-05,-9.87359792236563,9.152172159595281e-09,-18.509274591341306,-0.007815483063851558,-9.914203997928427,-9.822915416426182,-0.0015793633185559042,-0.06575616728212696,0.009669486028488494,0.005569952710758755,0.010241801101993384,-0.05499547351262245
20230608,3.828,9.658846156015078e-05,-9.245051269427083,1.0141449428578292e-08,-18.406634907324175,0.008067508158633429,-9.848060581239228,-9.8220523520219,0.0047132844520980655,-0.04869064187635641,0.003156236181437455,0.005039772947528802,0.007143246078681412,-0.04659295928617542
20230609,3.844,1.534859337540531e-05,-11.084486724911388,2.9171386390585595e-09,-19.652662619230505,0.008078493091889467,-10.006487400645653,-9.84816874208759,-0.0049305925760980696,-0.03677636099154591,0.008394592843026238,0.0007153820366043043,0.002802683464299084,-0.007929642687980484
20230612,3.848,6.672553455023434e-05,-9.614922851462099,2.8222078497427547e-09,-19.68574633288194,0.008098921295463038,-9.756057767467036,-9.791347013811896,0.0007799298458526227,-0.034481771396047245,0.004171017517338393,0.001095284413017127,0.0019172302801771304,-0.010531075131568627
20230613,3.877,2.657666980800653e-05,-10.53547680191882,1.709356190010016e-09,-20.187149034394825,0.007906486626442246,-10.070707114017003,-9.83970382999216,0.017957541759673123,-0.014086543596128154,0.0010400416954139402,0.0003530824866716281,0.0069332449337277564,-0.003719892347492749
20230614,3.877,2.769326534824191e-05,-10.494321302553752,1.689508591239821e-09,-20.198828124708815,0.0,-10.19485179005463,-9.887067841433234,0.02111377794111058,-0.029981920529446038,0.0075081258853320065,0.00028362704935048025,0.005569952710758755,-0.002976473385979209
20230615,3.942,5.063274213893853e-05,-9.890912113090819,1.5980381532232958e-08,-17.95190402128423,0.007939114019434044,-10.324023958787375,-9.875589266571286,0.02934573513982075,-0.00909097170125217,0.0,0.0005309506933381625,0.005039772947528802,-0.0052515866441924
20230616,3.979,2.6163844975575698e-05,-10.551132062986985,1.744337226461067e-08,-17.864306073361462,0.008065229618097683,-10.217353026402495,-9.898916167867718,0.03451704033674563,0.007061820015537901,0.01662655004173641,0.00020004736641139576,0.0007153820366043043,-0.0021107261818593837
20230619,3.949,1.69037129068559e-05,-10.98797726153493,1.8099266484174962e-08,-17.82739442523201,-0.008238941166401354,-10.49196390841706,-9.962883740767408,0.02590884950105221,-0.0002531966085184134,0.009342322714263274,7.052281170256839e-05,0.001095284413017127,-0.0007749030514073308
20230620,3.942,1.694912125686117e-05,-10.985294568734751,1.7465688630451862e-08,-17.86302753029505,-0.008241333865467736,-10.581927461780246,-10.021712562406027,0.01662655004173641,-0.000507228009860583,0.007568149140279479,8.186434195398564e-05,0.0003530824866716281,-0.0008993039110401629
20230621,3.887,3.708547028294773e-05,-10.202285301638746,2.5260473669392242e-08,-17.494024968442467,-0.008675816542436805,-10.523520261597245,-10.059774024005346,0.0025759931812940895,-0.019615964597655466,0.001774173573983795,0.00035177107773227647,0.00028362704935048025,-0.003588868895889625
20230626,3.843,3.754032338669998e-05,-10.190094912386437,1.3335817494678475e-08,-18.132812376753645,-0.008467244682558625,-10.583356821456372,-10.069472992793541,-0.025434897147821545,-0.01651650449022668,0.01405055686044232,0.0005155517623092729,0.0005309506933381625,-0.005253521390179584
20230627,3.869,4.612599004803311e-05,-9.984133991377938,1.222570379440437e-08,-18.219725233148143,0.00809529537971059,-10.469957207134561,-10.045662035287982,-0.02803445572641583,0.0038845057262011373,0.011384340287379224,0.0007725076286941838,0.00020004736641139576,-0.007712819674244367
20230628,3.877,5.142974010291531e-05,-9.87529395160427,1.1573216397048917e-08,-18.27457233981504,0.008084594461160506,-10.24742054514843,-10.060768053893714,-0.018400723615720205,0.00828805573118463,0.006742764135668988,0.0008368827156085499,7.052281170256839e-05,-0.008264462819651269
20230629,3.859,2.5944876543600596e-05,-10.559536403544769,1.1665029286261885e-08,-18.266670420866493,-0.00815158621880892,-10.16226891211043,-10.110197170958704,-0.02128012617504682,0.0023349342557887898,0.0020655829704161466,0.00045281962872987695,8.186434195398564e-05,-0.004781565353812762
20230630,3.882,5.8644920633045495e-05,-9.744009591337353,4.119633747322829e-09,-19.30750157381735,0.00818417767115115,-10.070613770050153,-10.120118285655954,-0.0012871671232674853,0.01244184012336591,0.004653576133310411,0.0009630145822596882,0.00035177107773227647,-0.009383623326136136
20230703,3.927,5.02979919738325e-05,-9.89754540265281,4.289121195138327e-09,-19.26718397460914,0.008511867856562659,-10.012103868103427,-10.154696486995075,0.0216224640131657,0.02292437801036451,0.005942402191337015,0.0007054963147989026,0.0005155517623092729,-0.006982681807126377
20230704,3.934,7.34136418323131e-06,-11.821985876580877,3.8777223631634975e-09,-19.368017875478035,0.008184736249213558,-10.379674245144017,-10.23797638079027,0.016660644248491563,0.03412947590063009,0.01152529084905396,2.9264132005219746e-05,0.0007725076286941838,-0.0003459601552561063
20230705,3.907,2.4379652966154323e-05,-10.621761668378564,4.323991986955125e-09,-19.25908679032678,-0.008378021551058596,-10.528967788498873,-10.285521531495066,0.007708157384141545,0.02514062693432395,0.0017809443709948525,0.00018060896187465113,0.0008368827156085499,-0.0019183853482058148
20230706,3.879,5.840739751359073e-05,-9.748068006398762,4.7654170874747325e-09,-19.161880772196668,-0.008055902575909175,-10.366674109069674,-10.26078132142777,0.005169305902348542,0.0041333047736860085,0.006886903893933871,0.000611022488032698,0.00045281962872987695,-0.005956288766781714
20230707,3.868,1.9586582905269363e-05,-10.84066577178568,4.5290349026172275e-09,-19.212756965928804,-0.008012667977890128,-10.58600534515934,-10.259581082992794,-0.0036129071557706727,0.005963974633440561,0.007192427615103414,0.0001864063598228361,0.0009630145822596882,-0.002020769044574585
20230710,3.884,4.758700040794242e-05,-9.952950934699158,1.0582227777249812e-09,-20.666674960718545,0.007732636877975279,-10.597086451568607,-10.3046138496078,-0.011010225166794063,0.019761433499959624,0.0028398108667821997,0.000434509161221795,0.0007054963147989026,-0.0043246483623178116
20230711,3.91,2.1475053698629334e-05,-10.748618589578836,1.4524962859189108e-09,-20.349982184232317,0.007771045154828365,-10.3824129941682,-10.34438751629931,-0.00611934596959296,0.029589493249593035,0.004127972838030569,0.0001629561092367072,2.9264132005219746e-05,-0.0017515530650271105
20230712,3.891,3.656992391935062e-05,-10.21628440621667,1.1151931721939049e-09,-20.614238198435736,-0.007712440161276472,-10.301317541735822,-10.388534477062473,-0.004103622070517066,0.01632372041170882,0.006671823568195956,0.0002652009744950022,0.00018060896187465113,-0.0027093685802467562
20230713,3.954,2.3013466449253522e-05,-10.679431015578452,1.3889963592129026e-08,-18.09209930134061,0.008354126445803604,-10.48759014357176,-10.370122853910976,0.01915033629059515,0.028214233640379227,0.004871179994857977,0.00011776465112056433,0.000611022488032698,-0.0012576594677157305
20230714,3.952,4.679113203731473e-06,-12.272401952371695,1.3876969382158198e-08,-18.093035249933237,-0.00836276043416854,-10.773937379688963,-10.490917358497775,0.021484202294573373,0.02666824708216131,0.0160615307460088,7.705699223536962e-06,0.0001864063598228361,-9.456743819532407e-05
20230717,3.924,3.474429951009048e-05,-10.267495042285072,1.433006742668981e-08,-18.06090588983549,-0.008419256879970962,-10.836846201206146,-10.478736369423514,0.010245991274038024,0.012049883014324525,0.0005059448628039753,0.00022148385105093805,0.000434509161221795,-0.0022740843426117116
20230718,3.918,2.2508072467140228e-05,-10.70163653678139,1.3934878501883985e-08,-18.088870894968057,-0.008430311047954862,-10.827449790646655,-10.488159789161134,0.0020439455250744754,0.010519660833556932,0.00711023818250478,0.0001863843737957063,0.0001629561092367072,-0.00199461782449725
20230719,3.916,2.6604099643796796e-05,-10.53444523210494,1.3822284754011853e-08,-18.09698370998371,-0.007619933809607842,-10.89108195582431,-10.517411294570866,0.006404530665847341,-0.006617484062264589,0.001530222180767593,0.0005605481702971744,0.0002652009744950022,-0.005905063999952216
20230720,3.888,9.058291291919068e-05,-9.309244961828323,1.0425933936826914e-09,-20.68155458000183,-0.00743609430007399,-10.617044745074283,-10.460961880881838,-0.016832838150232732,-0.023135644846599135,0.0005105948540851113,0.002505320085767056,0.00011776465112056433,-0.023322638386194267
20230721,3.89,5.800625944261116e-05,-9.754959631816622,1.0425942778825116e-09,-20.68155373192486,0.0072971716368538525,-10.11355628096327,-10.40491562498555,-0.015812622255266362,-0.015053224674157262,0.007175838070071272,0.0019599058566543907,7.705699223536962e-06,-0.019118802513824557
20230724,3.873,3.5927989217577504e-05,-10.233993922290843,6.05014738100523e-10,-21.225768297697687,-0.007336741532128845,-10.106856056964423,-10.370765595601737,-0.013082141170501327,-0.01765880819791321,0.0005142710321623944,0.0009312834356339532,0.00022148385105093805,-0.009530749020208012
20230725,3.985,3.491064141182955e-05,-10.26271886371822,1.327005109844873e-07,-15.835171044941305,0.009080746064442596,-10.01907252235179,-10.373512575696259,0.016955992719829283,0.024899660372092125,0.004379757097739745,0.0006867845120515472,0.0001863843737957063,-0.007048276367140926
20230726,3.976,1.3589237936768136e-05,-11.2062324066665,1.3270572436389316e-07,-15.835131758905694,-0.008681488129513158,-10.1534299572641,-10.419700643618079,0.015205564126063775,0.03402297721162073,0.028507911709563016,0.0009212372408636512,0.0005605481702971744,-0.01032359862279428
20230727,3.972,4.147880303565446e-05,-10.090328031440361,1.3217563100741261e-07,-15.839134260806313,-0.008617590491117036,-10.309646571186509,-10.424527645439099,0.02137485958473362,0.026273670464550314,0.0022610234478506186,0.011315959772532599,0.002505320085767056,-0.11418174609543717
20230728,4.068,0.00014428702600193915,-8.843706006123057,1.9723250390229576e-07,-15.438882581269619,0.009884689048436673,-10.127395846047795,-10.37763728428086,0.044742320555958504,0.04808981949752145,0.0010065426114014286,0.03677348946640395,0.0019599058566543907,-0.32521392966013957
20230731,4.084,0.0001271345274335567,-8.970264761007106,1.972063990675991e-07,-15.439014945671499,0.009770584373023547,-9.87465001379105,-10.305397664165513,0.05304749976980383,0.05666881774693744,0.02388173200338728,0.03984474417179538,0.0009312834356339532,-0.35741790455559935
20230801,4.066,7.052918183686067e-05,-9.55948400702612,6.518594613702925e-08,-16.546021941293617,-0.009849924936626401,-9.734003042452628,-10.29701013760591,0.020122402963976604,0.046309230459336215,0.003925422116105581,0.03009052055743902,0.0006867845120515472,-0.287649850031929
20230802,4.037,7.734999445937339e-05,-9.467170052575797,6.570572729712593e-08,-16.538079741782997,-0.009804354450733544,-9.386190571634488,-10.27744762169332,0.015225553076476217,0.02762606627493125,0.004417185096264209,0.018716535800080526,0.0009212372408636512,-0.17719262721448514
20230803,4.073,1.742561033603234e-05,-10.957569575473002,6.694799791452538e-08,-16.519349669445685,0.009938300562606292,-9.559638880441018,-10.238155971642962,0.02511008248334945,0.0347231086994082,0.007157873335351006,0.003142117548658456,0.011315959772532599,-0.03442997165373971
20230804,4.094,7.008354636595354e-05,-9.565822508079496,2.0309991276858367e-09,-20.01473798384809,0.00978004005749622,-9.704062180832304,-10.190158737083912,0.0063710090527844265,0.04675267116616433,0.008877986795471804,0.0026017436444184623,0.03677348946640395,-0.024887817914030903
20230807,4.063,1.814377874560536e-05,-10.91718282484925,2.6510612305554618e-09,-19.74830581275218,-0.00979893936121266,-10.093445793600733,-10.243300319740754,-0.005155283296829349,0.04634422854775955,0.005142658572822256,0.0007708010745684714,0.03984474417179538,-0.008414976252654263
20230808,4.048,4.865363729209541e-05,-9.930783987644038,2.6123512777035802e-09,-19.763015148470696,-0.009821269950700873,-10.167705789724318,-10.201942056825224,-0.004436783220990392,0.045485354394116495,0.007600870233508195,0.0019448800880177862,0.03009052055743902,-0.019314184035974756
20230809,4.04,1.3385002233336815e-05,-11.221375714138269,2.0904061369851084e-09,-19.985907465931817,-0.009846517543186212,-10.51854692203681,-10.259597728617912,0.0007428501022548328,0.039379141543980145,0.003698685020425252,0.00354224692365022,0.018716535800080526,-0.039748883602529574
20230810,4.045,3.8701367415034386e-05,-10.15963562483094,8.483983031651811e-10,-20.88767089328106,0.009786197100533451,-10.358960131908399,-10.232825775674826,-0.00689827815582067,0.03394417651318049,0.001978240012105781,0.04255757962097438,0.003142117548658456,-0.43236950202383057
20230811,3.95,9.465803154613819e-05,-9.265239828693536,6.451315433403937e-08,-16.556396690774864,-0.011114842207293012,-10.298843596031208,-10.1895964766965,-0.035806908326067255,0.015049384910614139,0.0012368585373963015,0.15333139514284178,0.0026017436444184623,-1.4206521492666042
20230814,3.923,7.50297510063224e-05,-9.49762584300041,6.428824533812644e-08,-16.559889032086,-0.010670128796270538,-10.01493219966144,-10.135878059761136,-0.03506494977817409,-0.007871057521009694,0.02376597159742433,0.2147796301239489,0.0007708010745684714,-2.0398965656152863
20230815,3.919,9.38625385720221e-05,-9.273679201596584,6.425103198796947e-08,-16.56046805123051,-0.010671031958062942,-9.883511242451949,-9.999572480180449,-0.03238641276767007,-0.008385260668126948,0.006858911685615032,0.266765199913041,0.0019448800880177862,-2.473894886143323
20230816,3.889,3.587523870042865e-05,-10.235463230236139,6.494537282383968e-08,-16.549719338494825,-0.010688962189342144,-9.686328745671522,-9.99811648872368,-0.03809263679944852,-0.0089594865295064,0.001020148009921229,0.29373365819626907,0.00354224692365022,-3.006500057950662
20230817,3.902,7.217510675556296e-05,-9.536415353295302,6.496971049429504e-08,-16.549344668054434,0.010714953965994669,-9.561684691364395,-9.945151889474312,-0.03599230830953548,-0.004092077321429466,0.0076844640438842315,0.3931972228606397,0.04255757962097438,-3.749692032961279
20230818,3.852,6.219996403514604e-05,-9.685156136432393,6.6979417262139875e-09,-18.821465562789314,-0.011052901343284955,-9.645667952912166,-9.906547839671013,-0.025123084977151544,-0.016478230732384747,0.0033371870273093407,0.48494802997487435,0.15333139514284178,-4.696797388361954
20230821,3.8,6.209940888580312e-05,-9.686774087817277,1.3080106571526345e-08,-18.152173343280342,-0.011312133909363224,-9.68349760187554,-9.923708254488695,-0.03185560049507563,-0.022893819865852594,0.012896748265040392,0.5968025709669683,0.2147796301239489,-5.78109167998556
20230822,3.823,0.00016363940165874325,-8.717845321358409,1.3345083483600034e-08,-18.13211779831331,0.011409070974375593,-9.572330825827905,-9.876566694922412,-0.024801064503218617,-0.017373702916079203,0.01359142720353912,0.7336126655366736,0.266765199913041,-6.395521743938161
20230823,3.768,8.634643184093007e-05,-9.357143076275973,2.14670010533782e-08,-17.65674891560481,-0.011758881531231169,-9.396666795035872,-9.83670983828537,-0.031607698459493516,-0.02748504381849859,0.006034387981935785,0.7589952703703389,0.29373365819626907,-7.102027339072026
20230824,3.791,7.303860239166468e-05,-9.524522456695456,2.171648488899806e-08,-17.64519419250089,0.009878188234433607,-9.394288215715902,-9.803155456147973,-0.028859405666721738,-0.049907475707980486,0.01449109800015913,0.7734288670356929,0.3931972228606397,-7.366540612737981
20230825,3.784,5.683114704320104e-05,-9.775426019096818,1.6185943051779745e-08,-17.939122684241887,-0.00987859527800312,-9.412342192248786,-9.738118802167532,-0.017810842746247335,-0.04949463760469586,0.006085479820081119,0.7861280599742779,0.48494802997487435,-7.68473669181466
20230828,3.837,0.0005617625251442739,-7.484431350495379,1.6846858680698857e-08,-17.899101625973156,0.01046256794925042,-8.971873644784406,-9.619668953033669,0.009689744532475508,-0.034578934918110704,0.001848185344565989,0.80915445230623,0.5968025709669683,-6.0560609502336655
20230829,3.859,0.0001251839414232983,-8.985726370916915,1.6795355647749266e-08,-17.90216343829515,0.008968260534631557,-9.025449854696108,-9.626124424160665,0.00937262784120585,-0.05274339563083186,0.013909160075183724,0.6555922970086743,0.7336126655366736,-5.890972991800838
20230830,3.858,3.772029692782664e-05,-10.1853122283364,7.976035151988336e-09,-18.646824397076383,-0.008871627922246413,-9.191083685108193,-9.681353854493814,0.02360455776942083,-0.05692798581888159,0.005717271290666126,0.2068276501113299,0.7589952703703389,-2.106604193837011
20230831,3.839,3.196108144952104e-05,-10.350991600044154,7.82056350183345e-09,-18.666509225927335,-0.008877422926422884,-9.356377513777932,-9.71733147235827,0.012582079484462882,-0.05744779918749421,0.00025916807194414915,0.056803878868107546,0.7734288670356929,-0.5879764730137068
20230901,3.862,2.947603298086358e-05,-10.431933066154475,8.072841466260242e-09,-18.634760314251405,0.008997794257414711,-9.487678923189463,-9.761184336611846,0.02040353281669094,-0.044316657864481135,0.0049369984648768295,0.019725004150212267,0.7861280599742779,-0.2057699230246336
20230904,3.92,8.018857367184934e-05,-9.43112952616162,1.0461941385213874e-08,-18.375521794650478,0.009426876626194397,-9.877018558322712,-9.691800698006784,0.021400842537555587,-0.03828817486390457,0.005973267987662068,0.012452870011582228,0.80915445230623,-0.11744463005168573
20230905,3.893,1.664890637657207e-05,-11.003166026783815,1.0704645657759202e-08,-18.35258801608229,-0.009357824950747063,-10.280506489496092,-9.757134494311526,0.008771986072837024,-0.05034241861077926,0.014906469796048372,0.0011168926297217233,0.6555922970086743,-0.0122893550389193
20230906,3.883,2.398786678734705e-05,-10.637962405977289,1.071339713067745e-08,-18.351770810374774,-0.009282995560820836,-10.37103652502427,-9.744442657090072,0.006459136265992704,-0.045313566256059534,0.006911585174052437,0.0003318690688753116,0.2068276501113299,-0.0035304106784022522
20230907,3.83,3.1582868842801385e-05,-10.362895709602226,1.772947235648427e-08,-17.848037477230694,-0.009608743393942451,-10.373417346935884,-9.764084098997262,-0.0023471128261058904,-0.05535812879260971,0.0025720178787884684,0.00039063625840352685,0.056803878868107546,-0.004048122806224975
20230908,3.809,3.4277587168744755e-05,-10.281018852687845,1.765762269707289e-08,-17.85209826594681,-0.009628641917488655,-10.343234504242558,-9.721340605294971,-0.01381849650985556,-0.05887800447659153,0.013743247556975424,0.0007459852789280575,0.019725004150212267,-0.00766948871648696
20230911,3.837,9.528592096997034e-05,-9.258628492006178,8.358311879790343e-09,-18.6000093584948,0.009831767452237399,-10.30873429741147,-9.680385735621117,-0.021400842537555587,-0.052790739245639484,0.005498115696087602,0.001889498978642808,0.012452870011582228,-0.017494169079278876
20230912,3.832,1.4883625256126721e-05,-11.115248925428766,7.902495312282849e-09,-18.65608726503315,-0.008595903239278491,-10.331150877140463,-9.764477058199992,-0.01579320851970456,-0.030328718804416566,0.007324123768348345,0.0005405258743096338,0.0011168926297217233,-0.006008079643586602
20230913,3.807,8.869643057776403e-05,-9.330290910971822,8.260830926172323e-09,-18.611740658084102,-0.008586639533230554,-10.069616578139367,-9.756870924925964,-0.01976657334916987,-0.03001518982705531,0.0013039511562014106,0.002305305979798986,0.0003318690688753116,-0.02150917543032747
20230914,3.804,3.757175207498651e-05,-10.189258064518034,1.1260150197977967e-09,-20.604580968243457,-0.008587224218746846,-10.03488904912253,-9.79848814596785,-0.0068116585094109006,-0.029783374534350537,0.0065453827082537774,0.0017349315755581275,0.00039063625840352685,-0.01767766554764263
20230915,3.787,6.800739934309451e-05,-9.59589404483893,1.0237451702526517e-09,-20.699798198474326,-0.008501459942935441,-9.897864087552746,-9.769416819358886,-0.005792538576809392,-0.0265779062539524,0.0007883327172164556,0.0023311229370916965,0.0007459852789280575,-0.022369208709825648
20230918,3.8,6.397342876835775e-05,-9.65704273630822,4.758186150082474e-10,-21.46598439522633,0.008503765641992777,-9.977546936413155,-9.774899882223108,-0.009689744532475508,-0.02648817546857951,0.004478995763486093,0.001775060093246533,0.001889498978642808,-0.017141831179997024
20230919,3.795,2.356646626541526e-05,-10.655685777355181,4.758414805401222e-10,-21.465936341237335,-0.008094065309409568,-9.885634306798439,-9.819014865901417,-0.009702449261020929,-0.01490808308828595,0.0034269178126822286,0.00031912591740042984,0.0005405258743096338,-0.0034005054992291847
20230920,3.777,7.205330526091863e-06,-11.840689455020668,2.10941715072386e-10,-22.279439252495962,-0.007628567405688002,-10.387714015608207,-9.916920109865208,-0.007911433670040546,-0.006071023002020226,0.0013166558847468313,2.828510592281178e-05,0.002305305979798986,-0.0003349151554343801
20230921,3.742,4.23547460122226e-05,-10.06943007674087,1.7132948740403657e-09,-20.18484749345754,-0.0077249873561177525,-10.363748418052774,-9.978355780564412,-0.016432916831246036,-0.021415226862377956,0.004754367117273395,0.0005112383951444767,0.0017349315755581275,-0.005147879272452528
20230922,3.817,6.381354150805714e-05,-9.659545140792646,3.264943640422278e-08,-17.23743824311192,0.008310223330113964,-10.376478637243517,-9.992101328951533,0.007890624843434946,0.012920417048976063,0.009309815878421945,0.0008440188945281732,0.0023311229370916965,-0.008152838611376797
20230925,3.789,1.7561040483875645e-05,-10.949827718444608,3.3209565344571416e-08,-17.220427889732193,-0.008380836621339378,-10.635035633670794,-10.056887931758313,-0.0028989346958760986,-0.0005277044977338718,0.01984454591119489,0.00015806352946814864,0.001775060093246533,-0.00173076841624552
20230926,3.768,2.482891754408591e-05,-10.603501554074866,3.339978869791006e-08,-17.214716263393647,-0.008456264192944998,-10.624598789014732,-10.094527728802769,-0.007140054133476514,-0.00423729447551513,0.007362641726628816,0.000268512211621056,0.00031912591740042984,-0.0028471696532119464
20230927,3.778,4.978705942187732e-05,-9.907755458667097,3.330746971611215e-08,-17.217484149315876,0.007883489922744893,-10.238011989744018,-10.204678824628756,0.00026472534899801836,-0.015496042185497716,0.005557775322347247,0.0009744665317765694,2.828510592281178e-05,-0.0096547760994977
20230928,3.764,3.105786629337164e-05,-10.379658438888955,3.184303357373102e-08,-17.262447204951776,-0.007773298414791235,-10.300057662173634,-10.26803937317294,0.005861993871235427,-0.02492586083234838,0.002650412365201138,0.0014434565826593644,0.0005112383951444767,-0.014982586299370083
20231009,3.754,0.00010785997226801684,-9.13467672516614,8.36417158351998e-10,-20.901893634055558,-0.0077773006540845,-10.195083979048333,-10.220283213937929,-0.01664283559877555,-0.02732697631922032,0.003712547356184537,0.004293250993640632,0.0008440188945281732,-0.03921745992690548
20231010,3.727,6.176784985645258e-05,-9.692127557726602,7.916726660869033e-10,-20.956873109941593,-0.007843834983629712,-9.94354394690473,-10.190334848378038,-0.016498511539342564,-0.02960829552153932,0.00266028355881609,0.00317012501549227,0.00015806352946814864,-0.0307252560240911
20231011,3.735,4.092254144716687e-05,-10.103829511107426,6.050758093136602e-10,-21.225667361097,0.007715122244552451,-9.843609538311243,-10.175421050421354,-0.008796538129336007,-0.033437365421542076,0.007218317667195828,0.0014641314006879876,0.000268512211621056,-0.01479333405441034
20231012,3.771,3.831408934339637e-05,-10.169692861450711,2.2885266591268875e-09,-19.895357606732116,0.007245226735756958,-9.895997018867966,-10.208992111116315,-0.0018545508030978208,-0.03875143552615112,0.0021441980876593103,0.0006933589343561081,0.0009744665317765694,-0.007051247405144385
20231013,3.736,2.068964024928352e-05,-10.785877454019491,3.762592588585157e-09,-19.39815759891236,-0.007344495058885907,-9.977240821894075,-10.199115357808843,-0.007466701356537042,-0.041164548261722445,0.009592399691439324,0.00026541794560422665,0.0014434565826593644,-0.0028627654353848
20231016,3.693,6.215552856706528e-05,-9.685870788741546,7.344455068436306e-09,-18.72932022089159,-0.00763073155556081,-10.087479634609156,-10.15583846611631,-0.016382802293890997,-0.05016891487910402,0.009324697909623758,0.0007375488145955168,0.004293250993640632,-0.0071438025185616705
20231017,3.705,2.3985278088166787e-05,-10.638070328824101,6.823639731864413e-09,-18.80287282242614,0.007266348232600532,-10.276668188828655,-10.168346403353668,-0.005920361749071068,-0.033181544444504496,0.011576384496170045,0.00023963078867392403,0.00317012501549227,-0.0025492091828647895
20231018,3.677,1.505907705152216e-05,-11.103529622229999,7.481772438426028e-09,-18.710796116021076,-0.0073342597403983,-10.47660821105317,-10.205733256514677,-0.015650616265645567,-0.03526948517733208,0.0032441228776241005,0.0002508616707734185,0.0014641314006879876,-0.0027854499925147615
20231019,3.6,5.5005575801361526e-05,-9.808075999663654,4.5909125954193634e-08,-16.89660191711104,-0.008152229188017661,-10.404284838695759,-10.230708143226378,-0.046406372814155716,-0.06375696580275125,0.007586056428915189,0.002617473743097319,0.0006933589343561081,-0.0256723813994226
20231020,3.582,4.769431533485635e-05,-9.950698342541815,4.452332467270661e-08,-16.927252635144356,-0.008156039128375158,-10.237249016400224,-10.177774025822428,-0.04209421672807623,-0.06746555647009411,0.021163356857070825,0.005224940368323473,0.00026541794560422665,-0.0519918054629562
20231023,3.544,0.0001165546188014908,-9.05715056391131,4.351916674955301e-08,-16.950064380961773,-0.008285979766524542,-10.111504971434176,-10.165358555501495,-0.04118310312759155,-0.0715854446575257,0.00501254182354427,0.01004615255491427,0.0007375488145955168,-0.09098951627788084
20231024,3.549,7.322267241325084e-05,-9.522005452532733,4.3497804583138794e-08,-16.950555369478526,0.008330261603348437,-9.888291996175903,-10.135028891320344,-0.043017385083690796,-0.06938727101878439,0.010665270895685364,0.00860399114571602,0.00023963078867392403,-0.0819272506030513
20231025,3.569,3.9530190729742116e-05,-10.138445855730762,4.3034898248169664e-08,-16.961254463244895,0.008529618386366634,-9.695275242876054,-10.159690337269971,-0.029811757811111672,-0.05928870441163436,0.001409840921524852,0.005427161978523308,0.0002508616707734185,-0.05502298786953919
20231026,3.582,3.4631937725508775e-05,-10.270734246003943,2.9491755267018606e-09,-19.641740188131134,0.008536872620156724,-9.787806892144113,-10.187585405892504,-0.00501254182354427,-0.059079763093820015,0.005619570843663935,0.005193244633638495,0.002617473743097319,-0.05333843550658709
20231027,3.636,0.0001569263319594904,-8.759734085923574,1.284804440919828e-08,-18.170074223241265,0.009329893246629301,-9.549614040820464,-10.101405783554705,0.014962872676712369,-0.042800234532360815,0.003635859130496577,0.008862070618045054,0.005224940368323473,-0.07762938206475105
20231030,3.652,4.343658152504679e-05,-10.044208579609942,1.0334658768800946e-08,-18.387762661406526,0.009402232978650381,-9.74702564396019,-10.019747561945126,0.030018929989887422,-0.03365508099759773,0.014962872676712369,0.003744922823439129,0.01004615255491427,-0.037614785953164386
20231031,3.644,2.9622139733593398e-05,-10.426988512247156,1.0338494251746384e-08,-18.387391602092485,-0.009242887285457368,-9.928022255903075,-10.036000218104503,0.026416105733352513,-0.026538248454185842,0.004390786417489689,0.001371345128601653,0.00860399114571602,-0.014298999902255534
20231101,3.642,4.4569930157123924e-05,-10.018451138044867,1.0139058490039926e-08,-18.40687069417518,-0.007965522325221077,-9.904023312365897,-10.052314127070515,0.020247536797392884,-0.046931792457676424,0.002192983335010057,0.0012559012835353161,0.005427161978523308,-0.012582185643306397
20231102,3.625,6.069425264517584e-05,-9.70966154897517,1.0199943496636221e-08,-18.400883656216998,-0.007901916109652178,-9.791808772960142,-9.995942937549176,0.011932984668118207,-0.04424784372982571,0.0005489980922956939,0.0013439017472445583,0.005193244633638495,-0.013048831120821036
20231103,3.653,4.012902548790525e-05,-10.123410657860067,8.758551734640942e-10,-20.85582036575597,0.00812077408267264,-10.064544087347441,-9.974120624084867,0.004664571497913217,-0.030995608900971083,0.0046786929987781,0.0006396108427169342,0.008862070618045054,-0.00647504322204347
20231106,3.701,1.6099723231577324e-05,-11.036708476706876,6.609766414655315e-09,-18.834717521883423,0.008653852648462253,-10.263044066766827,-10.025436670359401,0.013328090671296922,-0.020591715675298827,0.007694459506507378,0.00010669968516856253,0.003744922823439129,-0.0011776133197618289
20231107,3.69,2.285619775811565e-05,-10.686288240723057,6.620841124955845e-09,-18.83304341691827,-0.008644025337378607,-10.314904012462007,-10.039374388624587,0.012544478654723745,-0.019855763670697524,0.013054305590873394,0.00016228112110194487,0.001371345128601653,-0.0017341828361230678
20231108,3.679,5.294586888420632e-05,-9.84624050814453,6.636711635407374e-09,-18.830649231759157,-0.00864745169124972,-10.280461886481941,-10.071718196941788,0.010107994817220911,-0.020180962041679962,0.0029765953515832333,0.0005006263647841715,0.0012559012835353161,-0.00492928759238305
20231109,3.682,2.1473667049888496e-05,-10.748683161874222,6.540964028028703e-09,-18.845181277442983,0.008537625573738073,-10.488266209061752,-10.11974345167577,0.015601794504247923,-0.012147537686235221,0.002985481929798528,0.00014866240863481092,0.0013439017472445583,-0.0015979251284966571
20231110,3.655,1.851666954383512e-05,-10.896839175164121,6.4267903582030265e-09,-18.86279059000898,-0.008634599146351571,-10.64295191252256,-10.15578934549653,0.0005473453885962432,-0.021651725383038833,0.0008151066882489122,0.00012178130239119079,0.0006396108427169342,-0.0013270312666988358
20231113,3.65,4.63507889862422e-05,-9.979272243740391,6.192454506529506e-10,-21.202519394129546,-0.008305205431650154,-10.431464665929266,-10.147133862873332,-0.013875885809618849,-0.032613050681819855,0.007359989609144302,0.0005248828309566309,0.00010669968516856253,-0.005237948666181387
20231114,3.65,4.5449220339740016e-05,-9.998914891729065,6.03545105770311e-10,-21.228200337885102,0.0,-10.293989996130467,-10.111362837314678,-0.010899290458035615,-0.023288352772196097,0.0013689256073416978,0.0005495029576675389,0.00016228112110194487,-0.005494433306471121
20231115,3.675,2.827956719066087e-05,-10.473371021485093,1.0218528507617149e-09,-20.701648337173406,0.007932444326556133,-10.419416098798578,-10.147158302439385,-0.0010878434578371898,-0.004886003205626155,0.0,0.0002517513622928157,0.0005006263647841715,-0.0026366854224569706
20231116,3.639,2.07107595806487e-05,-10.784857206230395,2.9000179767455768e-09,-19.65854890109541,-0.00814798009861845,-10.426650907669814,-10.15383043323058,-0.011747164180863301,-0.017974340118027454,0.0068259650703998975,0.0001600074920209375,0.00014866240863481092,-0.00172565795337286
20231117,3.634,2.5253440255264106e-05,-10.586548163790553,2.3138669638809893e-09,-19.884345701668185,-0.008008682812357998,-10.3645927053951,-10.130331276028786,-0.005762123227762483,-0.01176323234515575,0.009844214034777199,0.0005009005855007509,0.00012178130239119079,-0.005302808173674588
20231120,3.645,8.17969497497404e-05,-9.411270604173808,2.329853807019301e-09,-19.877460315105814,0.006573545175770079,-10.250992377481783,-10.112294667142883,-0.0013708021337786036,0.012422519998557258,0.0013749486560434843,0.002450609540924552,0.0005248828309566309,-0.023063349534811105
20231121,3.65,7.813001315869816e-05,-9.457136283535078,2.3305600092463037e-09,-19.87715725093158,0.006455466360978829,-10.142636655842987,-10.089860028097123,0.0,0.01880586395588013,0.003022395486642182,0.0023779608240393404,0.0005495029576675389,-0.02248869958984742
20231122,3.611,2.2789040957222173e-05,-10.689230797328774,4.559781797859963e-09,-19.20599106591153,-0.006462040430957036,-10.185808611011723,-10.16404549325246,-0.017568390369479214,0.018728709552486178,0.0013708021337786036,0.0005063572702137353,0.0002517513622928157,-0.005412569727219987
20231123,3.63,3.941980949007565e-05,-10.141242089075435,2.833224404111661e-09,-19.68185040846495,0.006529296089394564,-10.05708558758073,-10.192192613095314,-0.0024762703532634767,0.022566774612399865,0.010742425299079317,0.0004272258782593704,0.0001600074920209375,-0.004332601058146145
20231124,3.605,1.9189834511364853e-05,-10.861129871673104,3.288717501112398e-09,-19.532768165458705,-0.006654808931322952,-10.11200192915724,-10.225041886547238,-0.008012199237066975,0.010036326228888948,0.005247905981438539,0.00021197324191623743,0.0005009005855007509,-0.0023022689097718357
20231127,3.581,7.032331520795481e-05,-9.562407161103135,3.6701836621163234e-09,-19.423024131958716,-0.006782294050945198,-10.142229240543106,-10.192845200869927,-0.01771427444432594,-0.0002792126222244118,0.006910877539846982,0.0008677847206966569,0.002450609540924552,-0.008298110827485595
20231128,3.585,1.9482439163932756e-05,-10.845997053834225,3.669788118151684e-09,-19.423131910020228,0.005913190527839532,-10.420001394602934,-10.287675335774956,-0.017968693542816494,-0.014125702263648732,0.006679679720616782,0.0002497093919193018,0.0023779608240393404,-0.002708347329071483
20231129,3.558,5.2345228689039034e-05,-9.857649767322204,1.6596368874769445e-09,-20.216667000989354,-0.005977405299312236,-10.253685188601619,-10.27919538976188,-0.01478615305167752,-0.026076373489078764,0.0011163830352880488,0.0006204371041493538,0.0005063572702137353,-0.0061160516753559395
20231130,3.562,2.2711755735942244e-05,-10.692627893697235,1.5082596347069918e-09,-20.312309410624106,0.005992584207562169,-10.36396234952598,-10.291269907100519,-0.01891046340928937,-0.022759794530242017,0.0075598848079403425,0.00038973855869218566,0.0004272258782593704,-0.0041673293839214216
20231201,3.548,8.660767737688895e-05,-9.354122093012553,1.100156280512645e-09,-20.627813594040212,-0.006022992975693962,-10.062560793793871,-10.261073132326322,-0.015937706289579356,-0.026148916858083293,0.0011235956238266898,0.0013047568449342545,0.00021197324191623743,-0.012204854829208864
20231204,3.524,1.587220409266731e-05,-11.050941148843433,1.1264568639179688e-09,-20.60418864891727,-0.006097495966465753,-10.360267591341929,-10.322040386865789,-0.016045382942362574,-0.028257580232705193,0.00393812042013697,0.0002580858336324305,0.0008677847206966569,-0.002852091358822187
20231205,3.458,3.986790534549465e-05,-10.129938935059368,2.6680098961461903e-08,-17.439347906705645,-0.006826123425471406,-10.217055967586958,-10.322337126738484,-0.03606808679048479,-0.05485836055204674,0.0067873563734,0.0008118045097670508,0.0002497093919193018,-0.008223530111146031
20231206,3.463,6.07824150902977e-05,-9.708210036314435,2.602770365544324e-08,-17.464104340984637,0.005960840464816457,-10.187168021385405,-10.261950833993374,-0.02706332382335841,-0.0664677879837341,0.018906320812834165,0.00175412633158772,0.0006204371041493538,-0.017029426857283324
20231207,3.454,5.5943303658476784e-05,-9.79117181475735,2.6036556591911144e-08,-17.46376426368358,-0.005961508191662048,-10.006876805597429,-10.221263723722204,-0.030789205142983,-0.06609347832794876,0.001444878159186036,0.001973574160690474,0.00038973855869218566,-0.01932360369648596
20231208,3.461,2.0911997014030936e-05,-10.775187543869768,2.5991812331902106e-08,-17.46548425883105,0.006057184057542296,-10.29108989576887,-10.263488588982444,-0.024826499794125878,-0.06108341146943008,0.0026022856957979013,0.001816001825627593,0.0013047568449342545,-0.019567760251147197
20231211,3.485,0.00021625883267777156,-8.439034568233708,2.6023459205437827e-08,-17.46426742860003,0.0063610736461771015,-9.768708579646926,-10.158504561998784,-0.011128663861445842,-0.05498803859839896,0.0020245849287201523,0.00743673331370296,0.0002580858336324305,-0.0627588495090745
20231212,3.493,1.0742410739330632e-05,-11.44131103044692,4.750346888415414e-10,-21.467633285420316,0.006342731585753263,-10.030982998724436,-10.183253282693455,0.010070578563596166,-0.04533512737704681,0.006910479559280036,0.0014359435011316263,0.0008118045097670508,-0.016429076218595847
20231213,3.435,5.0520524382964904e-05,-9.893130880825542,1.619483197213068e-08,-17.938573659669892,-0.007068414795191082,-10.067967167626659,-10.179337766197328,-0.008118339745972092,-0.06071024192008734,0.0022929216122078433,0.004365800035574095,0.00175412633158772,-0.04319143115144733
20231214,3.419,7.640973416049715e-05,-9.479400459430114,1.6280689381505736e-08,-17.93328613196722,-0.0070516852018313115,-10.005612896561209,-10.155723473820101,-0.010184869067322744,-0.06537905693723589,0.016744040150382222,0.00886015161550686,0.001973574160690474,-0.08398892529465618
20231215,3.412,9.137957607070827e-05,-9.300488561031107,1.6280857738702902e-08,-17.9332757911074,-0.006710070052775004,-9.710673099993478,-10.102410634708557,-0.01425893502377451,-0.0742545030353674,0.004668815017148553,0.01111629312647595,0.001816001825627593,-0.10338695706385831
20231218,3.398,6.580799421364593e-05,-9.62876923440403,1.588191281551177e-08,-17.95808493400415,-0.00655644461085979,-9.948620033227543,-10.049861181443722,-0.02528102096274676,-0.06852189538028242,0.0020494810277316144,0.00952235686660638,0.00743673331370296,-0.09168857683619547
20231219,3.4,4.9788174724840504e-05,-9.907733057455134,1.5876408550570543e-08,-17.958431568508722,0.0065945037580329045,-9.641904438629187,-10.019005949337567,-0.02698553420257932,-0.06655853835186365,0.004111606379692212,0.0071922380079525354,0.0014359435011316263,-0.0712587742684766
20231220,3.369,4.3120504231690724e-05,-10.051511937747053,1.5634419635633725e-09,-20.276376059282523,-0.006573912955369738,-9.673580650013488,-10.04810782813635,-0.019400961249896875,-0.07874040103620561,0.000588408372375282,0.006339613059254344,0.004365800035574095,-0.06372269634579215
20231221,3.4,8.364699486573028e-05,-9.388905056272636,2.8761152249768058e-09,-19.666825333572778,0.007045955425487507,-9.655481569381994,-10.04500640871533,-0.0055726790350485444,-0.07095173597228444,0.009159467197699778,0.007745650948342697,0.00886015161550686,-0.07272318135301768
20231222,3.406,9.660212503011648e-05,-9.244909818746388,2.874519402443762e-09,-19.667380341038005,0.006913818363548395,-9.64436582092505,-9.979355455143404,-0.0017600473889360924,-0.05844616005482428,0.009159467197699778,0.006440990251859389,0.01111629312647595,-0.059546374021864634
20231225,3.415,1.2196190350795786e-05,-11.31438692131856,2.8270605630349575e-09,-19.684028335388746,0.006793099303288238,-9.981489358307954,-10.032680220245364,0.004990469773012984,-0.061055155254005955,0.0017631506183808376,0.000745355316620355,0.00952235686660638,-0.008433238446104599
20231226,3.395,2.3128818774835996e-05,-10.674431151990143,3.065096631820659e-09,-19.6031867405444,-0.006766578969738692,-10.134828977214957,-10.02419391480523,-0.001471670611456144,-0.06001800972625282,0.0026389107822568647,0.0015008963846077001,0.0071922380079525354,-0.016021215123765812
20231227,3.405,4.454963903272332e-05,-10.018906506600521,1.6723605989726166e-09,-20.209029676295174,0.006809785210093271,-10.12830789098565,-10.044943885055112,0.010628975177059852,-0.05039715141481982,0.005873732012093846,0.008234766998417317,0.006339613059254344,-0.0825033606607825
20231228,3.489,0.00015164477788659247,-8.793969759723664,7.080994126437511e-08,-16.463266432765135,0.008859909194471367,-10.009320831675854,-9.951669917140995,0.025839730582521314,-0.027143311846946627,0.002941178590816218,0.022487646243858166,0.007745650948342697,-0.19775568103585214
20231229,3.499,1.7842554959867265e-05,-10.933924225827537,7.082142806135447e-08,-16.463104225804077,0.008783851686664361,-10.347123713092085,-10.000591483436692,0.02693863114505457,-0.01672137585809219,0.02437022260316124,0.02161679540696269,0.006440990251859389,-0.2363564029849468
20240102,3.453,3.0908070938923473e-05,-10.384493212731746,7.694606564083453e-08,-16.380161106742722,-0.009162431406623126,-10.161144971374721,-9.986585361574623,0.011065925385101982,-0.031078766459614604,0.0028620511809140936,0.054738868015602786,0.000745355316620355,-0.568435403380646
20240103,3.443,4.287377926715507e-05,-10.057250124786592,7.672215578495792e-08,-16.383075307379176,-0.009151474303230784,-10.03770876593401,-10.018545726655262,0.014039423345727275,-0.030040880090946187,0.013233794977695723,0.19749420805413737,0.0015008963846077001,-1.986248648597102
20240104,3.413,0.00010208140452205981,-9.189739979429731,7.788036457869261e-08,-16.368091975165587,-0.009216239457719695,-9.871875460499854,-9.933945673500093,0.0023467303230941816,-0.03200503814936306,0.002900234051468553,0.5362538094693583,0.008234766998417317,-4.928033072002056
20240105,3.396,0.00016335378754385986,-8.71959223350795,7.459422993998791e-09,-18.713787772371102,-0.00840319460231161,-9.856999955256711,-9.869839005247755,-0.027016893755536175,-0.018092118811998015,0.008751514431816876,0.7037070023220426,0.022487646243858166,-6.136038112112444
20240108,3.349,8.82102348637152e-05,-9.335787560145105,1.499069879200489e-08,-18.015835908706652,-0.008834382820315572,-9.537372622120225,-9.852910710876422,-0.04381541957348345,-0.03347347160821723,0.004993401475469117,0.7361569031722542,0.02161679540696269,-6.872604458950476
20240109,3.357,4.425122234578733e-05,-10.025627563258249,8.862843387708989e-09,-18.541398199693898,0.008869266854419898,-9.465599492225525,-9.863567790353736,-0.028195700409957336,-0.02848526172658894,0.01393647463703318,0.754586207158151,0.054738868015602786,-7.565200277339257
20240110,3.341,0.00010376682842527956,-9.173364210317297,8.952889582800138e-09,-18.531289498353786,-0.008866604323587636,-9.288822309331666,-9.790757638828623,-0.03007302098176723,-0.03528740127858754,0.0023859241858303903,0.8056018985185125,0.19749420805413737,-7.390079623633389
20240111,3.36,8.146258911818945e-05,-9.415366672328293,7.986543037372542e-09,-18.64550783194795,0.00881369831525117,-9.33394764791138,-9.835136370832924,-0.015650695949457116,-0.03652707023737434,0.004777554623278446,0.8278380969714234,0.5362538094693583,-7.794399228308418
20240112,3.349,4.238623670170692e-05,-10.06868685451414,7.885327083515185e-09,-18.65826213565235,-0.008774660824575066,-9.603766572112617,-9.77274436283598,-0.01393647463703318,-0.04209917201262736,0.005670810600493237,0.8431015982739616,0.7037070023220426,-8.488925979560898
20240115,3.345,0.00010811938162956749,-9.13227455586976,3.410396731966022e-10,-21.799022301727383,-0.008125424083894621,-9.563063971257547,-9.738159984428897,-0.0011951002318757453,-0.026550232094120885,0.003279180163045181,0.8898006289942965,0.7361569031722542,-8.125903643961522
20240116,3.367,5.3693999136140965e-05,-9.832209310624057,7.039093306474895e-10,-21.074371559758774,0.008249138105032161,-9.52438032073071,-9.754196750392259,0.0029744221810394933,-0.015325970478226703,0.0011951002318757453,0.9091493330449718,0.754586207158151,-8.938946537112423
20240117,3.292,5.5536434820831134e-05,-9.798471269344539,5.2102701728371063e-08,-16.77004903294098,-0.009473477137288654,-9.649401732536159,-9.77683232804287,-0.014774880559796255,-0.03580334681460928,0.006555446598745629,0.9432241324210211,0.8056018985185125,-9.242154562079804
20240118,3.268,0.0004810448865750704,-7.639549972929596,5.2469180264924234e-08,-16.76303988229866,-0.009537935302005226,-9.294238392656418,-9.686413270703122,-0.027762796977356397,-0.039008846251983975,0.022526857364114194,0.9960319210310247,0.8278380969714234,-7.609235635349578
20240119,3.275,6.226496386160937e-05,-9.684111668187873,5.245024689981732e-08,-16.76340079477834,0.009561929303487995,-9.217323355391164,-9.676248662100065,-0.02234392472485247,-0.03745756253490051,0.0073171058170669045,0.9967561071777848,0.8431015982739616,-9.652697447857909
20240122,3.206,0.00019302885379274276,-8.552670878716825,9.356896670302617e-08,-16.18456706075658,-0.010331546532765407,-9.101402619960577,-9.608119523053235,-0.04244263939283077,-0.04959191023705478,0.0021396920894587446,0.9993311185065138,0.8898006289942965,-8.546950155446172
20240123,3.228,0.00014838059639397746,-8.815729987841937,9.36370606159175e-08,-16.183839585077838,0.01022071234554492,-8.898106755404154,-9.582066110851843,-0.04215938977123512,-0.05191268121441328,0.021293814899854047,0.9996770261381294,0.9091493330449718,-8.812882737482555
20240124,3.279,0.00034649730730991105,-7.967635510475879,5.4210625851276845e-08,-16.73038889879934,0.010896051138489671,-8.531939603630422,-9.524008187748636,-0.003956784952312109,-0.0380000843779853,0.006838696220341278,0.9998878491984875,0.9432241324210211,-7.96674193376722
20240125,3.335,0.0001368341305268994,-8.896741091738118,7.008432420424497e-08,-16.473566688394182,0.011573985836451908,-8.783377827392126,-9.414115195494979,0.020294502369830658,-0.0237048136551663,0.01567574745480882,0.9991553113270076,0.9960319210310247,-8.88922611531138
20240126,3.329,6.503761152408493e-05,-9.640544816583457,7.008223495546222e-08,-16.47359649933904,-0.011526088801366479,-8.774664457071243,-9.367120362067404,0.016354089505672853,-0.019631802417771516,0.016934181505075863,0.9972906249001002,0.9967561071777848,-9.614424964507938
20240129,3.299,6.412158095914427e-05,-9.654729574270734,3.0306233489970356e-08,-17.31191241984813,-0.011619400093668325,-8.995076196182024,-9.350566865143321,0.02859533805908332,-0.031625547355031314,0.0018007207746990606,0.9969683754914136,0.9993311185065138,-9.625460059469601
20240130,3.243,9.955373180087213e-05,-9.21481304145781,4.7051921996017666e-08,-16.8720141216746,-0.01054895211555694,-9.0748928069052,-9.369696105222147,0.004636076917478471,-0.07311633487945612,0.00905256634644358,0.9982554858046189,0.9996770261381294,-9.198737669299204
20240131,3.222,0.00012567205023221494,-8.98183482005783,3.533162148922598e-08,-17.158487481094248,-0.010476083576256574,-9.27773266882159,-9.28096476859625,-0.01753621310772857,-0.08247492863076844,0.01712056492126357,0.9992159750235496,0.9998878491984875,-8.974792837224554
20240201,3.218,0.0001501790746527379,-8.80368214489936,1.8885092275180682e-08,-17.784892994631328,-0.010268995872147095,-9.259120879453839,-9.209109720058414,-0.03571263079739562,-0.0704833698376639,0.006496542570398223,0.9996881629631554,0.9991553113270076,-8.800936830745973
20240202,3.188,0.0008088299958070317,-7.1199218041417645,2.042220677428047e-08,-17.70664296078938,-0.010352091092951897,-8.7549962769655,-9.07559479639274,-0.04327819766491925,-0.07694942342841804,0.0012422361845911833,0.9999864200139507,0.9972906249001002,-7.119825115702992
20240205,3.208,0.0006564472223850371,-7.328668259859712,1.9385024351537836e-08,-17.758765009619108,0.010482953574186783,-8.289784014083295,-8.991000627321377,-0.027971702242176377,-0.06194397992030187,0.009366287642222693,0.9998497044951609,0.9969683754914136,-7.327566793963798
20240206,3.311,0.00024456609584335744,-8.316024954934415,2.0169115339853986e-07,-15.416528253143769,0.012774105220902356,-8.110026396778617,-8.972656660113488,0.020751431239928397,-0.02534800988399155,0.006253929076299292,0.9919288128009659,0.9982554858046189,-8.2489047607713
20240207,3.34,0.00010623535856534399,-9.149853561393218,2.024915584802249e-07,-15.412567637786132,0.012606559252808652,-8.143630145045694,-8.964205114715675,0.035968522233826405,-0.0026909868234585854,0.031602568560841204,0.91524589361916,0.9992159750235496,-8.37436589928179
20240208,3.362,4.5106065860149906e-05,-10.00649382249193,2.0286264246812433e-07,-15.410736725015548,0.012677445502299226,-8.384192480564206,-8.963335399226297,0.04377598641623237,0.0014883169885258063,0.008720548423499785,0.7497181330864795,0.9996881629631554,-7.502049867340039
20240219,3.389,5.2546712306929296e-05,-9.853808025739681,2.02142157273097e-07,-15.41429463818361,0.012737418237137612,-8.930969724883791,-8.99426466356368,0.06114113169694546,0.01426472925029465,0.006565227997814782,0.6748985370607313,0.9999864200139507,-6.650320621049004
20240220,3.401,3.654496425406217e-05,-10.21696715816724,2.018674308381031e-07,-15.415654637972837,0.012705410305472276,-9.508629504545297,-9.03070104928363,0.05842181602079033,0.012128532049945573,0.007998857638490398,0.63156373753274,0.9998497044951609,-6.4526659646613584
20240221,3.449,0.00042652739902506663,-7.7598339515365815,1.0093970518354655e-08,-18.41132756974247,0.012988962192489168,-9.397391303865728,-8.925753190057378,0.040834075389594604,0.029422540142636233,0.00353461340014416,0.6269275379931176,0.9919288128009659,-4.864853594472234
20240222,3.475,2.88769536357984e-05,-10.452466733028412,9.573555340072966e-09,-18.46426119158434,0.01304063382383359,-9.657913938192769,-8.985761925382771,0.03962367202814643,0.03812778543656359,0.01401482792964548,0.2430125761841423,0.91524589361916,-2.54008086827228
20240223,3.478,4.466145384371016e-05,-10.016399758483594,9.202105993072153e-09,-18.503833466797385,0.012996794008021714,-9.6598951253911,-8.994134218467297,0.033921380945667545,0.03243527575315386,0.00751014506205161,0.1646704401187337,0.7497181330864795,-1.6494049566346713
20240226,3.443,4.945192836314725e-05,-9.914509504434506,1.0476336885825745e-08,-18.374146752949944,-0.012146887040159659,-9.672035421130067,-8.999408683698658,0.01580829173147258,0.044847901541563484,0.000862936915335899,0.1303847809854639,0.6748985370607313,-1.2927011503139934
20240227,3.484,3.9858420731797665e-05,-10.130176864340909,1.4372698525267225e-08,-18.05793536567089,0.012130844388247925,-9.6546773623648,-9.112618996944626,0.02411155296519807,0.06400288199250004,0.010114231575704569,0.11344604581894237,0.63156373753274,-1.1492285087060086
20240228,3.448,0.000142054527905922,-8.859299574734411,8.984673559050716e-09,-18.52774564914044,-0.012458239427699637,-9.874570487004366,-9.075127538151287,-0.00028998115325729046,0.051476483714231414,0.01183787463386965,0.11362724015805674,0.6269275379931176,-1.006657760410517
20240229,3.503,7.60227473672519e-05,-9.484477954997645,2.0892770739586504e-08,-17.683862635439468,0.01158826146116559,-9.680972731398214,-9.117482405254963,0.008025265198594367,0.08859569002798873,0.01038670618880988,0.0858738707689593,0.2430125761841423,-0.8144688342185112
20240301,3.53,5.5547675022886574e-05,-9.798268896527947,2.158776593576304e-08,-17.65113907457958,0.01159933661912282,-9.637346559007083,-9.162143264740688,0.01484045501311404,0.08943512053750302,0.015825391413903267,0.05133489787121124,0.1646704401187337,-0.5029931331179278
20240304,3.527,3.385872985738226e-05,-10.293313693558188,1.9494907363296286e-08,-17.753112566341745,-0.011343931563695045,-9.71310739683182,-9.267855909426247,0.0241044668975281,0.07290915339140369,0.007678126729855572,0.027863772023551624,0.1303847809854639,-0.2868105461242075
20240305,3.556,8.250347157403849e-05,-9.402670185823649,1.6466582942324435e-08,-17.921932785907796,0.010991680507576962,-9.567606061128368,-9.290852686430137,0.020455258661401743,0.06416363828407112,0.0008502196912905102,0.02292809116772188,0.11344604581894237,-0.21558527924058504
20240306,3.542,4.3247957530423564e-05,-10.0485605504316,1.4187236548712665e-08,-18.070923111130934,-0.01104487380901368,-9.805458256267807,-9.309398856150507,0.026897186559195152,0.06201958076775371,0.008188666397743294,0.01355076623901301,0.11362724015805674,-0.1361656950574665
20240307,3.523,7.08793302502007e-05,-9.554531700778108,1.810282254600214e-09,-20.129783062058255,-0.010883423698252421,-9.8194690054239,-9.304844407355388,0.005693155143750683,0.06569350711265609,0.003944778291016471,0.010143417490459624,0.0858738707689593,-0.09691560396682361
20240308,3.533,5.025492435770598e-05,-9.898402018658219,1.1280858755759438e-09,-20.602743555938613,0.009916492420293748,-9.839495629849953,-9.335916633591768,0.0008494974318027371,0.08564854105182729,0.005378640001541202,0.005249102486214408,0.05133489787121124,-0.051957726645688575
20240311,3.581,3.8866214918101535e-05,-10.155385195816947,7.760612526584223e-09,-18.674204572028223,0.009834713022387143,-9.811909930301704,-9.38925983248991,0.015194439762380663,0.10563980626151293,0.002834469017907626,0.002199706560956761,0.027863772023551624,-0.0223388674442817
20240312,3.586,3.71477096850999e-05,-10.200608439169349,6.8621158601926835e-09,-18.797250008334316,0.009773411226357078,-9.971497580970844,-9.452756482229455,0.008401057531282952,0.10827732661274969,0.013494722639287415,0.0011309589528561883,0.02292809116772188,-0.011536469438858964
20240313,3.565,2.321859436520313e-05,-10.670557119047846,7.051678668248776e-09,-18.77000013949422,-0.00955620526950885,-10.095896894694093,-9.614148996543369,0.006472514505617477,0.11177029293829044,0.0013952841666455829,0.0009118164582247298,0.01355076623901301,-0.009729589599574883
20240314,3.552,0.00010466720450593449,-9.164724722145602,6.9199159412027114e-09,-18.78886221461565,-0.009730123189353082,-10.017935498967592,-9.697606108465454,0.008197925770823122,0.10186313512565559,0.005873321316681945,0.003279815373564977,0.010143417490459624,-0.030058605038184156
20240315,3.561,6.601628433289193e-05,-9.625609114054717,6.915208030386547e-09,-18.78954278835067,0.007642800357140348,-9.963376918046894,-9.75713266115274,0.00789403591863258,0.07279114573053147,0.0036532287363355564,0.0022042093290862022,0.005249102486214408,-0.02121685740733658
20240318,3.592,1.099415985724243e-05,-11.4181463482238,1.4114749376332383e-09,-20.37863062423165,0.007641028002228511,-10.215929148528264,-9.860236878735948,0.003067059423657703,0.07273834345134422,0.002530579165717084,0.0001397799294453194,0.002199706560956761,-0.0015960276909510543
20240319,3.569,3.900156076612725e-05,-10.151908892991104,1.7512604221784255e-09,-20.162930067015424,-0.007875443578398374,-10.206189239292614,-9.866846654667729,-0.004751930674917748,0.05974940952159957,0.008667746144312538,0.0003033324014126501,0.0011309589528561883,-0.00307940290343343
20240320,3.572,1.89227606511648e-05,-10.875145093189452,1.5133666313537942e-09,-20.308929110706107,0.007794240118120088,-10.247106834120935,-9.913271066824537,0.0019616091479934816,0.05259077038933846,0.006423705931929868,0.00016955085250240526,0.0009118164582247298,-0.0018438901216376211
20240321,3.57,2.979654720395068e-05,-10.421118036805096,1.4777627384508992e-09,-20.332736556094822,-0.007814481111467207,-10.498385497052833,-9.922550652217167,0.005054770661623964,0.048496089766489225,0.0008402185062292844,0.0007156265791697997,0.003279815373564977,-0.00745762905180353
20240322,3.539,0.00010113789732422385,-9.199025652283106,2.626668426642304e-09,-19.75754955170347,-0.007680453365009425,-10.413068804698513,-9.987968456796555,-0.006197202932314294,0.025759867408622572,0.000560067222705074,0.0028292750999291206,0.0022042093290862022,-0.026026574221613828
20240325,3.52,5.463702863728118e-05,-9.814798724903683,1.6657264854842422e-09,-20.213004481059055,-0.007665602735883178,-10.092399280034488,-9.95898354733634,-0.020248160829947626,0.012866510593250169,0.008721394428221174,0.001837819679296953,0.0001397799294453194,-0.01803783024496663
20240326,3.531,2.3441446886788938e-05,-10.661004867908423,1.344137783705543e-09,-20.427513082461974,0.00768458420458,-10.194218475017951,-9.988283779582922,-0.010704327561773974,0.015123701014158053,0.0053832117533207935,0.0006408017732404388,0.0003033324014126501,-0.006831590823880667
20240327,3.493,3.070638537081892e-05,-10.391039932463753,4.085380620709454e-09,-19.315850937770712,-0.0077331550182578495,-10.097397442872813,-10.009944253584251,-0.022364697189557692,0.014417781468308188,0.003120127336243783,0.0011262237580285843,0.00016955085250240526,-0.011702636042564416
20240328,3.51,0.00014947698904069757,-8.808368096440566,4.1964861461562524e-09,-19.28901829369641,0.007387917842972297,-9.774847454799906,-9.94986203686151,-0.016949558313773316,0.00743497848751784,0.010820151121554433,0.003641827442806714,0.0007156265791697997,-0.032078556659960386
20240329,3.526,1.3979881347618096e-05,-11.17789130848947,3.124950233665131e-09,-19.583847479112013,0.007033173076849749,-10.170620586041178,-10.055252570214012,-0.003680117387647952,0.02236973117423191,0.0048550716530793014,0.00041219529072582023,0.0028292750999291206,-0.004607474157604436
20240401,3.584,5.996767763942407e-05,-9.721704846905988,1.712869848601756e-08,-17.882510506129854,0.007082904289996891,-10.15200181044164,-10.0660356107553,0.018018505502678472,0.022859750897334274,0.00454804649790419,0.0007421846291297924,0.001837819679296953,-0.007215299906310226
20240402,3.572,2.280919488658563e-05,-10.688346818801847,1.7135048037765003e-08,-17.882139878135877,-0.006980267826921163,-10.157470200620324,-10.106493698131388,0.011544546068003259,0.011827792069047272,0.01631541113700563,0.00019212917274208775,0.0006408017732404388,-0.002053543232276924
20240403,3.558,1.8345259551154533e-05,-10.906139351924898,1.444127257457946e-08,-18.05317557893133,-0.007039967640777024,-10.260490084512552,-10.134349409875329,0.01843762341894828,0.008750937989728369,0.0033538320984314307,0.00010169841890272814,0.0011262237580285843,-0.0011091371284235863
20240408,3.529,2.7259250749166227e-05,-10.510117617430689,1.5227373545900338e-08,-18.000171137576782,-0.0070425533128600625,-10.600839988710579,-10.18468792949383,0.005398507215358617,-0.007621772958525286,0.003927073770609413,0.0002880677614483065,0.003641827442806714,-0.0030276260546116675
20240409,3.523,1.9000710817282883e-05,-10.871034168061684,1.5143478856340376e-08,-18.005695836181676,-0.00700410951239346,-10.539468560625021,-10.222073093931563,-0.0008511846165779602,-0.005378640001541202,0.008184044550510361,0.0009298772522071347,0.00041219529072582023,-0.010108727380847072
20240410,3.497,5.608088415670933e-05,-9.788715549372398,1.5739219462543205e-09,-20.269695277599904,-0.0070877824438639195,-10.552870701118303,-10.232717814322212,-0.02457403703144534,-0.007407441277861748,0.0017016453340323867,0.008174728160217576,0.0007421846291297924,-0.0800200886538142
20240411,3.494,5.377496892362801e-05,-9.830702460706918,1.5487261037805912e-09,-20.28583311246301,-0.007052745896728282,-10.381341829499316,-10.22964056168806,-0.022078451302387725,-0.01110015666514319,0.007407441277861748,0.01780148583806788,0.00019212917274208775,-0.1750011106325333
20240412,3.466,7.006512227247265e-05,-9.566085430214484,2.3393722932175105e-09,-19.87338319432422,-0.006489437116209123,-10.113331045157235,-10.20285420870613,-0.026197397950228796,-0.03264089972288109,0.0008582463693738163,0.03245319618226226,0.00010169841890272814,-0.31045004716303126
20240415,3.539,9.931413867958074e-05,-9.217222613568545,3.918821682131425e-08,-17.054889726629614,0.008039692237138855,-9.854752044384806,-10.158154852997002,0.0028296566701935255,-0.013193173819614712,0.008046020418450484,0.045588535944887626,0.0002880677614483065,-0.42019968443070066
20240416,3.507,6.940546147312849e-05,-9.57554499796963,4.0547957271994736e-08,-17.020780433190385,-0.008168058007774618,-9.595654210366394,-10.108381574766176,-0.004551928201059319,-0.016403082708217998,0.02084301006991196,0.04898443135611,0.0009298772522071347,-0.4690526266503858
20240417,3.553,0.00010979372703675702,-9.116907161333648,4.57133029081206e-08,-16.90087648932392,0.008645827368361933,-9.461292532758645,-10.106208049274723,0.015886858957651295,0.00028149190896642473,0.009083230205285231,0.05121206073554743,0.008174728160217576,-0.4668956032665661
20240418,3.559,0.00010346856693643089,-9.176242692482655,4.57148154161895e-08,-16.90084340304594,0.008635996975446803,-9.330400579113793,-10.085782302839629,0.018432394816190634,-0.0005617977675851371,0.013031345880848866,0.04262094223984114,0.01780148583806788,-0.3911001097750676
20240419,3.531,4.5778559423791777e-05,-9.991694711305172,4.5655008209787545e-08,-16.902152527055815,-0.008563835925473209,-9.41552243533193,-10.0209435920706,0.01857992565283495,-0.017128033493703843,0.0016872894891655221,0.0196455185757882,0.03245319618226226,-0.19629202405455046
20240422,3.524,4.513676331229643e-05,-10.005813492462119,7.91203888401552e-09,-18.654880328075954,-0.008476341009774086,-9.573240611110645,-10.014302892046556,-0.004247493289393445,-0.012688736434090409,0.007898489581806167,0.008678996373683657,0.045588535944887626,-0.08684041901683373
20240423,3.499,3.593300343449533e-05,-10.233854369057832,7.0644600795151276e-09,-18.768189245596442,-0.008582194100713899,-9.704902485328287,-9.985153313676937,-0.002283757772490125,-0.020648449628701604,0.0019844088723164344,0.0034719760071030914,0.04898443135611,-0.03553169682955594
20240424,3.513,2.9937700159916307e-05,-10.416391996889267,1.3478176588711267e-09,-20.42477910150558,0.008646418105622932,-9.96479945243941,-9.984938493680763,-0.011321943755200126,-0.016095222507857665,0.007119494688381911,0.0020994616437034195,0.05121206073554743,-0.021868815463248283
20240425,3.523,5.882731887750579e-05,-9.740904204195694,1.3592537716805604e-09,-20.416329985081603,0.008487611918680131,-10.077731754782018,-10.009569336949516,-0.01016670716895507,-0.004531302004225912,0.003993159898138865,0.0032758162983677376,0.04262094223984114,-0.03190941275294307
20240426,3.573,5.506664854414328e-05,-9.806966314647074,8.469527361924346e-09,-18.5867911312651,0.008926250163460697,-10.040786075450397,-10.009213318301489,0.011824462095023414,0.014944589431267197,0.0028425260754105786,0.004111944367646487,0.0196455185757882,-0.04032569990121186
20240429,3.616,0.00012217396039360026,-9.010064624002432,1.2562526291841242e-08,-18.19254755824642,0.009235139117905484,-9.84163630175846,-9.934170579942126,0.02577173445599712,0.023787325583680685,0.014092679682172315,0.005096071195184922,0.008678996373683657,-0.04591593079713346
20240430,3.598,2.1496739280567328e-05,-10.747609295701366,1.2172721264590313e-08,-18.224068350621387,-0.008956825984075809,-9.944387287087165,-9.950378278271108,0.027900922142790163,0.02961716970364625,0.011962863488657272,0.0007524852574503651,0.0034719760071030914,-0.008087417547851779
20240506,3.648,2.9710288254745846e-05,-10.424017166256588,1.9377318838888908e-08,-17.75916258686115,0.009319435314899096,-9.94591232096063,-10.023816872353654,0.03770869892839501,0.038563034734310664,0.004990307001588867,0.00028087550681123023,0.0020994616437034195,-0.0029278511045812833
20240507,3.65,1.2848705296744522e-05,-11.262267506816341,1.9364279755037943e-08,-17.75983571780136,0.009301306982805572,-10.250184981484761,-10.027652154095785,0.035414268235299584,0.034563083618721624,0.013800936683743714,4.516802204986471e-05,0.0032758162983677376,-0.0005086943470793553
20240508,3.621,1.1463620316775107e-05,-11.376331987598252,1.22853942200491e-08,-18.21485474194404,-0.008900895676851681,-10.564058116074996,-10.102862478672705,0.013344651742231317,0.010270735670820041,0.0005480953823151502,4.347602077216577e-05,0.004111944367646487,-0.0004945976458038755
20240509,3.656,3.1930872143996664e-05,-10.351937237360794,9.901776055485388e-09,-18.43055169635206,0.00906396978424057,-10.832432638746669,-10.087571134061749,0.011001211061973493,0.02324399057765092,0.007976936810895952,0.00044360597662298926,0.005096071195184922,-0.0045921812281193245
20240510,3.658,5.6348591617693925e-05,-9.78395331126565,9.777760431982184e-09,-18.44315537380782,0.008996771807043677,-10.639701441859525,-10.036562677668147,0.01653841444033266,0.027717960725030633,0.009619422808399447,0.001388184517110582,0.0007524852574503651,-0.013581932502831786
20240513,3.655,7.383367908556252e-05,-9.513695574283723,2.522402799610002e-09,-19.79805389779901,-0.008762623531462456,-10.457637123464952,-9.991270766616012,0.001917020989656848,0.035081548508608895,0.0005468963767703006,0.0018382994785802013,0.00028087550681123023,-0.017489021613576537
20240514,3.649,3.730492061686314e-05,-10.196385319992045,2.5238419275668163e-09,-19.797483521975547,-0.008761580744844939,-10.244460686100092,-9.960604909885573,-0.0002740101400895423,0.03514025809521004,0.0008204567669320983,0.0008083807390536781,4.516802204986471e-05,-0.008242561500651243
20240515,3.623,2.6929036579589227e-05,-10.52230542676811,2.2369678846189e-09,-19.91814451099257,-0.008749180065762233,-10.073655373934065,-9.99394990431265,0.0005521811294360024,0.03539695383170138,0.00164293574743124,0.0003640693912920619,4.347602077216577e-05,-0.0038308493317126256
20240516,3.635,3.330655102022187e-05,-10.30975645299217,5.483973446455005e-10,-21.324021010255212,0.008738306396664976,-10.06521921706034,-10.015725085780163,-0.005760542606420893,0.03956189927361775,0.007150745541370407,0.000514503480755281,0.00044360597662298926,-0.005304405580803691
20240517,3.676,6.903965427519803e-05,-9.580829518803059,3.713545373226045e-09,-19.41127879044062,0.008669702124230553,-10.024594458567822,-10.016395271625099,0.004908654524766742,0.05882401320002617,0.0033066990725425516,0.0010823659728233246,0.001388184517110582,-0.010369963862573698
20240520,3.684,3.302530996746609e-05,-10.3182363217569,3.7179215764960885e-09,-19.410101040796974,0.00766167431442862,-10.185502608062455,-10.066441349270024,0.00790302519131858,0.04015491702973395,0.011216093507957936,0.000426284775560828,0.0018382994785802013,-0.004398507054603724
20240521,3.672,1.8220776741067765e-05,-10.912948035808009,3.739126993624682e-09,-19.404413676932155,-0.007361671670706402,-10.328815151225651,-10.127232396444496,0.0062833153039334455,0.045975501600202806,0.0021739138996197394,0.0001146962023951861,0.0008083807390536781,-0.0012516736966431841
20240522,3.68,2.2152951997128936e-05,-10.71753979734511,3.2206932497136638e-09,-19.553669205620594,0.006945407319788419,-10.367862025341049,-10.199988425354107,0.015610340267899536,0.035120435141949624,0.0032626456348163746,0.000194695529226794,0.0003640693912920619,-0.0020866570828533327
20240523,3.643,4.6654664161559236e-05,-9.972737653641797,5.282307225227716e-09,-19.058902860198838,-0.007379543333638726,-10.300458265470976,-10.236192741770433,0.0021984070409439838,0.0233279114983711,0.002176279422595684,0.0008147437790035109,0.000514503480755281,-0.008125225962938725
20240524,3.602,7.6372631887146e-05,-9.479886147340837,5.399230585322305e-09,-19.037009377727593,-0.007609670517593005,-10.28026959117853,-10.212928716135691,-0.020335957739676447,0.019908129807514774,0.010105234154413001,0.0012999298833479285,0.0010823659728233246,-0.012323187293664417
20240527,3.632,2.0101316128928166e-05,-10.81472526599175,6.341286247927305e-09,-18.87618421085231,0.007738278581881833,-10.3795673800255,-10.249697433114308,-0.014215657654013558,0.030186752665113836,0.011318271272662495,0.00023181083859237896,0.000426284775560828,-0.002506970533055736
20240528,3.609,2.2450675319221446e-05,-10.704189863194074,6.644365065911967e-09,-18.829496699999282,-0.007699842911477247,-10.337815745502713,-10.27107631921141,-0.017305747097592583,0.030953512275100348,0.008294213985282628,0.00017900427362077927,0.0001146962023951861,-0.0019160957311599638
20240529,3.61,3.901756311804665e-05,-10.151498676845444,6.6398799410044464e-09,-18.830171954795563,0.007681145439047278,-10.224607521402781,-10.259035713754873,-0.019204979836050073,0.027237399061099676,0.0063527350783953995,0.0005003508672613236,0.000194695529226794,-0.005079311166961797
20240530,3.596,5.1166137557734644e-05,-9.88043262054978,4.59994621892914e-09,-19.19722122505685,-0.00774787357724685,-10.206146514784376,-10.265377914498242,-0.012985401417052733,0.020509217250273437,0.00027704668413819356,0.0008288915801808267,0.0008147437790035109,-0.008189807407717693
20240531,3.582,3.808054296294884e-05,-10.175807089661962,1.3641643503720933e-09,-20.412723793308515,-0.0072245116619596775,-10.345330703248603,-10.282143404271645,-0.005567943115244223,0.0025157245972471376,0.0038856557354156607,0.0007166084559604256,0.0012999298833479285,-0.007292069406673811
20240603,3.587,4.357478866332005e-05,-10.041031816522445,4.1839903295808146e-10,-21.59458551446616,0.006733855607233103,-10.19059201335474,-10.32900554938619,-0.012467262188901262,-0.008052243979784546,0.003900812970853984,0.0008758915170827828,0.00023181083859237896,-0.008794854590850333
20240604,3.612,5.631458694285039e-05,-9.784556963254003,5.580596816780131e-10,-21.306555202854458,0.006823763288999531,-10.006665433366726,-10.285230443365856,0.000830909894087517,0.0038835000263977015,0.0013948949116255882,0.001074138401198366,0.00017900427362077927,-0.010509968372943995
20240605,3.599,1.816339124603011e-05,-10.916102459602557,5.9186057267786e-10,-21.247750027908765,-0.006144088638991532,-10.15958618991815,-10.307597956699764,-0.0030517432478958106,-0.013523043115191147,0.00694543700459338,0.0006514997360755136,0.0005003508672613236,-0.007111837871404331
20240606,3.599,7.634401026054326e-05,-9.480260980450513,5.462687163289336e-10,-21.327910106803326,0.0,-10.079551861898295,-10.226597660046771,0.00083391248751985,-0.014071138497506297,0.003605606457845134,0.0032682808645615766,0.0008288915801808267,-0.030984155553456183
20240607,3.576,9.757965491597353e-05,-9.234841540004505,8.378546595705511e-10,-20.90017646775509,-0.006059709007961504,-9.891358751966804,-10.129257185156147,-0.001676446327252279,-0.012505373472236458,0.0,0.004073122633949388,0.0007166084559604256,-0.03761464209752837
20240611,3.551,4.3582940730250463e-05,-10.040844751829253,1.3215933814392117e-09,-20.444427721165287,-0.005758294227970872,-9.891321339028167,-10.115116617631985,-0.01008694458919468,-0.029140399630952718,0.006411171785626113,0.001599477856451298,0.0008758915170827828,-0.01606010884061612
20240612,3.547,1.5629204476151054e-05,-11.066369312065413,8.565140556503276e-10,-20.878150387732386,-0.0057434279892028236,-10.147683808790449,-10.173408254031976,-0.01815945976325417,-0.03081437417718913,0.0070156033503168125,0.00018860119879835115,0.001074138401198366,-0.0020871305186008215
20240613,3.534,2.9854304448012244e-05,-10.419181525908385,8.590655476647135e-10,-20.87517588991173,-0.005761854036855397,-10.048299622051612,-10.214566706378552,-0.018225655199389124,-0.03366571930423712,0.0011270781694661114,0.0002479412605006302,0.0006514997360755136,-0.0025833450009186045
20240614,3.554,4.470103304708574e-05,-10.01551394593874,1.061917754068052e-09,-20.663189361506,0.005961036522125704,-10.155350215149259,-10.206345280285218,-0.012582299364434224,-0.02637942772185098,0.0036718018939800867,0.000383630855542282,0.0032682808645615766,-0.0038422601837761355
20240617,3.544,1.6060765458238436e-05,-11.039131188175595,7.366312653845669e-10,-21.028933667278636,-0.005825057240527371,-10.516208144783478,-10.229837360349196,-0.008988824568433085,-0.022046379170105546,0.0056433558349548996,7.636231625613564e-05,0.004073122633949388,-0.0008429736269844353
20240618,3.555,1.8057223792717122e-05,-10.921964743125262,2.705826942890753e-10,-22.030443355344577,0.005817906215297761,-10.692432143042678,-10.2576650099007,0.0011258092942534326,-0.022254047730278392,0.0028176969896249737,6.551020859705566e-05,0.001599477856451298,-0.0007155001886118233
20240619,3.545,1.3080263239851693e-05,-11.24440608676681,2.828526266086128e-10,-21.986095107957954,-0.00514365838117862,-10.728039497982959,-10.333282126626324,-0.0005640158073940693,-0.03628704450934994,0.003099030512369705,5.252433356911191e-05,0.00018860119879835115,-0.0005906049360878922
20240620,3.522,3.5405262594291916e-05,-10.248650088017772,6.055260492084296e-10,-21.224923532872456,-0.005169387118487125,-10.693933210404836,-10.330119116001818,-0.003401363823490433,-0.04497010831904613,0.0028169032711136133,0.0003680733812044773,0.0002479412605006302,-0.0037722552906782653
20240621,3.516,4.1551131548228686e-05,-10.0885858036226,4.04364121629464e-10,-21.628705352724356,-0.005162565108024326,-10.708547581941607,-10.292648105447936,-0.010749749909529038,-0.04341249293531346,0.0065091499100764505,0.000727851190788308,0.000383630855542282,-0.007342989190536728
20240624,3.499,4.392558841455529e-05,-10.033013528088857,5.021240330405841e-10,-21.412173948985416,-0.005110631096566882,-10.50732404992426,-10.261533275027197,-0.012778819357283533,-0.050435538795288615,0.0017050302510837057,0.001179888583566493,7.636231625613564e-05,-0.011837838120560223
20240625,3.478,7.435198295202711e-05,-9.506700214909026,7.463146768141707e-10,-21.01587378587957,-0.004882354103092819,-10.224271144281014,-10.240349755084798,-0.021897647323112945,-0.04635010209433532,0.004846766437379468,0.0019113233078242617,6.551020859705566e-05,-0.01817037770125354
20240626,3.499,4.934348046161157e-05,-9.916704908985867,9.963599784398902e-10,-20.726912499505485,0.004721340403899777,-9.958730908724823,-10.26020515334139,-0.013060946598539624,-0.02901203336821312,0.006019797453459708,0.0011328583859376187,5.252433356911191e-05,-0.01123422231701339
20240627,3.48,1.6745026808109328e-05,-10.99740925075735,8.131236885641805e-10,-20.93013787949729,-0.0042770081268455684,-10.108482741272741,-10.268508970830737,-0.011996716287631326,-0.0427511669526639,0.006019797453459708,0.00026800222110847673,0.0003680733812044773,-0.0029473301056418787
20240628,3.487,5.3821123653741894e-05,-9.82984453488751,8.146944749311847e-10,-20.92820795035683,0.004237870670709868,-10.056734487525722,-10.228766001362258,-0.008282212129416378,-0.03438895796713726,0.005444919599168152,0.0008777661105211268,0.000727851190788308,-0.008628304404415565
20240701,3.501,5.959344095713127e-05,-9.727965041003877,7.558805686378184e-10,-21.003137730221155,0.0043869768787408855,-9.995724790108726,-10.209514472460368,0.0005714285869775626,-0.03065913037226098,0.002009473907131243,0.0009458961682121026,0.001179888583566493,-0.009201644856786857
20240702,3.496,1.9628734023692084e-05,-10.838516043671437,4.940770159638567e-10,-21.428329708131354,-0.004351647271673608,-10.262087955861208,-10.253063718965898,0.00516204186119773,-0.028202658816084858,0.004006874279014472,0.00020568138985994217,0.0019113233078242617,-0.002229281043881623
20240703,3.49,2.1190389293107538e-05,-10.761962814304566,2.331802165816255e-10,-22.1792094996065,-0.0043138110870360345,-10.431139536924949,-10.279707160995107,-0.0025754771712152014,-0.026019567424184098,0.0014291841792395399,0.0002933768535585461,0.0011328583859376187,-0.003157310788574749
20240704,3.475,4.2860805738314576e-05,-10.057552768788161,1.2622831087675994e-10,-22.7929288575671,-0.004322858014999309,-10.243168240531109,-10.280458113370821,-0.0014378147696274546,-0.03172171953339009,0.001717721578953224,0.001586885478754618,0.00026800222110847673,-0.015960184440598237
20240705,3.458,0.00010020539855955489,-9.208288492925,2.386488611068648e-10,-22.156027844719898,-0.003950203327585492,-10.118857032138608,-10.25426409199223,-0.008351380432415345,-0.04357124829364012,0.004307257197580405,0.003961470305751857,0.0008777661105211268,-0.036478361431518905
20240708,3.434,3.379657103705729e-05,-10.295151209229331,6.576623659673428e-10,-21.142329437925365,-0.004078829326398267,-10.232294265783699,-10.226039035157083,-0.01932287949724487,-0.04693026662161004,0.004904091755656648,0.0029448454158249944,0.0009458961682121026,-0.030317628843724145
20240709,3.471,0.00012564003853921836,-8.982089576550655,3.2950950973756554e-09,-19.53083080829289,0.004902523726737078,-9.861008972359544,-10.203394880434361,-0.007176720913639745,-0.03621329221724445,0.0069646247858150545,0.004441115006821745,0.00020568138985994217,-0.039890492811036286
20240710,3.463,2.0054518577922955e-05,-10.81705606412024,3.299023827079803e-09,-19.529639222210196,-0.004789349346384371,-9.872027622322678,-10.275313722439622,-0.007766470794051017,-0.032109591890982836,0.010716974404365587,0.0008468874886689534,0.0002933768535585461,-0.009160829444934064
20240711,3.509,6.0696920813560726e-05,-9.709617589133456,9.29443367115217e-09,-18.493850145961414,0.0055507891712205295,-9.802440586391736,-10.260257942317088,0.009736617584322538,-0.011898157359872874,0.0023074714593644963,0.0008941900540171833,0.001586885478754618,-0.008682243476513439
20240712,3.519,1.2612427644736446e-05,-11.280827909090977,9.191868742252584e-09,-18.50494657606538,0.005595254446086464,-10.216948469624933,-10.270006060363702,0.01748647107834933,-0.007925317452036618,0.01319583118079315,7.387881248474302e-05,0.003961470305751857,-0.0008334141697683879
20240715,3.526,1.4332581900974164e-05,-11.152975157826518,8.724421389983784e-09,-18.55713968739118,0.005565766226072615,-10.38851325934437,-10.303360316359981,0.026438321500394713,-0.0022662899218262034,0.002845761738370145,5.869627950561363e-05,0.0029448454158249944,-0.0006546381471829505
20240716,3.551,2.8046624706962042e-05,-10.481642264538563,6.5844881708738495e-09,-18.838549231290806,0.005643382266377157,-10.68842379694195,-10.32454796720543,0.022786517081301527,-0.0008444757715087015,0.0019872256362303276,0.0003074994772875408,0.004441115006821745,-0.0032230995174606035
20240717,3.556,3.410740640028774e-05,-10.285996000769169,6.579602215510231e-09,-18.83929154700645,0.00561611830175123,-10.582211784271738,-10.290314549596046,0.026501052231373334,0.003380284908823583,0.0070651699852724015,0.001036120259778081,0.0008468874886689534,-0.010657528848393253
20240718,3.577,4.784768480369908e-05,-9.947487825693576,7.557584636900823e-10,-21.003299283271044,0.005716359255657082,-10.62978583158376,-10.24602014425824,0.0191933636758026,0.006169397021676293,0.0014070636907073109,0.0032871961213080773,0.0008941900540171833,-0.032699343397379246
20240719,3.6,7.695704921774907e-05,-9.472263094107102,1.0801586467818405e-09,-20.646157911429952,0.005815878945890741,-10.268072868586987,-10.165468190046438,0.02275698712261609,0.015395685477973542,0.0058881426252224145,0.007040345835173847,7.387881248474302e-05,-0.06668800802426787
20240722,3.571,6.911447128260063e-05,-9.579746423898516,1.932958392317584e-09,-20.06421416187812,-0.005917929430978519,-9.953427121801386,-10.135063478041017,0.012681584636633048,0.013816658538297277,0.006409385185183636,0.008631701151586091,5.869627950561363e-05,-0.08268950823906757
20240723,3.501,8.25746682669996e-05,-9.401807604049417,3.215523663239139e-08,-17.252690518270153,-0.0073430278981734985,-9.737460189703556,-10.103846287151326,-0.014180611988422243,-0.004275337850401906,0.008088176849752715,0.009022560500730182,0.0003074994772875408,-0.08482837792376094
20240724,3.479,6.788018523886478e-05,-9.597766388685285,3.247026187834967e-08,-17.24294118562397,-0.007393383557235578,-9.59981426728678,-10.084062326269345,-0.02189142148185308,-0.005732317215745963,0.01979702663978289,0.006667632570855463,0.001036120259778081,-0.06399437978065982
20240725,3.459,5.040202517519073e-05,-9.895479201646793,3.245082917302577e-08,-17.243539841795318,-0.007384138927629833,-9.589412542477422,-10.10173409839379,-0.03354493032184891,-0.005477885977059671,0.006303745802723526,0.003269362436986522,0.0032871961213080773,-0.0323519079978454
20240726,3.474,3.3664803647854944e-05,-10.299057668514711,3.218343085304311e-08,-17.25181408661378,0.0073242866185277145,-9.754771457358945,-10.119113769281464,-0.03562717764315093,-0.007170545566637765,0.005765366214773415,0.0009372669845091935,0.007040345835173847,-0.00965296672425507
20240729,3.454,6.804676647702031e-06,-11.897900439859457,3.1549762851664575e-08,-17.271699764574933,-0.007335555167535231,-10.218402260551134,-10.160045186967922,-0.03331268888782457,-0.0074993140618959675,0.004327137863881614,0.0001450470855396932,0.008631701151586091,-0.001725755782843048
20240730,3.431,2.835979367168793e-05,-10.470538131655164,1.2276724121958212e-09,-20.518145808122505,-0.007436270181570333,-10.432148366072283,-10.189167623184634,-0.020196878096216064,-0.016190003817201593,0.005773688094426355,0.003503856985219185,0.009022560500730182,-0.03668726817160378
20240731,3.508,9.605772029836561e-05,-9.250561294068694,4.9440337377735954e-08,-16.822499199836926,0.008862778784985842,-10.362707347148964,-10.167467452869401,0.008301178340131443,0.001997432537407917,0.006681215848174382,0.019679937358038097,0.006667632570855463,-0.18205046679396375
20240801,3.483,3.580552779334783e-05,-10.237408268841838,4.9742676619208295e-08,-16.816402587811332,-0.00899255250785542,-10.431093160587974,-10.140144372195326,0.006914461428832563,-0.003725466409424838,0.02219431063362398,0.026800798074574847,0.003269362436986522,-0.27437071182021294
20240802,3.447,6.811729097375864e-05,-9.594279471402166,5.2003023524285426e-08,-16.771963975357526,-0.009250034863245764,-10.290137521165464,-10.087067856608853,-0.0078023802841848955,-0.012397448679607459,0.007152083126072295,0.05336187347318353,0.0009372669845091935,-0.5119687272193245
20240805,3.408,0.00017215223766833143,-8.6671313699004,5.513349297194095e-08,-16.71350844752838,-0.009505650377041635,-9.643983707173652,-10.023866883932136,-0.013407370757417603,-0.019468870049686116,0.010389703849135845,0.07964744088062437,0.0001450470855396932,-0.6903148333887469
20240806,3.408,0.00012652591917492896,-8.975063376121273,5.473497124270594e-08,-16.72076300378135,0.0,-9.344888756066876,-10.013265742259241,-0.0067261549092432205,-0.014564778294029468,0.011378678567659062,0.07588791117052819,0.003503856985219185,-0.681098812236952
20240807,3.401,4.97663592863533e-05,-9.908171318535919,6.210071538784493e-09,-18.897093421134286,-0.009366015655903316,-9.47641076096032,-9.995675747227724,-0.030976568484878175,-0.009656256450225387,0.0,0.05007377690920766,0.019679937358038097,-0.4961395601825775
20240808,3.405,8.849715535362268e-05,-9.332540149363902,5.687141910168197e-09,-18.985058015501007,0.009040072562138412,-9.295437137064733,-10.011605318719234,-0.02264905178238852,-0.01919779727817361,0.0020561029420109733,0.036324753035422035,0.026800798074574847,-0.33900221611880443
20240809,3.393,4.4425106806570765e-05,-10.02170577972677,3.3877472333120844e-09,-19.503100669400226,-0.009053066907574417,-9.380922398729652,-9.975453033064985,-0.015789801732635445,-0.020420779618191887,0.0011754335764173618,0.012181252293366186,0.05336187347318353,-0.12207692651273787
20240812,3.389,1.554892793405821e-05,-11.071518864863101,3.541423856264898e-11,-23.025850929940457,-0.008486121904311649,-9.861799897722193,-10.03735763650724,-0.005590716342155133,-0.034796203976163786,0.003530453799382771,0.0009851889669508028,0.07964744088062437,-0.010907538233050804
20240813,3.394,2.9196671291155302e-05,-10.441455852066419,3.635904543163456e-11,-23.025850929940457,0.008457036448666626,-10.155078392911221,-9.999204361187944,-0.004116442155034816,-0.036167691527413615,0.0011795931771787505,0.0003241343288296644,0.07588791117052819,-0.0033844342846141204
20240814,3.37,8.448957025489185e-06,-11.68146755314936,5.39994631622014e-10,-21.33946191786036,-0.008492976273051267,-10.50973763983391,-10.023226742793527,-0.009156761660787938,-0.04525133961140804,0.0014742741871203169,7.751233956714338e-05,0.05007377690920766,-0.0009054578796222807
20240815,3.408,0.0001047751410078614,-9.16369401833814,3.7011355672527953e-09,-19.41462615431517,0.008747342214791178,-10.475968413628758,-9.963320004329871,0.0008806693655936115,-0.04110364499388153,0.007096422447764095,0.0017610713824024525,0.036324753035422035,-0.016137919292787833
20240816,3.41,2.35697381425734e-05,-10.655546950854214,3.670088483599317e-09,-19.42305006519801,0.008734453326569889,-10.602736647854247,-9.980117774788283,0.004997805493332397,-0.041924026356232824,0.011212864602798911,0.0006087673182847756,0.012181252293366186,-0.0064867487421290376
20240819,3.419,5.5021337161243566e-05,-9.807789499578075,3.679354935223301e-09,-19.42052838947204,0.008623073129911544,-10.349990774797241,-9.973767850873942,0.008813218032249992,-0.045176349619716394,0.0005866823283560141,0.0010493808991778588,0.0009851889669508028,-0.010292106964014402
20240820,3.403,4.7581233102580936e-05,-9.953072137019634,3.775234844816099e-09,-19.394803245633106,-0.008426827264967726,-10.252314031787884,-9.995622807369966,0.0026482287067342014,-0.0562764499432955,0.002635819361738845,0.0009325811106871745,0.0003241343288296644,-0.00928204706829134
20240821,3.388,4.425039185516017e-05,-10.0256463310657,3.3441946250704183e-09,-19.516039942140544,-0.008348090285872585,-9.921149787371153,-10.015890984968474,0.005327032425537448,-0.052605891822503636,0.004690715138395474,0.0006376741009750362,7.751233956714338e-05,-0.00639309501085599
20240822,3.379,2.108420230595868e-05,-10.766986503781212,1.9268425854498256e-10,-22.369968232765643,-0.007391315528840762,-10.241808284459767,-10.07794457131992,-0.00854580123491644,-0.035468834240375724,0.004417618728960848,0.00018858245534668122,0.0017610713824024525,-0.0020304647515676398
20240823,3.393,3.4009359166567086e-05,-10.288874801622924,2.511122174398684e-10,-22.10512119527415,0.007410822552563847,-10.168473854613508,-10.109358590089812,-0.004997805493332397,-0.02503041036771214,0.002659969057654976,0.000287485586422203,0.0006087673182847756,-0.002957903205969194
20240826,3.394,3.6503365075040266e-05,-10.2181061077887,2.4146005285509746e-10,-22.144317069126387,0.007342938966052672,-10.250537176255634,-10.1240234494599,-0.007338943845129675,-0.01897036314299716,0.0041346780699400565,0.00031038278261763384,0.0010493808991778588,-0.0031715242068176964
20240827,3.377,1.9795625767022566e-05,-10.830049565527839,2.717916880810343e-10,-22.02598519569076,-0.007298693741857907,-10.425932661957276,-10.148159444778678,-0.007669654115338043,-0.028318926415482615,0.00029468100994156643,0.00016903509730206313,0.0009325811106871745,-0.0018306584820951648
20240828,3.357,3.955454501184107e-05,-10.13782995222826,4.446122802618159e-10,-21.53381849385814,-0.007303647039850137,-10.448369386189787,-10.06815624079544,-0.009192058791909874,-0.02848526172658894,0.005021425408603841,0.0005981528916135666,0.0006376741009750362,-0.00606397230061196
20240829,3.347,2.1413259104154307e-05,-10.751500243493302,4.5044211404853117e-10,-21.520791539814113,-0.00721580380954668,-10.445272134132205,-10.080927245878994,-0.00951538550296327,-0.02478734164712293,0.0059400234055326795,0.0011534193173134912,0.00018858245534668122,-0.01240098807094588
20240830,3.392,0.00020156176097599834,-8.509414717456572,6.7547282841612045e-09,-18.81302309074576,0.005998935402470939,-10.089380117298935,-10.047238765123895,-0.00029476787243631897,-0.033626356580279904,0.0029832957687083717,0.00718655989553562,0.000287485586422203,-0.06115341854295397
20240902,3.332,4.234233576235856e-05,-10.069723126978088,2.7045110939232907e-08,-17.42575958960766,-0.00684940656596247,-10.059703521136813,-10.039616713221,-0.018436442507438366,-0.04432126707926809,0.013355295700467007,0.0025399838901271556,0.00031038278261763384,-0.02557693452056519
20240903,3.344,1.901756651693278e-05,-10.87014745241141,2.6951359591029904e-08,-17.429232092217145,0.00668201989121702,-10.067723098513529,-10.097610712357783,-0.00982004618097565,-0.03033659231227337,0.01784699362506048,0.0003266022034987249,0.00016903509730206313,-0.003550214110313618
20240904,3.323,1.956405579541392e-05,-10.841816563348175,2.7017369563924025e-08,-17.426785860599505,-0.006401948242111901,-10.208520420737509,-10.196460039332681,-0.01017972862544081,-0.025257619594612146,0.003594970917858875,0.00014265338390641639,0.0005981528916135666,-0.0015466218204542512
20240905,3.33,1.747811416589373e-05,-10.954561078803271,2.7005449057758727e-08,-17.427227174350357,0.006435550238486898,-10.249132587799505,-10.286437207636409,-0.005092118236837084,-0.023153304974716793,0.006299705849997839,0.00039088758416643373,0.0011534193173134912,-0.004282001915697053
20240906,3.302,5.35224540006811e-05,-9.83540929116481,2.1659461642371186e-08,-17.6478234506053,-0.006624324258163276,-10.51433150254115,-10.283129842755903,-0.02689137243172035,-0.02954116052712208,0.0021043146198953533,0.00379014553175372,0.00718655989553562,-0.03727763257787733
20240909,3.261,6.418588022684711e-05,-9.653727305618682,6.243221834956802e-09,-18.891769468107615,-0.0070069337398921015,-10.43113233826927,-10.297729258949303,-0.02153882749741398,-0.04321104279429355,0.00844395849441626,0.00825664144210822,0.0025399838901271556,-0.07970736494238294
20240910,3.261,6.094171987222556e-05,-9.705592562418582,6.209816831472085e-09,-18.897134437173214,0.0,-10.198221360270704,-10.283360476344386,-0.025133798415272857,-0.03968058899491078,0.012494448690754112,0.012354013161946559,0.0003266022034987249,-0.1199030182606098
20240911,3.254,3.1885222009463375e-05,-10.35336791540292,5.899081115422108e-09,-18.948469241312758,-0.007008717309844847,-10.100531630681655,-10.250717251368924,-0.02098298057561121,-0.04064988382806822,0.0,0.016847810554957945,0.00014265338390641639,-0.17443158124448827
20240912,3.243,3.595361435931547e-05,-10.233280940344187,5.921454293577939e-09,-18.944683760520434,-0.0069755418439846175,-9.956275602989837,-10.241254755381547,-0.026473476667171703,-0.04551033948685368,0.002148888010336192,0.038852573390305706,0.00039088758416643373,-0.3975892987583391
20240913,3.228,3.215689309764923e-05,-10.34488372598049,4.997095493971492e-09,-19.114408994506487,-0.006910516169739954,-10.058170489952973,-10.180500945055691,-0.022665595090233914,-0.043049993956568056,0.0033861814716651395,0.11117562258360168,0.00379014553175372,-1.15009888879085
20240918,3.238,5.752397608806874e-05,-9.763308721626398,1.4125777485483135e-10,-22.680434704196774,0.006369287356245641,-10.080086773154516,-10.20775615884152,-0.007078041551738856,-0.05116975371162602,0.004636076917478471,0.4001933668440858,0.00825664144210822,-3.9072113888458953
20240919,3.265,0.00021417029115866726,-8.448739106308157,1.092212851243626e-09,-20.635060059896613,0.006739106968835031,-9.82871608193243,-10.107446711362154,0.0012258659212123213,-0.04345252856703086,0.003093104847740946,0.803759800544698,0.012354013161946559,-6.7907568589404335
20240920,3.274,6.605276698627742e-05,-9.625056635575481,1.099431723600732e-09,-20.62847240554197,0.006742960592885042,-9.683053825966942,-10.099140672089309,0.0061274701520972474,-0.04333563170822097,0.008303907472951177,0.8549725338261058,0.016847810554957945,-8.229159059937743
20240923,3.283,5.651304295154503e-05,-9.781039097753428,1.0844948216184893e-09,-20.64215156057529,0.006786302981857366,-9.59260545744879,-10.0913209884863,0.012258811194274744,-0.03589975699931314,0.0027527162205487343,0.9118501860357076,0.038852573390305706,-8.918842320908993
20240924,3.427,0.00038461896679423005,-7.863257410387948,6.801591518868275e-07,-14.200939019268567,0.011635378985629566,-9.096280194330282,-9.993030583000946,0.05982249248476945,0.011445466102663948,0.0027451595705123566,0.9957190998972898,0.11117562258360168,-7.829595590932181
20240925,3.474,0.0002340897884240414,-8.359805804991042,6.870261023270794e-07,-14.19089355079216,0.011937337792684929,-8.81557961100321,-9.883613278510484,0.07035081256346998,0.027726860086760396,0.04292760437301624,0.9994755930110377,0.4001933668440858,-8.355421864400538
20240926,3.64,0.0003208808166422904,-8.044440791497331,1.63545989964232e-06,-13.323586508983132,0.015375691422090403,-8.734719948041047,-9.781593550777503,0.1087239189202549,0.07026919584655644,0.013621424926441472,0.9999300110747775,0.803759800544698,-8.043877769732319
20240927,3.869,0.001624487110069251,-6.422563137593124,4.406867876780942e-06,-12.33234635286223,0.01967791738629417,-8.094221248444574,-9.609068870314069,0.16698359676943264,0.13098690890634135,0.0466770138297361,0.9999976829917853,0.8549725338261058,-6.422548256461575
20240930,4.233,0.002865446986488585,-5.855030924758318,1.7479288300695583e-05,-10.954493903628947,0.026413318673039025,-7.309019613845552,-9.38293165937,0.2541533230193309,0.22592322013535582,0.06101239406972647,0.9999992497402919,0.9118501860357076,-5.855026531964525
20241008,4.412,0.00399831174535802,-5.521883070616678,1.738862659968368e-05,-10.959694209158307,0.026953612905679915,-6.840744745891298,-9.173115892024018,0.2526428584987841,0.2732803833933579,0.08991488582041063,0.9999995841034975,0.9957190998972898,-5.5218807740848215
20241009,4.022,0.0007334660212970224,-7.217729285521003,3.205455331266652e-05,-10.348071315650488,-0.03496482932320769,-6.612329441997291,-9.012489939388912,0.146472623531547,0.18371486912127066,0.04141713985246942,0.9999911985665416,0.9994755930110377,-7.217665759156976
20241010,4.086,0.001027467179300233,-6.880658554390928,3.1117592261375224e-05,-10.37773723114034,0.03498524314869943,-6.3795729945760105,-8.938455568340474,0.115582814746781,0.18614677846577377,0.09254881004079563,0.9999949970581533,0.9999300110747775,-6.880624130856313
20241011,3.977,0.0004359248570281318,-7.738040675734317,2.8453072174922313e-05,-10.46725441816312,-0.035367186798992555,-6.642668502204249,-8.83247000237485,0.02753169050717763,0.17695504192095735,0.01578720504497011,0.9999761119772534,0.9999976829917853,-7.737855829242641
20241014,4.04,0.00033820602835028644,-7.991855296850002,1.539284434253066e-05,-11.08160780961181,0.03538900217975448,-7.070033376622585,-8.701638540758422,-0.046666269565727836,0.18907699675060363,0.0270387301698769,0.9999599212693481,0.9999992497402919,-7.99153499343415
20241015,3.931,0.00027695281268466437,-8.191663417607272,1.4916260366229893e-05,-11.113058640300588,-0.03608857782696859,-7.603989446020705,-8.581177034133836,-0.11543425495153259,0.16802585706726614,0.01571692574750516,0.9999367091056137,0.9999995841034975,-8.19114495990306
20241016,3.906,0.00019215765122526432,-8.557194422723205,2.4377976871152216e-07,-15.227000606478207,-0.03619569671055509,-7.871882473461144,-8.472205822493832,-0.029265458895973095,0.15954152846213465,0.027350845533335333,0.9998779722718001,0.9999911985665416,-8.556150207728034
20241017,3.863,0.00019975332581022228,-8.518427323593057,2.3435924547476554e-07,-15.266410661788722,-0.03625419978544147,-8.199436227301572,-8.412343005786026,-0.05612241271128626,0.15691573818620785,0.006380013985236133,0.9998923829993361,0.9999949970581533,-8.51751059599412
20241018,4.016,0.0017124386190629898,-6.369836831353191,5.827095946999271e-07,-14.355576896998627,0.036581418720085475,-7.925795458425346,-8.263075256955775,0.009758616163874523,0.20825248558224585,0.011069748770343057,0.9999946683113066,0.9999761119772534,-6.369802869366178
20241021,4.016,0.00019800402613990206,-8.527223193436564,5.705056452159555e-07,-14.376742772485603,0.0,-8.032869037742659,-8.209513012911138,-0.005958309583630639,0.20825248558224585,0.038842298705283884,0.9991305668343266,0.9999599212693481,-8.519809342781091
20241022,4.04,2.8045120763381615e-05,-10.48169588895578,4.588363444895674e-07,-14.594572238417213,0.03649958541356959,-8.490875532012359,-8.215346102618087,0.027350845533335333,0.21635968317621268,0.0,0.994067234636065,0.9999367091056137,-10.419510446630483
20241023,4.055,0.00016999550554619032,-8.679738559227088,4.585426987152286e-07,-14.595212422617065,0.03640846306165107,-8.515384359313135,-8.144730539840037,0.03743685511288897,0.22345186024219532,0.005958309583630639,0.9972661229600979,0.9998779722718001,-8.656009221267665
20241024,4.011,5.6993828619641585e-05,-9.772567565822175,4.5837316326851043e-07,-14.595582217612831,-0.036554132707877385,-8.76621240775896,-8.118716168923749,0.03759650310377172,0.21717783638021348,0.0037059955943175016,0.996691613421918,0.9998923829993361,-9.74023613445401
20241025,4.04,0.0001536000301437422,-8.7811585410024,3.662143788750727e-09,-19.425217126377362,0.03652832907729546,-9.248476749688802,-8.074072978895385,0.005958309583630639,0.22128883671761534,0.010910100779460308,0.9983660850116466,0.9999946683113066,-8.766810874447149
20241028,4.046,6.536569313286443e-05,-9.635513006969889,3.663113897341961e-09,-19.424952259627695,0.03657283991413519,-9.470134712395467,-8.128017247107282,0.007442356356125668,0.2144689760171592,0.007204105185142806,0.9980238874121113,0.9991305668343266,-9.616472148426052
20241029,4.013,0.00014432802087658344,-8.843421926166982,4.310728976366754e-09,-19.26215881108467,-0.03674650654059931,-9.142479919837706,-8.092488396679624,-0.006705600688279079,0.20352661233583635,0.001484046772495029,0.9991422408081104,0.994067234636065,-8.835836399722055
20241030,3.971,0.00011575896425021555,-9.064000423070366,6.723650862228371e-09,-18.817634546866472,-0.03696654725325457,-9.219332292606364,-8.059895729648575,-0.020932735418261794,0.19026031362965878,0.008189647460774108,0.9992928376198388,0.9972661229600979,-9.057590702957405
20241031,3.971,0.0001507578308134205,-8.799835778011778,3.8900084453664045e-09,-19.364854508273066,0.0,-9.024785935044282,-8.102467473631476,-0.010022634638801486,0.14733270925664255,0.010521139135665214,0.9994008571885333,0.996691613421918,-8.794563419663294
20241101,3.979,9.655934535610871e-05,-9.24535276085717,3.354585745117242e-09,-19.51293754803087,0.03617474637549761,-9.117624779015237,-8.142719607989028,-0.015214160528266962,0.1357238636258784,0.0,0.9988726847970003,0.9983660850116466,-9.23493033413276
20241104,4.032,6.373211814942588e-05,-9.660821912889963,9.484623537298379e-09,-18.473593924668847,0.035077477742199055,-9.122686560199252,-8.216191477143239,-0.003466207976486224,0.10227884912041807,0.0020125792956773303,0.9985277713496897,0.9980238874121113,-9.646598974084261
20241105,4.137,0.0002049907419723127,-8.492545740956329,9.594788260964393e-08,-16.159460682379304,0.033129638555736425,-9.052511323157121,-8.31028159547793,0.030431796194494654,0.06697481176089837,0.013231999324275767,0.9997038282401085,0.9991422408081104,-8.49003048873827
20241106,4.111,0.00024890465265693743,-8.298440655889031,9.381321026098905e-08,-16.181960156511554,-0.026876357173838916,-8.899399369720854,-8.421345674165691,0.03464835576662684,-0.02924465362304529,0.02570835671020677,0.9999012239494459,0.9992928376198388,-8.297620968695286
20241107,4.248,0.00024476494057782024,-8.31521223417645,3.247911530338226e-07,-14.940083467226213,0.02627876355843898,-8.802474660953788,-8.548315181600223,0.06743033179052338,-0.03787981745161817,0.00630457956353303,0.9999114314936124,0.9994008571885333,-8.314475768248572
20241108,4.194,0.00018334034956265065,-8.604166298796427,3.3014543517194794e-07,-14.923732566928912,-0.017023713778016123,-8.67423736854164,-8.611335045840017,0.052624401034936374,0.04187564112926778,0.03278197602389654,0.99984323319109,0.9988726847970003,-8.602817451102434
20241111,4.215,0.00013968018097273072,-8.876155170250033,3.2413889402377203e-07,-14.9420937277548,0.016758005349529637,-8.517304020013654,-8.702039437469976,0.04438706068475118,0.031083095058388244,0.012793351459909674,0.9997649919813688,0.9985277713496897,-8.87406920261041
20241112,4.169,0.00039056603451387013,-7.847913500512447,2.3967592026033664e-07,-15.24397815837317,-0.015780699526523806,-8.388377571924877,-8.707033656778073,0.007705311419385463,0.0471484326731062,0.004994658974090571,0.9998893563313596,0.9997038282401085,-7.847045178571578
20241113,4.195,5.8288271897632835e-05,-9.750109652981509,2.3965875240226594e-07,-15.244049790404222,0.015519399852499179,-8.678711371343374,-8.786954309329504,0.020227032003428347,0.03764864794611089,0.010973392555158945,0.9986632387828596,0.9999012239494459,-9.737076084534536
20241114,4.124,0.00012209295598983094,-9.01072786901275,2.566094141126974e-08,-17.478295790541424,-0.014737711630281711,-8.817814498310634,-8.824184511666116,-0.02962471778492426,0.04792971971499016,0.006217141020509853,0.9992415857785657,0.9999114314936124,-9.003894004851418
20241115,4.055,0.00013010672595331813,-8.94715547544763,3.651351635404662e-08,-17.125583333836417,-0.015190705068318064,-8.886412333640873,-8.841910014062682,-0.03370424491235191,0.03743685511288897,0.017069773764456064,0.999533140208294,0.99984323319109,-8.942978408306
20241118,4.038,0.00030796579123352385,-8.085521848582767,3.645135275898425e-08,-17.12728726645107,-0.014984909529448264,-8.728285669307422,-8.822232492471306,-0.04290007156317288,0.044305436206501625,0.016872878587337325,0.9997428047743692,0.9997649919813688,-8.083442290966577
20241119,4.058,0.0001902951798614938,-8.566934113139586,3.367055847542077e-08,-17.206642017174403,0.012565050392300013,-8.872089791832849,-8.922100550734323,-0.02698595749503685,0.010403859014194827,0.0042011676767304,0.9980509162990521,0.9998893563313596,-8.55023644149257
20241120,4.068,5.5598592085461665e-05,-9.797352679232278,3.3379089142383144e-08,-17.215336206611003,0.012571594596630235,-8.881538397083002,-8.979833709179584,-0.03074186173285609,0.01286509579688544,0.0049407215129770865,0.9878677294693213,0.9986632387828596,-9.678488546043361
20241121,4.073,3.103147254736662e-05,-10.380508625026788,1.639941268313326e-08,-17.926020314761594,0.012515642036871576,-9.15549454828581,-8.975234288091901,-0.012443737488437856,0.008135136693216971,0.0024612367826906123,0.9825986853469092,0.9992415857785657,-10.199874128183573
20241122,3.953,0.0001753232394162889,-8.648879205420958,1.6014794969852783e-07,-15.647167763355164,-0.014046778481923828,-9.095839294280475,-8.973831590191624,-0.02547590325282778,-0.02547590325282778,0.0012283504799621703,0.9887817514600106,0.999533140208294,-8.551853928902199
20241125,3.931,0.0001823590970290705,-8.609532754215683,1.6027967201278681e-07,-15.64634559751955,-0.0139159375144512,-9.200641475407059,-8.920966371482237,-0.026855673450922435,-0.020146740348192527,0.02990504435172725,0.9860518718909809,0.9997428047743692,-8.489445888401086
20241126,3.923,5.768447957488803e-05,-9.760522405470425,1.6016393993863225e-07,-15.647067921665641,-0.013798141920096225,-9.439359133873227,-8.965482910776238,-0.03383357417620725,-0.02938802474564306,0.005580937874825054,0.9630843495967709,0.9980509162990521,-9.400206372597195
20241127,3.987,0.00014114907896742526,-8.865693928490279,1.7387179148529114e-07,-15.564947639869231,0.014288322670872733,-9.253027383724827,-8.930491134481711,-0.020112409787095498,-0.014689670346335726,0.002037179212307727,0.9481633218723373,0.9878677294693213,-8.406125805940755
20241128,3.958,3.680913614433469e-05,-10.209764478810289,1.7443936983214606e-07,-15.561688606497597,-0.014267268847199173,-9.218878554481526,-8.992597614147316,-0.028640981485901662,-0.013800244104405612,0.016182401171802363,0.8905184815653715,0.9825986853469092,-9.091983960810206
20241129,4.001,0.00021190898876322529,-8.459353673753826,1.7207201887544496e-08,-17.87793782637129,0.014287523845474428,-9.1809734481481,-8.965113670996562,0.012069545560549733,0.007526377725983746,0.007300221218843994,0.8756010240283326,0.9887817514600106,-7.407018739356688
20241202,4.031,6.955651612085315e-05,-9.573370954251539,1.763597594597629e-08,-17.853324933367713,0.014367548727965753,-9.373741088155272,-9.000274360825644,0.02512063769530526,0.014996531985914219,0.010805482694724144,0.7399018070517425,0.9860518718909809,-7.083354468627378
20241203,4.035,6.74656178476678e-05,-9.603892455076059,1.7632724815371247e-08,-17.853509296870996,0.014364693947914996,-9.342415098076398,-9.016571619653774,0.028149634494496478,0.01397577027712038,0.007470154259930473,0.6035701188560316,0.9630843495967709,-5.796622510590802
20241204,4.014,3.852005939633475e-05,-10.164331429074615,4.06580760439897e-09,-19.320653441010563,-0.014130924627047653,-9.602142598193264,-9.039458415843987,0.006749181974928575,-0.0044742803949209264,0.0009918175868834922,0.473738384521293,0.9481633218723373,-4.815233950948814
20241205,4.007,2.437842658782444e-05,-10.62181197299849,3.4996301509660377e-09,-19.470608545187194,-0.012891569955328622,-9.684552097030906,-9.136243244573176,0.012303984473633456,-0.03192805582526681,0.00521805134776554,0.4315552208412765,0.8905184815653715,-4.583898411741878
20241206,4.057,0.00013127523466788805,-8.93821441083663,5.503003371196743e-09,-19.017971826258265,0.013170076728156394,-9.780324244447467,-9.165323869798065,0.013899454349212137,-0.013222523691430954,0.0017454187201391136,0.44635277982203403,0.8756010240283326,-3.9895968489222944
20241209,4.054,7.602200178826475e-05,-9.484487762360166,4.880263728649277e-09,-19.13806657578561,-0.010860558602893937,-9.762547606069191,-9.21847275744278,0.005689563894779814,-0.046744235909829346,0.012400952570302826,0.4308813773860311,0.7399018070517425,-4.086689150846705
20241210,4.085,0.00025694190359897554,-8.266660554658685,5.5535443903320975e-09,-19.00882948413605,0.010777279825389601,-9.495101225985717,-9.2031315872547,0.012315426590054024,-0.02633320416776197,0.0007397361945018499,0.4100659354237644,0.6035701188560316,-3.389875893176849
20241211,4.075,2.5057910603321673e-05,-10.5943209877376,5.4124884983414286e-09,-19.03455686863781,-0.01069014109130889,-9.581099137718315,-9.281230033504137,0.015082496318679528,-0.03377884476099258,0.007617680282157702,0.12759806603466656,0.473738384521293,-1.351814868985796
20241212,4.117,5.673183248219855e-05,-9.777175085328373,7.62170276311187e-09,-18.692266032485296,0.010755494233578898,-9.412171760184291,-9.36892374190486,0.027081911133760128,-0.012551456110892145,0.0024509816191400358,0.08335419620106127,0.4315552208412765,-0.8149685703545893
20241213,4.02,7.31787858694802e-05,-9.522604989526421,6.752595767466053e-08,-16.510753754848338,-0.01171842147714031,-9.529049875922249,-9.35858262083872,-0.009161881593380716,-0.04261143728824002,0.010253996094941487,0.052328982103599056,0.44635277982203403,-0.49830822607657116
20241216,3.996,2.6570161301405322e-05,-10.535721727401596,6.778303758702116e-08,-16.506953856383355,-0.011266416426793642,-9.739296668930535,-9.42790052349276,-0.014410187243501404,-0.03152970536840649,0.02384284015683802,0.016672172582975743,0.4308813773860311,-0.17565337092544672
20241217,4.007,7.905652757234017e-05,-9.44534742248277,6.712098456003434e-08,-16.516769106241373,0.010750813454719711,-9.975034042495352,-9.450545611994356,-0.019278896657958677,-0.011907855913368737,0.005988041844622538,0.01113831607189384,0.4100659354237644,-0.1052052650004609
20241218,4.024,1.7377463563201314e-05,-10.960336388754213,6.717801650357729e-08,-16.515919778301186,0.010764470635349481,-10.048237122698675,-9.581219000183966,-0.012594313895387899,-0.003473087093207594,0.0027489708677004288,0.0022704760912056286,0.12759806603466656,-0.02488518172223748
20241219,4.03,7.948689041941076e-05,-9.43991845028632,6.496793164119201e-08,-16.549372048158826,0.010711650959333035,-9.980785795690263,-9.62090010641791,-0.021358366829175912,-0.006923865445031208,0.004233601143430743,0.0026177643445116487,0.08335419620106127,-0.02471148193425719
20241220,4.018,3.269170617958831e-05,-10.328389145883254,3.4961309712006115e-10,-21.774194009690824,-0.010707342810170106,-10.141942626961631,-9.645038127629318,-0.0004976362381869937,-0.01236721179357092,0.001489943161153473,0.0010851269113700446,0.052328982103599056,-0.011207613013300187
20241223,4.022,4.377045943500371e-05,-10.03655141024348,9.266934665103434e-11,-23.025850929940457,0.010705600270783789,-10.042108563530007,-9.62940370877553,0.006485430564153294,-0.012600537315815341,0.0029821095658491004,0.0009108840488105339,0.016672172582975743,-0.009142134584657654
20241224,4.069,4.1161255479090805e-05,-10.09801314505616,3.7250281565411418e-09,-19.408191426340466,0.008774060632215292,-10.172641708044686,-9.695273433304402,0.015354437365545426,0.02892248470500447,0.0009950249577177495,0.0007850131355951213,0.01113831607189384,-0.00792707296228129
20241225,4.072,4.820087425325745e-05,-9.940133399037824,3.6608376659430295e-09,-19.42557384524375,0.008639987279787507,-9.968601110101408,-9.75575528079632,0.011857846450783471,0.03524043280849831,0.01161797766909256,0.0007812925307886578,0.0022704760912056286,-0.0077661519797111245
20241226,4.073,1.5963925483768658e-05,-11.045179038555615,3.659852774634177e-09,-19.42584291585199,0.008607851345146257,-10.289653227755267,-9.814148764118373,0.01061345270768399,0.03752316143886003,0.0007370102286687885,0.0004730907213031444,0.0026177643445116487,-0.005225371718272647
20241227,4.067,4.148583398250091e-05,-10.090158538819988,3.644980386174839e-09,-19.42991485252226,-0.007995116947653676,-10.242007106342614,-9.869806246406087,0.012121360532344916,0.019866558525869493,0.0002455494180539919,0.0032807702844621107,0.0010851269113700446,-0.03310349229967225
20241230,4.086,1.425975104450138e-05,-11.158069601440383,3.739168201609714e-09,-19.404402656242556,0.007815384265498972,-10.466310744581994,-9.912911024707455,0.01578720504497011,0.03182764921505643,0.0014742017411881747,0.009673016369072827,0.0009108840488105339,-0.10793218990198675
20241231,4.022,6.707322070783058e-05,-9.609725688909677,1.2519089323385956e-08,-18.196011211668704,-0.008337985337860482,-10.368653253352697,-9.965200661759994,-0.01161797766909256,0.0052349614753621765,0.004660869470342943,0.12433966970209777,0.0007850131355951213,-1.194870118086793
20250102,3.909,0.00032505635606938003,-8.03151198737675,1.4442653763015452e-07,-15.750494848770726,-0.01017604868885219,-9.98692897102048,-9.895116163265685,-0.04085269243740397,-0.030732897324210917,0.01578720504497011,0.2448064201875776,0.0007812925307886578,-1.9661656983233189
20250103,3.869,0.00011216477141866898,-9.095541594403556,1.4666491528719314e-07,-15.735115339997193,-0.010332820550455157,-9.597001482190072,-9.87200930596239,-0.05138375294789976,-0.04201022600353621,0.02849770453964262,0.2365799646546678,0.0004730907213031444,-2.1518229089190544
20250106,3.853,6.455677463210131e-05,-9.647965494480738,1.4672295181191286e-07,-15.734719709966202,-0.010318972353983201,-9.508562873322221,-9.848538127117214,-0.054053561281066864,-0.040936184730125946,0.010285511092441801,0.20180482908696498,0.0032807702844621107,-1.947006027650621
20250107,3.88,3.932781958765499e-05,-10.143578411967724,1.4710414408235554e-07,-15.732125037863945,0.010489999501861628,-9.30566463542769,-9.826800237979452,-0.05173134276024838,-0.0322076780188254,0.0041440100743552755,0.1711071526227868,0.009673016369072827,-1.7356388194777668
20250108,3.874,0.0002367598612963655,-8.348464173982581,1.3468159021636325e-07,-15.82035243535494,-0.01002323169969874,-9.053412332442269,-9.79999340903154,-0.03749172636565623,-0.04615621923950619,0.00698308799116143,0.16574752007172183,0.12433966970209777,-1.3837372332452285
20250109,3.866,1.7441537626062946e-05,-10.95665597673784,2.77773503379267e-09,-19.701629977367464,-0.010018660194932139,-9.638441130314488,-9.866910146048706,-0.011061206024678416,-0.04748366724366915,0.0015475886503779623,0.05056026976485962,0.2448064201875776,-0.5539714819046266
20250110,3.823,4.871470680093254e-05,-9.929529585766018,3.669487315492435e-09,-19.423213880689442,-0.009946722475929684,-9.80523872858698,-9.942495102008131,-0.011960621004100114,-0.06628627359769035,0.0020671841986648065,0.04342293321862032,0.2365799646546678,-0.43116930009503246
20250113,3.808,3.6212657071413275e-05,-10.226101857386649,3.6582801511764328e-09,-19.426272704022796,-0.009947746525196761,-9.92086600116816,-9.925757868810361,-0.011747948714901701,-0.06776662976370718,0.011184926071863499,0.04217195370789576,0.20180482908696498,-0.4312546941419366
20250114,3.906,0.00018337118020231535,-8.603998152243975,8.655642938026199e-08,-16.26246927292708,0.011342183658919109,-9.612949949223411,-9.872431644579253,0.006678678819305173,-0.05261091033328036,0.003931337785156863,0.053155828894311245,0.1711071526227868,-0.4573526535876508
20250115,3.883,1.9766495540018694e-05,-10.831522198000815,8.679858071581498e-08,-16.259675566614078,-0.010325903741248841,-10.10956155402706,-9.931927881328088,0.002320485764726099,-0.034673851881399376,0.025409715525368304,0.04080123100931474,0.16574752007172183,-0.4419394393831518
20250116,3.885,0.0001675982754149678,-8.69394065985606,8.679494264337661e-08,-16.259717481454775,0.010286595112900329,-9.657018490650703,-9.848210560076017,0.004902603033471342,-0.0281708769666964,0.005905781704957036,0.05460678589493017,0.05056026976485962,-0.47474815619598776
20250117,3.898,8.257853155082295e-05,-9.40176081980511,8.36897198642372e-08,-16.29614968820993,0.010298397912590754,-9.55146473745852,-9.846229350863396,0.019428146371093247,-0.027579230568638424,0.0005149330700804367,0.046921792088737806,0.04342293321862032,-0.4411474664549365
20250120,3.917,5.4059384301080615e-05,-9.82542740635803,8.375374847549062e-08,-16.295384909326536,0.010315212419893196,-9.471329847252798,-9.794642578936298,0.028221937754575377,-0.0269503781137439,0.0033406172657584055,0.03337130697402082,0.04217195370789576,-0.327887354128531
20250121,3.922,3.647709883577065e-05,-10.218825923448842,3.805527592472267e-10,-21.689396290558932,0.010312627737496576,-9.794295401493772,-9.830047464080048,0.004087895319667467,-0.02716464818443698,0.004862453598325267,0.02494011687722342,0.053155828894311245,-0.2548587128788147
20250122,3.886,5.320709608506278e-05,-9.8413187854541,1.5834032925413546e-09,-20.26368932378113,-0.010447873994424274,-9.596254718984428,-9.80790790224236,0.0007723002057182793,-0.0334039154374941,0.0012756730904603941,0.02562215311078246,0.04080123100931474,-0.2521557767329246
20250123,3.897,0.00012467310391883936,-8.989815414838315,1.5961575508581158e-09,-20.25566662671439,0.010476116195966386,-9.65542966998088,-9.760328993360305,0.0030840425369615954,-0.0315722649938881,0.009221376818906224,0.029011437034186103,0.05460678589493017,-0.2608074638565374
20250124,3.929,7.711314141361692e-05,-9.470236845568905,2.4657905576910432e-09,-19.82075336780995,0.010296135419835895,-9.669124875133638,-9.731793707019976,0.007921339490953638,-0.03501232844323021,0.0028266754013237527,0.02177630602702134,0.046921792088737806,-0.2062267756974817
20250127,3.907,3.344705470407419e-05,-10.30554682596705,2.552811392545254e-09,-19.78607057820996,-0.010316774147169375,-9.765148759055442,-9.748403408244032,-0.0025562386107607082,-0.04136446317528808,0.008177914219750448,0.011118717181854611,0.03337130697402082,-0.1145844605622871
20250205,3.887,5.235709256894532e-05,-9.857423146177334,2.69103148110609e-09,-19.7333412666056,-0.010327711907302117,-9.69286820360114,-9.694414504045021,-0.008964075904068558,-0.04674217679618953,0.0056151245033890795,0.009457813977916452,0.02494011687722342,-0.09322967441815315
20250206,3.932,4.434169059001817e-05,-10.023585226627041,4.7557492435457545e-09,-19.16391158374129,0.010729855880308038,-9.72932149183573,-9.691388444399886,0.01176785132967173,-0.03375742464016729,0.005132164202847456,0.009084505998577989,0.02562215311078246,-0.09105932011855107
20250207,3.988,0.00017119112975743674,-8.672729907763435,1.2741881719906005e-08,-18.17837149598975,0.01117181396594604,-9.665904390420753,-9.578418458323661,0.023082825743019786,-0.024276644295838423,0.011510550414834064,0.011463875816115337,0.029011437034186103,-0.09942309864930943
20250210,3.992,2.1044809099479907e-05,-10.768856626845848,1.1847542839018772e-08,-18.25114534622343,0.010683784145102466,-9.925628346676142,-9.631106228229852,0.015907417872894847,-0.007486932901242804,0.014141649814671808,0.0018374991050565015,0.02177630602702134,-0.019787764414311022
20250211,3.976,2.7938215260877746e-05,-10.485515083739147,1.17007471490482e-08,-18.263613138288584,-0.008702592683670065,-9.96162199823056,-9.742651823519052,0.01750647272139405,0.01699470198350994,0.0010025063496255093,0.0009510139043123849,0.011118717181854611,-0.009971870638513168
20250212,4.014,7.061236107649404e-05,-9.558305342721534,1.3199229868305693e-08,-18.143107352366297,0.008526488621378935,-9.901798437539401,-9.763686539351687,0.032150598504060435,0.03679217465577067,0.0040160696548898756,0.0016321731127734605,0.009457813977916452,-0.015600808984069004
20250213,4.004,3.957684356511413e-05,-10.13726636919846,9.69610559996751e-09,-18.451541516593,-0.008480029977433915,-9.924534666053685,-9.785927488202491,0.018145659168053774,0.03844179580895335,0.009511961579818928,0.001010923102478592,0.009084505998577989,-0.010247996768601999
20250214,4.034,2.9577182363195496e-05,-10.428507360012578,2.318146832162198e-09,-19.88249774970275,0.008494794706826082,-10.275690156503511,-9.798878804022712,0.011468587432428068,0.03892328589683802,0.0024943889211725967,0.0008574314872574079,0.011463875816115337,-0.00894173057557041
20250217,4.041,5.147605409488984e-05,-9.87439382745747,2.3197518790190602e-09,-19.881805605686292,0.008462530210012595,-10.096797596625837,-9.868239242817026,0.012199827647119132,0.04220462111153256,0.0074645780790461025,0.0020111987574000373,0.0018374991050565015,-0.01985936859586106
20250218,4.012,0.00010590109911475911,-9.153004926612292,2.80589314794586e-09,-19.69154393583943,-0.008646514978745056,-9.830295565200467,-9.786255104174954,0.00901358130536134,0.0370694893135497,0.001733746564316574,0.003297124662366942,0.0009510139043123849,-0.03017859827829951
20250219,4.033,3.32477886231068e-05,-10.311522300649873,1.3172292501679445e-09,-20.447735359350435,0.008178483499682794,-9.980938956786135,-9.803618409396949,0.004722265517084656,0.05347506117695544,0.007202315996647668,0.0010925534374751013,0.0016321731127734605,-0.011265889135176184
20250220,4.021,1.7806664513855517e-05,-10.935937759849743,1.3252565821966477e-09,-20.441659749314507,-0.008145689067834475,-10.14067323491639,-9.835883677690724,0.0042367664621629775,0.05442651098601803,0.005220645791542244,0.00049781000661297,0.001010923102478592,-0.00544401924854983
20250221,4.075,6.62720391012868e-05,-9.6217424827391,7.038179246779283e-09,-18.771916329945746,0.006827115114705591,-9.979320259461696,-9.882144783622321,0.010112307160806022,0.04235691423833887,0.0029798879760942754,0.0022510380292252493,0.0008574314872574079,-0.02165890823605788
20250224,4.062,6.822202407733054e-05,-9.592743111561518,7.057220341060888e-09,-18.769214582365567,-0.0067023806315829335,-9.922990116282506,-9.825836643329627,0.005183277061856284,0.045067412408662744,0.013340118777689147,0.0029844620723216693,0.0020111987574000373,-0.028629177985980307
20250225,4.021,5.2272838634166896e-05,-9.859033659574806,8.637461192549715e-09,-18.567157140765786,-0.007186366043698652,-10.064195862875007,-9.878795416044115,0.002240757815447969,0.034407644095526324,0.0031952835346331643,0.002561922202063116,0.003297124662366942,-0.025258077223352268
20250226,4.054,2.3770003452932484e-05,-10.647086131327878,9.381468797852464e-09,-18.484529497929746,0.00731595640753123,-10.13130862901061,-9.935401112022422,0.005193532138577206,0.0392404469444394,0.010144835243055983,0.0022115955088839534,0.0010925534374751013,-0.023547047870745363
20250227,4.067,4.844749043998061e-05,-9.93503001787343,9.386711808966046e-09,-18.483970785142418,0.007291200527106081,-9.931127080615346,-9.940383048909485,0.011374999009950537,0.03757957224139319,0.008173420114671481,0.006710380129339116,0.00049781000661297,-0.06666782801632551
20250228,3.994,0.00014053170376100547,-8.87007744510098,2.4577354688115196e-08,-17.521440359099813,-0.008428903796530045,-9.780794073087723,-9.879076299893676,-0.020077511699202466,0.01819150721946894,0.003201578895279056,0.014696841426073864,0.0022510380292252493,-0.13036212164764352
20250303,3.981,0.0001117288960867265,-9.099435191640659,2.4579101004387935e-08,-17.521369307749634,-0.008182723225112208,-9.68213248910355,-9.8453543183567,-0.0201424191400128,0.024152693062931663,0.018112391931463856,0.012654414916370985,0.0029844620723216693,-0.11514802841964862
20250304,3.977,2.542989249541792e-05,-10.579585206009968,2.2460895402038343e-08,-17.6114900219108,-0.008184954272671005,-9.826242798390584,-9.917616581591775,-0.01100286168958342,0.020320739868981308,0.0032601909754435,0.002360125929721545,0.002561922202063116,-0.024969153370402578
20250305,3.994,2.5517829928645816e-05,-10.576133137247265,2.163452519442615e-08,-17.648975409688976,0.008061403582045113,-9.81205219957446,-9.967884594849883,-0.0149108130361848,0.01640829441730096,0.001005277792626602,0.0007337427054176545,0.0022115955088839534,-0.007760160540981114
20250306,4.049,5.23512115126169e-05,-9.857535478363136,2.8611215798161806e-08,-17.369467035220655,0.008379508468218581,-9.796553291672401,-9.947520442686068,-0.0044356898750632645,0.03570012097709063,0.004265468768070102,0.0008434913780877036,0.006710380129339116,-0.008314746185192953
20250307,4.039,2.9336135820470195e-05,-10.436690497383557,7.0941862403427395e-09,-18.76399022771958,-0.008296191612206258,-10.109875902128916,-9.973850776831805,0.011203901587652165,0.03835948471118966,0.013676702056400591,0.00045875095328271563,0.014696841426073864,-0.004787841714791366
20250310,4.023,5.253268030199212e-05,-9.854075100085511,7.121235112738122e-09,-18.760184655676674,-0.008082062330957868,-10.26080388381789,-9.966145771079917,0.010494848949470947,0.02287969068273088,0.002472800468748426,0.0006622018081384595,0.012654414916370985,-0.006525386348808797
20250311,4.035,2.5405610142636262e-05,-10.580540536571025,7.136769496703009e-09,-18.75800561442411,0.0075534722269803775,-10.2609949499301,-10.052864436025716,0.01447853549635858,0.011716449622320102,0.003969243613624718,0.0002772519464414498,0.002360125929721545,-0.0029334754581669784
20250312,4.025,2.7446459509498575e-05,-10.50327337794486,7.07814601071396e-09,-18.766253826426365,-0.0075796255128798016,-10.246422998069617,-10.040792470166581,0.007731675876903266,0.00823255242130938,0.0029784087542610305,0.0003789163124282129,0.0007337427054176545,-0.003979861616796285
20250313,4.005,4.102444868204946e-05,-10.101342359663441,2.035859322327234e-10,-22.314932928763508,-0.007608986169272016,-10.295184374329677,-10.023330073617684,-0.010926356529701753,0.007267291725994829,0.0024813908513852123,0.0011508258903703767,0.0008434913780877036,-0.011624886314995682
20250314,4.106,0.00011440865589242455,-9.075733818485588,7.714948112068015e-08,-16.377520983750525,0.009062500105506485,-10.022993038550085,-10.001395004334233,0.016452182015465944,0.02266106822259517,0.004981330350204427,0.0026104687187801213,0.00045875095328271563,-0.023691919233131492
20250317,4.094,2.3141606258412722e-05,-10.6738784238104,7.71145142205966e-08,-16.37797432220588,-0.009070973618754283,-10.186953703295062,-10.025786461362049,0.01749459427144684,0.022228625786123946,0.02490573807641927,0.0004454017711931635,0.0006622018081384595,-0.004754164355465645
20250318,4.103,1.653474926788099e-05,-11.010046375366022,7.710342609504303e-08,-16.378118120334033,0.008961348287668583,-10.272854871054061,-10.052220052969023,0.016712111738136803,0.016959973928028838,0.002926831357643822,0.00011952484704456481,0.0002772519464414498,-0.0013159741089691888
20250319,4.109,3.789490198168692e-05,-10.180693967280037,7.709675555086136e-08,-16.37820463831494,0.008960142435303067,-10.208338988921097,-10.066142786597322,0.020654779030745862,0.01668750380493611,0.0021959262209509944,0.00038737567286569445,0.0003789163124282129,-0.0039437531758148205
20250320,4.076,2.5165178907926048e-05,-10.590049308366188,7.781916426909996e-08,-16.368878108729348,-0.008998380627717965,-10.306080378661648,-10.131462985767953,0.017572534840155862,0.01582624526078935,0.0014612764412238466,0.00055880224886704,0.0011508258903703767,-0.005917743369127868
20250321,4.01,0.00012464812637982462,-8.990015779156012,1.5070402297911468e-08,-18.010533129381542,-0.009635085887691387,-10.288936770795733,-10.071394507518233,-0.023658077278263967,-0.005719274572753452,0.008063574540794427,0.002320479307137817,0.0026104687187801213,-0.02086114558637399
20250324,4.027,1.483082764176195e-05,-11.118802594756575,1.511978370897304e-08,-18.00726177125944,0.009660757987078966,-10.377921604984968,-10.079706545468543,-0.016500805369780824,0.0014910539541801437,0.01632487404200056,0.00018967331357425658,0.0004454017711931635,-0.0021089401311255216
20250325,4.029,1.4891723964156604e-05,-11.114704937973258,1.511514535082503e-08,-18.00756859243142,0.009197478372481936,-10.398853317506413,-10.147568475251914,-0.018200207250838707,-0.011352540483615892,0.004230440550839321,7.53213541875545e-05,0.00011952484704456481,-0.0008371746273232447
20250326,4.013,2.4333103286770496e-05,-10.623672859497017,1.5164372454772137e-08,-18.004317077817902,-0.009209861215985674,-10.48744909594981,-10.194428918339892,-0.023640598616493147,-0.01213637187341332,0.0004965243398931118,0.0003494190550084152,0.00038737567286569445,-0.0037121137312839956
20250327,4.027,8.735716749679775e-05,-9.345505469835844,1.4348240068527211e-08,-18.059638545570294,0.008989563217807873,-10.23854032824374,-10.171086727897212,-0.012094433491161238,0.0014910539541801437,0.0039791149244305934,0.0017651957177924485,0.00055880224886704,-0.016496646235960137
20250328,4.008,1.745193559174349e-05,-10.956059993304295,2.436804501708432e-10,-22.13516337939813,-0.008855454346572972,-10.631749171073398,-10.185130994350684,-0.000498877535914044,-0.011411684247244702,0.0034825905845374816,0.0010567656213869255,0.002320479307137817,-0.011577987546776648
20250331,3.984,8.501344943910072e-05,-9.372701085295494,4.398651231078329e-10,-21.544552974400027,-0.00888877538175007,-10.282528869181181,-10.159570588324415,-0.010735342146965365,-0.02061928720273576,0.004729318086753365,0.004884448213203923,0.00018967331357425658,-0.04578047306896604
20250401,3.982,1.72056649629638e-05,-10.97027187005956,4.398656818447614e-10,-21.5445517041548,-0.008018799194660956,-10.253642255598441,-10.255033971277077,-0.011734000567205527,-0.0030090293516189526,0.006006024060212001,0.0059200841823919634,7.53213541875545e-05,-0.0649449329744791
20250402,3.979,1.9303524074135764e-05,-10.855222884206977,3.8979118248232217e-10,-21.665409949730943,-0.007990062904703759,-10.299952260540433,-10.334842502757365,-0.008508559839987884,-0.0005025125733884028,0.0005021340803470498,0.03141598064034128,0.0003494190550084152,-0.3410274719768361
20250403,3.959,4.062698811894735e-05,-10.111077980199262,4.893237340689425e-10,-21.437996812639934,-0.008059661164530593,-10.453066762613119,-10.313546719765968,-0.01703021374532354,-0.004536298101559977,0.0007536741972129501,0.2874554811795861,0.0017651957177924485,-2.9064847860424963
20250407,3.695,0.001708258620911219,-6.372280777682889,4.536682357889146e-06,-12.303314571219117,-0.01666783253266246,-9.536310919488837,-10.122462521603952,-0.08131180938239857,-0.07781268059345847,0.005039063320798176,0.9569960001602902,0.0010567656213869255,-6.098247216140828
20250408,3.73,0.00013975892872057532,-8.875591557303974,4.538002086635303e-06,-12.303023711792868,0.01648245922217592,-9.436889013890532,-10.077828707010354,-0.06587810606662758,-0.08206170339430008,0.0690109137238284,0.9473102049662351,0.004884448213203923,-8.407938457346212
20250409,3.766,0.00019201637049867404,-8.55792992655725,4.53970444810866e-06,-12.302648647565622,0.016725684085857197,-8.954420625190071,-9.992430499245522,-0.055770775407044004,-0.06998370634631512,0.009427679255558985,0.9068435554896498,0.0059200841823919634,-7.760703602230454
20250410,3.829,7.835748962707811e-05,-9.454229001808995,4.554855369938203e-06,-12.299316779690988,0.017245826629848377,-8.674221848710474,-9.97425567659659,-0.03842685894963416,-0.04942422047249351,0.00960519657923653,0.6477991712183779,0.03141598064034128,-6.124441711880619
20250411,3.84,6.510522220928608e-05,-9.63950579369846,4.5547399622131115e-06,-12.299342117309376,0.01724425955415917,-8.579907411410314,-9.931481370102382,-0.030519101524357994,-0.04953393512227655,0.016590242260196897,0.32394676139719614,0.2874554811795861,-3.1226866833381246
20250414,3.848,1.4664496639896296e-05,-11.130081180031453,1.8450628394908073e-08,-17.80816740769527,0.01726878211376226,-9.531467491880028,-9.959972633833589,0.04057297840329488,-0.04497137806706686,0.002868694104477987,0.03362650511756488,0.9569960001602902,-0.37426573175924027
20250415,3.851,3.3425879333647224e-05,-10.306180127658966,1.6870730895459587e-08,-17.897685616166427,0.017265799034041823,-9.817585205951024,-9.969283441469752,0.03192462117704764,-0.039210725687550685,0.0020811662038244805,0.01647471024430544,0.9473102049662351,-0.1697913313288003
20250416,3.86,0.00010466652036191204,-9.164731258541234,1.5174295224166097e-08,-18.003662944297417,0.016244854832209683,-9.938945472347822,-9.973328779654098,0.024653753241778764,-0.0617821351200023,0.0007793220293117464,0.012988746045447305,0.9068435554896498,-0.11903836689196476
20250417,3.863,1.878695027553501e-05,-10.882348063431163,2.338172448709159e-11,-23.025850929940457,0.01626274943764766,-10.224569284672254,-9.982804672364132,0.008840411188986597,-0.05807840355495375,0.0023343286439676536,0.0014270210583569177,0.6477991712183779,-0.015529339850885893
20250418,3.873,2.7690339244412558e-05,-10.494426969342818,1.8771905782639242e-11,-23.025850929940457,0.01626847405537312,-10.395553519801128,-9.959367426635806,0.008557033932979685,-0.05768901292743367,0.0007769002074047293,0.0004010749150136164,0.32394676139719614,-0.004209051404845774
20250421,3.875,2.547581079349216e-05,-10.577781152335765,1.5034162974689134e-11,-23.025850929940457,0.016258423061775176,-10.28509351426199,-9.97741684413834,0.006992130001850283,-0.05863402709596244,0.0025853168484710753,0.0001686046786060015,0.03362650511756488,-0.001783463391554192
20250422,3.878,1.3033334608237082e-05,-11.248000281822366,1.5032129017159642e-11,-23.025850929940457,0.016227838091026195,-10.47345754509467,-10.007323706568165,0.00698670198768836,-0.04979655854001819,0.0005162622726950783,5.307213676243964e-05,0.01647471024430544,-0.0005969554092608362
20250423,3.882,3.564067306723755e-05,-10.242023070376195,9.319526211264065e-12,-23.025850929940457,0.015930856008494938,-10.68891590746166,-10.064233128896355,0.005683301270079211,-0.032440756571659124,0.000773894015149823,0.00025749448070211395,0.012988746045447305,-0.002637264411845589
20250424,3.882,3.3887988065722545e-05,-10.292449940713585,9.246665912921975e-12,-23.025850929940457,0.0,-10.570936282918145,-10.026671644621674,0.004906401062674481,-0.036671197122498445,0.0010309279263585047,0.0002464193692113283,0.0014270210583569177,-0.002536259022029815
20250425,3.882,1.842188689313515e-05,-10.901971095188268,3.118604389752873e-13,-23.025850929940457,0.0,-10.652445108087235,-10.017001924495084,0.002321084214203406,-0.037167721462391556,0.0,8.221066769591595e-05,0.0004010749150136164,-0.0008962583229370035
20250428,3.876,1.4858972068272063e-05,-11.116906695477008,1.442523270311146e-12,-23.025850929940457,-0.015873075558838268,-10.760270216715483,-10.039421644312355,0.00025803122320944283,-0.03473539725625985,0.0,4.471184415221491e-05,0.0001686046786060015,-0.0004970573996228825
20250429,3.869,1.0166791209872814e-05,-11.496383912942626,3.506074445790045e-12,-23.025850929940457,-0.015832767100813102,-10.809946942939536,-10.137188846271755,-0.002323481102084246,-0.040025606150941195,0.001546790718298885,2.2416225206981393e-05,5.307213676243964e-05,-0.0002577055308584399
20250430,3.866,1.5703522046681077e-05,-11.061625536585654,3.3525696212844068e-12,-23.025850929940457,-0.015820597720873218,-10.973867436181429,-10.141987280057272,-0.0041301039606793655,-0.036071982996424445,0.0018076183101438659,5.147362478933315e-05,0.00025749448070211395,-0.0005693819624303159
20250506,3.903,1.4941759167618331e-05,-11.111350636354885,1.6496546344983229e-09,-20.222699883368083,0.01596236545536735,-11.137647575309689,-10.221016805105425,0.005395003451659219,-0.02054085152387386,0.0007756949322366147,0.00011419781995308028,0.0002464193692113283,-0.0012688920194059991
20250507,3.927,7.409893390521502e-05,-9.510109413009792,1.9321122817084465e-09,-20.064651986018482,0.01603337763628737,-10.859275238873995,-10.154645784330436,0.01152529084905396,-0.01390843004613207,0.009525107412338585,0.0011502355361371534,8.221066769591595e-05,-0.010938865799396307
20250508,3.95,4.857651959488105e-05,-9.93237027971338,2.1635744637201267e-09,-19.95150413868159,0.016092514035307568,-10.622367955721266,-10.112697938671637,0.0189118848845109,-0.007314952531761065,0.00613028739739474,0.0007441336167878901,4.471184415221491e-05,-0.0073910106195196655
20250509,3.945,1.0405649631600976e-05,-11.47316166550723,2.1619539534702944e-09,-19.95225341607355,-0.01606004080636234,-10.617723506234189,-10.174610833458361,0.019452878579461652,-0.003542513826156002,0.005839803317158054,4.9465418399767715e-05,2.2416225206981393e-05,-0.000567524742152491
20250512,3.99,2.0965227558314338e-05,-10.772645323199914,5.471903942090879e-09,-19.0236392112227,0.004951951097020236,-10.55992746355704,-10.374627403709134,0.031570850115632876,0.076810676501607,0.0012666246151931126,8.687576342466414e-05,5.147362478933315e-05,-0.0009358817865561303
20250513,3.994,1.103135878285914e-05,-11.414768542543653,3.825803485313425e-09,-19.381497330207893,0.00479428672794175,-10.620611044794794,-10.490044539401849,0.023047746795145763,0.06838500133789949,0.011342276603934609,9.327384747566747e-05,0.00011419781995308028,-0.0010646993800072638
20250514,4.045,0.00010891895040346698,-9.124906526603723,8.727117629106388e-09,-18.556830690099755,0.00503238642227634,-10.54357046751358,-10.515816203040325,0.029605774914582383,0.07146812027549432,0.0010020040918514717,0.0017308109155165137,0.0011502355361371534,-0.0157934878193136
20250515,4.011,2.4917562608620284e-05,-10.599937677471445,9.509819331075625e-09,-18.470940958353417,-0.004690350490232891,-10.677083947065194,-10.56789387011589,0.015325007874885221,0.04643691429275831,0.012688315516831361,0.00039766117614860276,0.0007441336167878901,-0.004215183683925184
20250516,3.989,2.8023200977886818e-05,-10.482477784540695,9.692318896437412e-09,-18.451932131475502,-0.004957693795510215,-10.478947170871885,-10.606210778790539,0.011091618625431954,0.038068206323633946,0.008440963722539108,0.00020281179664209166,4.9465418399767715e-05,-0.002125970152743511
20250519,3.983,1.6702966901813366e-05,-10.999924195529799,6.3833232992866804e-09,-18.869576981902416,-0.005004354984240168,-10.524402945337863,-10.60029455222228,-0.0017559267022648761,0.034481771396047245,0.00550001386464638,7.85739035879497e-05,8.687576342466414e-05,-0.0008643069832143135
20250520,4.003,3.179688330060128e-05,-10.356142282396434,6.509001585430418e-09,-18.850079758781078,0.0050536372448253845,-10.31267769330842,-10.602565559255801,0.0022508450168130523,0.0387112251776649,0.0015052687237622209,0.00018606247748912828,9.327384747566747e-05,-0.001926889490292596
20250521,4.019,1.8892091122219275e-05,-10.876767182618975,1.375870713838657e-09,-20.40417905981568,0.005074867326779785,-10.66304982451147,-10.680385373986608,-0.006448435043390877,0.04036593199032468,0.0050087758109294,9.093670340520203e-05,0.0017308109155165137,-0.0009890973512932566
20250522,4.017,1.7841928470241196e-05,-10.9339593385469,3.605742372360564e-10,-21.743323251871164,-0.0050947578869949325,-10.72985415672656,-10.682731341037323,0.0014947685892294782,0.039091271693001195,0.003989035456627432,0.00014399262140773824,0.00039766117614860276,-0.001574409467522988
20250523,3.988,7.004908506495488e-05,-9.566314346437792,7.287535659293084e-10,-21.039685485062357,-0.005439907701269406,-10.54662146910598,-10.640544403632548,-0.00025072082367749715,0.029260451566976764,0.0004977600899187529,0.0009483307025483018,0.00020281179664209166,-0.00907202960495525
20250526,3.967,3.783039062290606e-05,-10.182397793628368,8.831337222544672e-10,-20.847544485958807,-0.00561860805571995,-10.383116188725694,-10.622572432782214,-0.0040251626673142304,0.02346447872688273,0.007245503277553356,0.0004876560105275792,7.85739035879497e-05,-0.004965507485645635
20250527,3.946,1.9870471927780035e-05,-10.826275750913593,9.159865898215e-10,-20.811019391294444,-0.005780957050547115,-10.477142882429126,-10.603403135922722,-0.01434167241001294,0.0173828507799636,0.005279710567398954,0.00011599347978230758,0.00018606247748912828,-0.0012557773974312828
20250528,3.942,9.77808730353953e-06,-11.535366665279513,8.655572737337892e-10,-20.86764756934365,-0.0057933305435446765,-10.608862778961234,-10.662191481145602,-0.01934490673653566,0.015337723983709806,0.0053077339317693095,3.175986130299247e-05,9.093670340520203e-05,-0.00036636164536844006
20250529,3.966,4.0153642673930654e-05,-10.122797395063486,1.1370223680423682e-09,-20.59485294951104,0.005902061506080933,-10.44663039026455,-10.65448000179787,-0.012777325279541119,0.021407545350785595,0.0010141988698952886,0.0003125052723262036,0.00014399262140773824,-0.0031634275566472993
20250530,3.959,3.2848869537541154e-05,-10.323593226486029,5.877764990934283e-10,-21.254674343870203,-0.005927891287982958,-10.598086166274198,-10.628190098675041,-0.007298383975598455,0.019640983377174903,0.0060698213670757895,0.00026395505071192204,0.0009483307025483018,-0.0027249645736263746
20250603,3.957,2.5746347731384245e-05,-10.567217776588558,4.3238258116510863e-10,-21.56171031505191,-0.005911617490945253,-10.675050162866237,-10.603204238725565,-0.0025239791289057845,0.020682468374767504,0.001766561973610692,0.00015452973070540296,0.0004876560105275792,-0.0016329493173215769
20250604,3.974,1.7585139581435584e-05,-10.948456354541506,3.412015569849336e-10,-21.798547737059614,0.0059195189266873505,-10.699486283591819,-10.578298440616424,0.007070736529201538,0.026777068411249383,0.0005053057207062839,7.270856709860876e-05,0.00011599347978230758,-0.0007960465734803705
20250605,3.984,2.2127699560310132e-05,-10.71868036048807,3.48968709099297e-10,-21.776038856486977,0.0059083133139078365,-10.53614902263353,-10.56271002352108,0.010598130991823274,0.030065958936212445,0.004286981726338013,9.292292339276235e-05,3.175986130299247e-05,-0.0009960111140091394
20250606,3.986,1.383659208087598e-05,-11.188193875026968,7.75040265532059e-11,-23.025850929940457,0.005621208824921289,-10.749228318626226,-10.566202898006173,0.005030191692998898,0.021042733592125273,0.002513195592726447,4.797505639115222e-05,0.0003125052723262036,-0.0005367542320695626
20250609,3.995,2.028422263948331e-05,-10.805667183978382,8.073099686859249e-11,-23.025850929940457,0.005511002495953897,-10.845643110124696,-10.625091887595655,0.00905211109424453,0.017167803622365474,0.0005018820682514136,0.0001600712122081839,0.00026395505071192204,-0.0017296762448576126
20250610,3.972,5.446851350288375e-05,-9.817887757139648,3.0299104407485857e-10,-21.91731786836473,-0.005559302471110823,-10.695777106234916,-10.619888136569577,0.0037835837796389438,0.005554167269895549,0.002255357427634941,0.0008512136893312041,0.00015452973070540296,-0.0083571204591945
20250611,4.004,5.6316845364096684e-05,-9.784516860394609,1.0645616736303678e-09,-20.660702696560865,0.005786643703543297,-10.462989207405537,-10.543131554519002,0.007520717323348691,0.014844907155136422,0.0057738330353118705,0.0009643985108175973,7.270856709860876e-05,-0.009436173489234234
20250612,4.006,3.254763589227483e-05,-10.332805821985025,1.0565953558882472e-09,-20.66821402654374,0.00527384003656286,-10.385814299704926,-10.523138849918327,0.005506897521274867,0.004002006341854436,0.00802411527004776,0.0004282116777342335,9.292292339276235e-05,-0.004424628116734263
20250613,3.98,3.0714470063147014e-05,-10.390776676853987,1.4161103071121147e-09,-20.375351944206063,-0.005458253954886921,-10.22633086007033,-10.47659376511425,-0.00150640249425682,-0.003511415697277309,0.000499375790652623,0.00023012332052543122,4.797505639115222e-05,-0.002391160031715845
20250616,3.99,1.0440215275405966e-05,-11.469845355472762,1.4188663427351005e-09,-20.373407634371016,0.004695429398040999,-10.359166494369207,-10.583181893699207,-0.0012523483164659233,-0.013690319608682833,0.0065114179472802736,3.016777335630534e-05,0.0001600712122081839,-0.00034601969511577373
20250617,3.989,1.6554790568036092e-05,-11.008835037722458,1.1965940459589185e-09,-20.543786610783993,-0.004358601060000106,-10.597355950485767,-10.60176813734698,0.004270826740343292,-0.00550001386464638,0.0025094116054258375,5.85911774070839e-05,0.0008512136893312041,-0.0006450206067405177
20250618,3.904,2.5800336678763723e-05,-10.565123016557362,4.3412641752150945e-08,-16.952515153643404,-0.00622172556983061,-10.753477181718319,-10.605524738802282,-0.02529219290212792,-0.02153890437242345,0.00025065797850265525,0.00013362779291284648,0.0009643985108175973,-0.001411794070555275
20250619,3.873,2.703015628642773e-05,-10.518557415730823,4.4220529222367875e-08,-16.934076693647345,-0.006398044916697997,-10.790627500467478,-10.583644430629603,-0.03376383671101135,-0.02800590366689204,0.02153890437242345,0.00013929282637194291,0.0004282116777342335,-0.0014651595917927062
20250620,3.878,8.674885636078253e-06,-11.655078415379258,4.3861555696083755e-08,-16.942227624998747,0.006272066181337752,-11.043487848172532,-10.642686982128822,-0.025962262475886178,-0.03172452318997654,0.00797226801823081,3.171645540601294e-05,0.00023012332052543122,-0.0003696577748149602
20250623,3.891,4.066735069473331e-05,-10.110084981678293,4.3878712797325626e-08,-16.941836536579366,0.00624702294522116,-10.771535773413637,-10.607837791176973,-0.025125036899355635,-0.03236692146464759,0.0012901562878449013,0.0005018947217501765,3.016777335630534e-05,-0.005074198288750065
20250624,3.936,5.4435121413314e-05,-9.818500998206247,4.7375246679747816e-08,-16.865165966597,0.006832217175354027,-10.533468965510398,-10.557135139343305,-0.01337559373326247,-0.020370376187138328,0.00334663718195638,0.0009164100184880512,5.85911774070839e-05,-0.008997772681291136
20250625,4.001,5.255426145387122e-05,-9.853664370611003,1.8725244053109822e-08,-17.79339327408415,0.007604600301217958,-10.391177236321123,-10.570196504078451,0.02454266132425209,0.003254477775506137,0.01149878518759051,0.0007580153298760475,0.00013362779291284648,-0.007469228648376556
20250626,3.986,9.347440958374124e-06,-11.580407946416335,1.795715324152985e-08,-17.835277292118427,-0.0075596219758468815,-10.603547342458228,-10.633742420114269,0.0287588212579879,0.004778080258410089,0.01637935068509111,8.310544880021011e-05,0.00013929282637194291,-0.000962394999676449
20250627,3.963,7.741405182922471e-05,-9.466342245665272,1.8180892366205206e-08,-17.822894664351917,-0.007576968658386386,-10.16580010851543,-10.5719272607848,0.02168175738783784,0.004298906607874242,0.0037561080844950023,0.0008578365453086935,3.171645540601294e-05,-0.008120574328731237
20250630,3.982,1.587281762672396e-05,-11.050902494968055,1.826046719087956e-08,-17.818527376626083,0.00763349096325574,-10.35396361117338,-10.54990616213428,0.023118011639588154,0.010095996911476224,0.005786907582305156,0.00010628274238472224,0.0005018947217501765,-0.0011745202229913741
20250701,3.988,1.513609443799007e-05,-11.098428306377832,1.4764960350684528e-08,-18.03100900711244,0.007535125038152107,-10.609949072807698,-10.594253021739476,0.013124872909584973,0.005531822001987763,0.004782891433706693,5.059133259480961e-05,0.0009164100184880512,-0.0005614842777276103
20250702,3.992,1.6927823330703855e-05,-10.986551938856087,3.6999491657525356e-10,-21.71753184937046,0.007522928430229893,-10.836526586456717,-10.624387508665388,-0.002251971425880628,0.008300890325223964,0.0015056464575873285,6.416528231881201e-05,0.0007580153298760475,-0.0007049552068669922
20250703,4.015,1.5585983229365988e-05,-11.069138558549772,5.480504790360747e-10,-21.324653718193527,0.007605576546558301,-10.734272708883404,-10.647202089663624,0.0072491256081217426,0.014551184995437616,0.0010025063496255093,0.0001525555239927041,8.310544880021011e-05,-0.0016886582329474057
20250704,4.032,0.0001037716643581514,-9.17331760756127,3.874972671174824e-10,-21.671312319760062,0.0076041850142299335,-10.675667781262602,-10.566513964800889,0.01726121656076951,0.014489386639442214,0.005744988949507368,0.0015617746494709954,0.0008578365453086935,-0.014326654891035111
20250707,4.014,1.912999933183442e-05,-10.864252809439744,3.6298808415940583e-10,-21.736651108209628,-0.0076686870087657516,-10.638337844156942,-10.573130894298691,0.00800404473214189,0.007501910651794841,0.004225183370342611,0.00027450410922983764,0.00010628274238472224,-0.002982282039903018
20250708,4.048,3.246612142815707e-05,-10.335313429918841,1.374249841383216e-09,-20.4053578246084,0.007860708224194954,-10.485714868865141,-10.53436360133923,0.014933079885572464,0.01543471019456133,0.0044742803949209264,0.00032868659437996394,5.059133259480961e-05,-0.003397078973129528
20250709,4.045,2.536735386291808e-05,-10.582047491609291,1.374108251005789e-09,-20.40546086094704,-0.007858465582253022,-10.404813979415783,-10.524199069867908,0.013189192061237476,0.01243797129221691,0.008434681611017902,0.00048327080804760295,6.416528231881201e-05,-0.005113994642068132
20250710,4.065,5.4568416878327184e-05,-9.816055288029412,1.2745995340499072e-09,-20.48063379861416,0.007778293855750134,-10.154197325311712,-10.524115775817442,0.012376395601049195,0.023143996816847867,0.0007413814747094793,0.0019453208694619139,0.0001525555239927041,-0.019095377207595594
20250711,4.079,0.0001218916587054801,-9.012377951172859,1.2388050642130266e-09,-20.509118579838965,0.007642818456139622,-10.122009394034029,-10.489018552671,0.011589329566353834,0.018557998882447357,0.004932192489319087,0.0032953576429633922,0.0015617746494709954,-0.029699008562672238
20250714,4.078,9.708056566344735e-06,-11.542554443340553,1.1586522329974227e-09,-20.57600837542583,-0.007646062921647002,-10.25766972081419,-10.544007126368978,0.015818421778116987,0.01781343490863696,0.0034381173356472505,0.0002854205630066518,0.00027450410922983764,-0.003294482387753191
20250715,4.078,7.781321996881292e-05,-9.461199218736802,1.4636264403919104e-10,-22.644933710627853,0.0,-10.082846878577785,-10.501753605545469,0.007383740167099084,0.024324852855917234,0.000245188183157774,0.0012201407250857035,0.00032868659437996394,-0.011543994474929813
20250716,4.069,3.890422524076782e-05,-10.154407695223785,1.5106795643370298e-10,-22.61329133774512,-0.007498712848262777,-9.997318919300682,-10.441960984625062,0.005915718509097889,0.019606038117780722,0.0,0.0005555722458323668,0.00048327080804760295,-0.005641507088332946
20250717,4.102,1.1492708216455473e-05,-11.37379779183559,8.84074169569956e-10,-20.846480154582043,0.007647065384103199,-10.308867420061919,-10.458550200721113,0.009060916650414974,0.02793408672691955,0.0022094031327106745,4.827641988760522e-05,0.0019453208694619139,-0.000549086237915372
20250718,4.132,1.5192355331759686e-05,-11.094718195328154,1.4200248973598272e-09,-20.372591432134957,0.005799149213478008,-10.725335468892977,-10.482622708847058,0.012909690921970807,0.05675988270654608,0.008077390630636172,4.702637862758077e-05,0.0032953576429633922,-0.0005217444186198114
20250721,4.157,1.066915004961596e-05,-11.448154153778868,1.684817309833076e-09,-20.20160870048417,0.005335795324730824,-10.70645541098064,-10.52487710603106,0.019186988118236936,0.07076425973788525,0.007286891607203083,6.306627532720596e-05,0.0002854205630066518,-0.0007219924418505147
20250722,4.201,6.786853801804489e-05,-9.597937988396412,4.142734603981604e-09,-19.301909734801967,0.005536738671729172,-10.733803164912562,-10.431370722986385,0.02971592003498147,0.08000303536678488,0.0060321090131083555,0.0011440473161928282,0.0012201407250857035,-0.010980495196610108
20250723,4.199,5.9118495276264e-05,-9.735966733673541,4.137979153115782e-09,-19.303058295548805,-0.005605825707498722,-10.650114972602513,-10.414365348077078,0.03144913268250327,0.07618020769963962,0.010528931916744533,0.0010558330388398922,0.0005555722458323668,-0.010279555342458634
20250724,4.225,2.113986385348193e-05,-10.764350017775564,3.57700285048373e-09,-19.448740579777557,0.0053514940817177645,-10.528225417790507,-10.45735848533023,0.02954460115894797,0.07085428161912999,0.0004761904851888765,0.00021503526992391534,4.827641988760522e-05,-0.0023147149116278715
20250725,4.203,1.8372482012484183e-05,-10.904656555589494,3.161681839453892e-09,-19.572161723255224,-0.004772470240869164,-10.490213089842776,-10.505130857374708,0.01703700476558767,0.04925422614788166,0.006172859107080875,0.00014702125074313437,4.702637862758077e-05,-0.0016032162457270869
20250728,4.214,3.6082275116958265e-05,-10.229708807192534,2.9062232329482103e-09,-19.656411456803653,0.004580823888289465,-10.24652402052551,-10.443735441955443,0.013618655111496958,0.05562409359139431,0.005220704786157215,0.0007006967660576195,6.306627532720596e-05,-0.007167923878910957
20250729,4.235,3.871014290291262e-05,-10.15940890175372,5.704323215838026e-10,-21.284626583665613,0.0042101070053814724,-10.358818203196972,-10.475238471777645,0.00806073591677281,0.06638201389571985,0.0026137593590176422,0.0019019615242123911,0.0011440473161928282,-0.019322804839876438
20250730,4.232,9.320072576122026e-05,-9.280755049165492,5.704724710375871e-10,-21.284556201887813,-0.004262908847747716,-10.267775866295361,-10.394777224241164,0.007828292853942154,0.06089048891399362,0.004971012722020385,0.005033034560378648,0.0010558330388398922,-0.04671036090885856
20250731,4.155,8.253600009932215e-05,-9.40227599496282,2.30171889686509e-08,-17.587024553678486,-0.00620507640682473,-9.995361061732812,-10.317679391904118,-0.016706832501725444,0.04102257620781957,0.0007086335480195327,0.004879026146992022,0.00021503526992391534,-0.04587395042065902
20250801,4.133,5.1408597219195816e-05,-9.87570513841588,2.3027485127487598e-08,-17.586577328925117,-0.006389978742373984,-9.789570778298089,-10.267186355520472,-0.016795020493384438,0.03471117708037785,0.018362266248586723,0.002319094420681309,0.00014702125074313437,-0.022902692686794002
20250804,4.152,1.9710333865652754e-05,-10.834367498046468,2.3106661625009297e-08,-17.583144878957736,0.0063587016998564675,-9.910502516468876,-10.256514943679413,-0.014822169518409867,0.0335527984648627,0.00530889277781621,0.00029839878825925795,0.0007006967660576195,-0.0032329621329725547
20250805,4.183,1.457546042403498e-05,-11.136171236241424,2.3596860744061466e-08,-17.56215215308213,0.006459779256633361,-10.105854983366417,-10.345735563164874,-0.012354635643956557,0.03676616169099378,0.004586610333992214,5.715572955093314e-05,0.0019019615242123911,-0.0006364959914114956
20250806,4.194,1.1361032384166123e-05,-11.385321269912643,2.3606324409594614e-08,-17.5617511773586,0.006313844709631299,-10.526768227515847,-10.36942049318637,-0.009019762076270199,0.043866682105581534,0.007438546596473694,3.9258746070998766e-05,0.005033034560378648,-0.00044697343667224164
20250807,4.193,4.311095922288706e-05,-10.051733318863882,8.692227063699564e-10,-20.863421744590248,-0.0061614723243131695,-10.656659692296058,-10.356530488138418,0.009104039881213888,0.035193536203460996,0.0026262400196668256,0.0003370088507169135,0.004879026146992022,-0.0033875230935032233
20250808,4.183,1.8719814706453035e-05,-10.885927985123375,7.168526323555649e-10,-21.056150830128114,-0.006201131525548964,-10.858704261637559,-10.370343237843603,0.012025156930465908,0.033547141949606285,0.00023846429110263578,0.00020721129483280428,0.002319094420681309,-0.0022556872332540746
20250811,4.202,2.6780564290796e-05,-10.52783414657164,7.127052028842345e-10,-21.0619532412029,0.006191237417658054,-10.797397591342591,-10.402696822322795,0.011970456559221132,0.033146859423034636,0.00238777572856419,0.001025982445323147,0.00029839878825925795,-0.010801373021656098
20250812,4.228,2.1409874048976975e-05,-10.751658338192833,3.8993970907047073e-10,-21.66502898088245,0.00625879495858846,-10.720495011732876,-10.481755021732793,0.010700375547929797,0.035877207672569744,0.004531909962747438,0.005292880083634767,5.715572955093314e-05,-0.056907238284266526
20250813,4.263,3.317330095854208e-05,-10.313765193570184,1.3042653313258675e-09,-20.457625919197017,0.006397779799999155,-10.506183796464382,-10.42590096492505,0.016318205303345268,0.044366465630809815,0.006168465585182359,0.04108847232426662,3.9258746070998766e-05,-0.42377685571499285
20250814,4.256,8.101965091236886e-05,-9.420818828858986,1.3057234587369045e-09,-20.456508575269496,-0.006431949874955012,-10.380000898463404,-10.424065492657876,0.014913283850717773,0.042723079887079685,0.008244069775082297,0.17565192043228675,0.0003370088507169135,-1.6547849193337274
20250815,4.295,4.5811474103123445e-05,-9.99097597195153,2.683912961862963e-09,-19.735990046878825,0.006536526480171695,-10.201010495829035,-10.416636777963683,0.02642286297615737,0.054054286416665764,0.0016433857437301302,0.2758568703876492,0.00020721129483280428,-2.756079363740751
20250818,4.327,0.0001330687151434137,-8.924644907949235,3.2067410197742566e-09,-19.55801067416593,0.006511168877410823,-9.880372648104554,-10.30531164687794,0.029313858819939087,0.05339980159255875,0.009121803396875405,0.487932776671847,0.001025982445323147,-4.35462677074593
20250819,4.305,5.777173905076225e-05,-9.759010845616357,3.0522012084342576e-09,-19.607402798949483,-0.006605675201571848,-9.681843149589259,-10.244597676436495,0.018048069871702932,0.04101558662230187,0.0074229058065291564,0.5510063338950525,0.005292880083634767,-5.377276788485125
20250820,4.364,0.00015968769623105349,-8.742290548722835,8.994441111118604e-09,-18.526659104757357,0.007018200189576348,-9.367548220619788,-10.121603876206676,0.02341593018775101,0.04859540770032389,0.005097323363053796,0.6400849814984951,0.04108847232426662,-5.595808884133724
20250821,4.378,3.181956527561633e-05,-10.355429197133619,9.014030800424328e-09,-18.524483495729683,0.006774191777186518,-9.554470294274713,-10.156035294785639,0.028262247061328072,0.04126940691342629,0.013611930091130375,0.6532849659030158,0.17565192043228675,-6.76504620996053
20250822,4.479,9.524355777209154e-05,-9.259073181183481,6.175013881079962e-08,-16.600169613492678,0.008081883040505552,-9.408089736121104,-10.134358315127,0.04194825178894446,0.06455340552310695,0.003202931129846931,0.7341792321318895,0.2758568703876492,-6.7978192384142595
20250825,4.565,5.978431655501726e-05,-9.724767196371426,8.73099469242454e-08,-16.253801441023946,0.008762403609634165,-9.568114193805545,-10.08710455051772,0.05354405280418417,0.07739925323779495,0.02280780812449179,0.7783393552703889,0.487932776671847,-7.5691690297783625
20250826,4.541,4.57617892663376e-05,-9.992061110557124,8.732934133573045e-08,-16.25357933279437,-0.008764810921015444,-9.614724246793697,-10.045622939379884,0.05337011423612026,0.07734869609283446,0.01901870682176887,0.8378610874851592,0.5510063338950525,-8.371959188309559
20250827,4.475,0.00022300127056545732,-8.40833308891744,8.965295758968646e-08,-16.2273196470358,-0.009583172391124503,-9.547932754832619,-9.962833134003745,0.025117283755994313,0.060094036344821244,0.00527126193111771,0.9669427201664607,0.6400849814984951,-8.130376469063487
20250828,4.559,0.00013896995933037533,-8.881252768116216,1.1355387370953295e-07,-15.990988454405768,0.010157890367410377,-9.253097469029138,-9.904735127929314,0.04051130213063314,0.07371997312728662,0.01464090038899557,0.9819961201382547,0.6532849659030158,-8.721355760257259
20250829,4.601,7.922905864365904e-05,-9.443167424369596,6.084749168019059e-08,-16.614895239723378,0.010188199546902591,-9.28991631766636,-9.912117508620408,0.026873863948168486,0.08359897661733329,0.01859694950448576,0.9848795589370155,0.7341792321318895,-9.30038256788152
20250901,4.616,4.4236273465279204e-05,-10.025965438808084,3.470293890639986e-08,-17.17644145887106,0.008911415482339103,-9.350155966153691,-9.940467028795194,0.011110015158866338,0.10521610089838673,0.009170369942027135,0.9873422336338037,0.7783393552703889,-9.899059110688093
20250902,4.59,0.00019504567302083644,-8.542276806206221,3.475211789120776e-08,-17.175025320283197,-0.008930003719911931,-9.06019910528351,-9.879856650058391,0.010732771956639464,0.10487648854285836,0.003254858032466723,0.997760693726645,0.8378610874851592,-8.523148032165349
20250903,4.549,0.00015591117047754387,-8.766224132911628,2.685871255000945e-08,-17.432675578868686,-0.009398668584597872,-9.131777314082349,-9.785850133461352,0.016401076861048525,0.09131728272427964,0.0056485051333445835,0.9992952096410589,0.9669427201664607,-8.760045782658434
20250904,4.456,0.0003257685267800776,-8.029323469347656,3.934574108479712e-08,-17.050878099584757,-0.010743150009098127,-8.961391454328638,-9.644629780420727,-0.022851798606321472,0.0632228101649217,0.00897259548458651,0.9996462830866156,0.9819961201382547,-8.026483361833513
20250905,4.554,0.0001549843703566743,-8.772186282537913,8.272571417714108e-08,-16.30773535002833,0.011471515438710845,-8.827195225962301,-9.52585091735824,-0.010267703531783745,0.08235103516181974,0.020655925962884236,0.9972476200978627,0.9848795589370155,-8.748041893316051
20250908,4.555,5.800891847502667e-05,-9.754913792427955,8.270326764754132e-08,-16.308006723635177,0.011464358433325605,-8.772984896686275,-9.51235912070206,-0.013302998493876617,0.08280906252329623,0.02175446501656486,0.9874448178055788,0.9873422336338037,-9.632439072473149
20250909,4.528,8.811489933715502e-05,-9.336868920851646,8.274953184493253e-08,-16.307447480168292,-0.011579766692489769,-8.931903319615358,-9.441947345053345,-0.013599683171571897,0.07925164844082055,0.0002195630703738516,0.9818529146576487,0.997760693726645,-9.167431963714604
20250910,4.538,7.085260154728928e-05,-9.554908873415062,8.145797813874267e-08,-16.323178555329502,0.011581493057927645,-9.089640267716046,-9.397723469000773,-0.0024210422302171075,0.0769257839348414,0.005945189811039864,0.9732365892891551,0.9992952096410589,-9.29918692293116
20250911,4.66,0.00017528087085856412,-8.64912089430417,1.4411337283535516e-07,-15.752665535780785,0.012575981645863552,-9.21359975270735,-9.302153585187654,0.04476394551257168,0.09728638012956359,0.0022060454567682797,0.9653020687126856,0.9996462830866156,-8.349014291817928
20250912,4.621,2.5631292511560664e-05,-10.571696589224217,1.0031677380475808e-07,-16.114932919622394,-0.01283331378184928,-9.57350181404461,-9.313877739535563,0.014605164246581648,0.08063799410505612,0.02652906177990455,0.9153484145922626,0.9972476200978627,-9.676785712496818
20250915,4.629,5.267013963510591e-05,-9.851461873340805,1.0031856371258046e-07,-16.114915077223895,0.012786934321335158,-9.59281143022718,-9.333452423375647,0.01611533133721177,0.08401111000979022,0.00840431624942517,0.913160981024528,0.9874448178055788,-8.995970588785624
20250916,4.62,8.451229423570337e-05,-9.37861354027071,1.000715749942104e-07,-16.117380157043044,-0.012786081875206553,-9.601160354110993,-9.305617767390153,0.020114364192765688,0.07294314965742887,0.0017297301610039728,0.9190147594470987,0.9818529146576487,-8.619084266659188
20250917,4.653,5.802963518113802e-05,-9.754556726510142,1.0058009179702106e-07,-16.112311493526324,0.012781574684438577,-9.641089924730007,-9.343341031870196,0.025025786504861314,0.07263771161976362,0.0019461569554859448,0.9208073772050668,0.9732365892891551,-8.982067795135846
20250918,4.594,0.00028224528801716327,-8.172734049432886,6.819394430237676e-09,-18.803495162253675,-0.013121304299447136,-9.545812555755752,-9.271237541134584,-0.01426434387064801,0.06497396638721264,0.007117467768863905,0.9281592324602704,0.9653020687126856,-7.585598562423546
20250919,4.604,4.620131248318188e-05,-9.98250235155322,5.82607424119978e-09,-18.960922435407667,0.012903666224674468,-9.427973708221552,-9.3276108048996,-0.003685641028493336,0.053536422888811774,0.012761068595604774,0.8842940127788569,0.9153484145922626,-8.827467062029372
20250922,4.619,3.183033726487465e-05,-10.355090720908795,5.8466725085003305e-09,-18.957393139497608,0.012903812030917042,-9.52869947773515,-9.327595419616655,-0.0021626306006652385,0.053586232347796914,0.0021743865927295047,0.8660823133832334,0.913160981024528,-8.968360926857942
20250923,4.622,0.00022581400211103738,-8.395798897050696,5.8438389799207135e-09,-18.957877896496978,0.01207620179956788,-9.332136549091148,-9.2883556794288,0.0004328067585415152,0.03142770462702593,0.0032527405888320704,0.8750745148268577,0.9190147594470987,-7.346949646420505
20250924,4.663,2.9357224878696702e-05,-10.43597187916566,6.547244881271543e-09,-18.84422150460187,0.011553602183922224,-9.468419579622253,-9.320683165010356,0.0021468449636725673,0.021240503779252018,0.0006492804037208089,0.8371200408187859,0.9208073772050668,-8.736161205470859
20250925,4.695,6.660758174020493e-05,-9.616692146954188,1.6811012205641535e-09,-20.20381676983891,0.011530779219927208,-9.757211199126512,-9.303620939392042,0.021747008393319556,0.03335086054441194,0.008831505973994958,0.8390648990965289,0.9281592324602704,-8.069028825926498
20250926,4.651,4.2936738470278346e-05,-10.055782723911252,3.2486951910404257e-09,-19.54501240089918,-0.011232088448585833,-9.771867273598119,-9.378505013709942,0.010156759382323743,0.038575898515141205,0.006839094834042214,0.8431285441382225,0.8842940127788569,-8.478317448181583
20250929,4.728,0.00018719438699180382,-8.583362978388454,1.7765012942298876e-08,-17.846034878945744,0.011085266304990776,-9.417521725094051,-9.364964568722316,0.023324048655328777,0.03639897887249255,0.009415862418266308,0.8679056571787124,0.8660823133832334,-7.449549286561661
20250930,4.741,1.922793156980954e-05,-10.859146566821275,1.7776346025753343e-08,-17.84539713834338,0.010961778188575194,-9.910191259048165,-9.429327257015574,0.025420572067792246,0.029974412746649692,0.016420029861837104,0.8576428422476398,0.8750745148268577,-9.313269325952298
20251009,4.816,9.612529286063473e-05,-9.249858083478507,2.869760872069682e-08,-17.366452037488475,0.011377076309894594,-9.672968499910736,-9.39404964995514,0.03228469018033597,0.042415178800721653,0.002745803816184278,0.9076455721325898,0.8371200408187859,-8.39559273232411
20251010,4.719,0.00010051707531671489,-9.20518294124823,6.253794997089034e-08,-16.58749226494086,-0.012241881977517917,-9.590666658769544,-9.424181747002503,0.005098800084024413,0.02771688867179689,0.015695624086538684,0.9348156076484623,0.8390648990965289,-8.605148684738223
20251013,4.692,0.00011153389474978905,-9.101182024471985,6.118268899377882e-08,-16.609401547019225,-0.012132067383499675,-9.39974651888169,-9.439407105709792,0.008776680549269278,0.030951502203361958,0.020346795262269346,0.9476061224172153,0.8431285441382225,-8.62433580762316
20251014,4.645,0.0002161251484350606,-8.439652927159155,4.8698579592407875e-08,-16.837615973763548,-0.011403273058271556,-9.371004508635831,-9.458058444701225,-0.017710907837995338,0.04153986964081868,0.005737981953021443,0.9499212133756895,0.8679056571787124,-8.017005349036713
20251015,4.706,0.00011806788853103563,-9.04425077240127,5.4482321610751284e-08,-16.72538956201253,0.010816937824559806,-9.00802534975183,-9.470425012422286,-0.007409793614810534,0.032832322663622904,0.010067558525427511,0.9188516247103087,0.8576428422476398,-8.310324516508372
20251016,4.721,5.7695975258083664e-05,-9.760323139775897,4.236491206360244e-08,-16.976945362983198,0.010818779894920368,-9.110118361011306,-9.470670891847192,-0.019923066442370185,0.035795110852228085,0.013046918039369082,0.8360870405759737,0.9076455721325898,-8.160479689000425
20251017,4.624,0.00014114360279015382,-8.865732726359482,4.523901430504479e-08,-16.911305974064838,-0.011734874823989756,-9.042228318033557,-9.449255610279367,-0.020336781374174384,0.020979790469194404,0.0031823512589790326,0.7778785218940254,0.9348156076484623,-6.896463068688002
20251020,4.64,6.523637823525861e-05,-9.637493296233462,4.505068387293854e-08,-16.915477672697882,0.011744232020587091,-9.149490572385854,-9.453009447680204,-0.011144564553065228,0.022227979880513837,0.020760510194073545,0.5630149029120731,0.9476061224172153,-5.426052352494638
20251021,4.71,6.33501531967388e-05,-9.666833232940558,5.3049838504357136e-08,-16.75203401610675,0.010766269021533815,-9.394926633542134,-9.499269099436402,0.013896535762524698,0.010672459890771702,0.0034542348680877133,0.37020937774689194,0.9499212133756895,-3.5787523159498997
20251022,4.695,3.596298350430855e-05,-10.233020384496873,4.727543314772641e-08,-16.867275060143992,-0.010617619157673135,-9.632680555961254,-9.48387472649425,-0.002340177644944541,0.015886980772096715,0.014973541790162415,0.20580342607882665,0.9188516247103087,-2.1059906542639286
20251023,4.713,0.0001235061796017962,-8.999219365886557,4.72978002785715e-08,-16.866802048268394,0.010636488800558197,-9.480459801183386,-9.445136430700874,-0.0016959936225560135,0.017983785892460302,0.0031897953681001567,0.15666104002544537,0.8360870405759737,-1.409827065276917
20251024,4.77,1.4670767780381248e-05,-11.129653630411267,1.4323029724258386e-08,-18.061397124869234,0.010877809380451247,-9.933243981993744,-9.5247291620709,0.03108617353017351,0.03195159980660223,0.00382653528136756,0.011394053283392283,0.7778785218940254,-0.12681186649060636
20251027,4.826,2.1041524775476018e-05,-10.76901270240331,1.8006153746228498e-08,-17.832552262685645,0.011032979873806107,-10.159547863227711,-9.570840797338773,0.03930360096467589,0.03650579434032841,0.01202165695865598,0.0026856276859986024,0.5630149029120731,-0.02892155866444496
20251028,4.802,6.954711461567129e-05,-9.573506126930301,8.075955387260034e-09,-18.634374660624495,-0.010667521802055633,-10.140882442025662,-9.634512255406836,0.019344589770734943,0.044281393532154656,0.011671662302590091,0.002455050201655251,0.37020937774689194,-0.023503438147468015
20251029,4.862,1.7653792202174244e-05,-10.944559942015871,1.2810240187247582e-08,-18.173020971233253,0.010895994757663107,-10.283190353529461,-9.678242145882411,0.034951763233705524,0.054524385034295575,0.004985469403778531,0.0009739422101473255,0.20580342607882665,-0.010659368899016823
20251030,4.823,5.145880164459641e-05,-9.874729038505874,1.360879290040454e-08,-18.112549716324825,-0.01112203267189117,-10.458292288053325,-9.656407523955005,0.02307149314524115,0.04321790963836669,0.012417378094870424,0.0031606436514836403,0.15666104002544537,-0.031210499645674742
20251031,4.756,4.2939921476645696e-05,-10.05570859419147,1.7091009776846107e-08,-17.884713255733743,-0.01163070593139454,-10.243503280809367,-9.731857964734132,-0.002939326071714321,0.02857946697634639,0.008053734807096813,0.0061466878406991445,0.011394053283392283,-0.0618093017455306
20251103,4.763,8.362729278772044e-05,-9.389140622400308,1.3380348265329682e-08,-18.12947875378614,0.01150893813248632,-9.967528864808765,-9.684274725790253,-0.013140245384116511,0.021218703992539334,0.013989162258299492,0.013275188108855664,0.0026856276859986024,-0.12464260794286225
20251104,4.729,8.343217428595161e-05,-9.391476540189451,1.3783590626162028e-08,-18.09978703736654,-0.011555696202995498,-9.931122947460596,-9.67403765275549,-0.015318734137322432,0.0072156510015126685,0.001470742990187901,0.016574211500109768,0.002455050201655251,-0.1556563184754191
20251105,4.735,0.00012316037051491568,-9.002023226509483,9.029117496811148e-09,-18.52281120443615,0.011349363428071371,-9.542615604359318,-9.626139493782684,-0.026468149255890028,0.017899476396081804,0.007163958156984451,0.016466766882934847,0.0009739422101473255,-0.14823421794569666
20251106,4.805,4.314552382877958e-05,-10.050931880954064,1.7464092429521222e-08,-17.863118925138266,0.011240694024258879,-9.577856172848955,-9.69284717117203,-0.0037390986645791102,0.016154762318458804,0.0012679629763028277,0.006877860807879324,0.0031606436514836403,-0.06912891046667877
20251107,4.795,3.1008264925119106e-05,-10.381256778525675,9.808423436242151e-09,-18.440024286147537,-0.011246693068571234,-9.642965809715797,-9.671124908067684,0.008166729506866144,0.011325624415420288,0.014675315784214105,0.002685740039344657,0.0061466878406991445,-0.027881356988804534
20251110,4.807,4.8597550291746194e-05,-9.931937433847853,9.815293658176367e-09,-18.43932409034041,0.010738928735252323,-9.751525172005305,-9.702128514902654,0.009195467093100484,-0.0018705190946961547,0.0020833340868542383,0.0022396551904331173,0.013275188108855664,-0.02224411522477432
20251111,4.763,5.398792878652191e-05,-9.826750077379346,1.0718462265173257e-08,-18.351298137005976,-0.009972879458453335,-9.838579879443284,-9.730381566544978,0.007163958156984451,0.009280809074472707,0.0024994805764222416,0.0020998018144649934,0.016574211500109768,-0.020634227642775164
20251112,4.765,5.768401303916327e-05,-9.760530493219761,1.0717951518403637e-08,-18.351345789264872,0.009877723048945774,-9.99028133278534,-9.76035195148806,0.006315810468123795,0.01543860631493632,0.009195467093100484,0.0017644215528615642,0.016466766882934847,-0.01722169036959946
20251113,4.812,3.5682378314046155e-05,-10.240853595690126,3.297798078008439e-09,-19.530010840272077,0.009754281509041373,-10.028265675732552,-9.842224709148557,0.001455755690176641,0.03532142584663078,0.0004198152874421712,0.0009145316938699285,0.006877860807879324,-0.00936558518554044
20251114,4.741,3.8507905666250344e-05,-10.164646995769786,1.3058670751942496e-08,-18.153813498374358,-0.010007181635035754,-9.984943719181375,-9.893151810210762,-0.011325624415420288,0.007409793614810534,0.009815261006266951,0.0008049315902845878,0.002685740039344657,-0.00818184547098643
20251117,4.71,4.705435786573664e-05,-9.964207074208508,1.3421282613533544e-08,-18.126424135190902,-0.010090481734144187,-9.991397647253503,-9.902419261775881,-0.020385280883497447,-0.002332733535823417,0.014864714192451167,0.0010252515823490115,0.0022396551904331173,-0.010215819069685488
20251118,4.683,5.87678054091863e-05,-9.74191638006202,1.2209788746393591e-08,-18.22102785066114,-0.009084698432724586,-9.97443090779004,-9.942245791489633,-0.016938791617318705,0.012678798831328386,0.006560175891654918,0.0011494827607118657,0.0020998018144649934,-0.011198164935177838
20251119,4.697,2.81177478150157e-05,-10.479109586156236,1.2225662590961214e-08,-18.219728603384596,0.00907816941421095,-10.118146726377336,-9.980501077395214,-0.014373530061307482,0.012209640806694066,0.005748977826921742,0.0005461766929887512,0.0017644215528615642,-0.005723445419233535
20251120,4.676,3.066239784656615e-05,-10.392473479928105,1.0450042088113662e-08,-18.376659830973015,-0.008538257790706872,-10.14847070322493,-10.013484724985558,-0.028669754502610445,-0.00724486441850436,0.0029850768434533936,0.0008227127656480901,0.0009145316938699285,-0.008550020598596083
20251121,4.564,7.977042670049439e-05,-9.4363577149206,6.977604999394318e-08,-16.477975009354296,-0.009939104591651841,-10.002812847055093,-9.977272785459363,-0.038048651920151944,-0.02829868066039687,0.004480963435036012,0.00244255633375726,0.0008049315902845878,-0.023048835304178495
20251124,4.557,5.6089836088762424e-05,-9.788555936738147,6.940674225010073e-08,-16.483281823574643,-0.009873282586301761,-9.967682619561023,-10.01315172049807,-0.033023395746580864,-0.03366013565984827,0.024243611609992666,0.0021812395227101466,0.0010252515823490115,-0.021351185079472288
20251125,4.597,4.0425065849124676e-05,-10.116060523581597,7.035496697121866e-08,-16.469712452165208,0.009681694613612998,-10.042511448264937,-9.967079306551268,-0.01853501337731367,-0.036942388076158794,0.001534919718083838,0.001590118248240836,0.0011494827607118657,-0.016085732438855842
20251126,4.626,5.107189950212594e-05,-9.88227612390739,7.065188123580405e-08,-16.465501100628924,0.009391899650343838,-9.923144755815168,-9.926773098437817,-0.015231443235610431,-0.042325403393592254,0.008739404542345452,0.0017741754274653106,0.0005461766929887512,-0.017532891466463627
20251127,4.622,7.17590322067357e-05,-9.542196826832887,7.057135971513676e-08,-16.46664144451072,-0.009368995075677252,-9.753089425196125,-9.92534994843339,-0.011615531757632969,-0.03820498594687227,0.006288646985156632,0.0018925051234933916,0.0008227127656480901,-0.018058656384163624
20251128,4.635,3.2056855709068294e-05,-10.34799949079317,1.4931579196743802e-09,-20.322372550590885,0.008889446633972363,-9.935417780370638,-9.898233564286903,0.015436767017989128,-0.047813676876113265,0.0008650519570585491,0.0006359536315775135,0.00244255633375726,-0.006580847855732176
20251201,4.687,2.5380802093902298e-05,-10.581517492792763,4.590501250286392e-09,-19.19927661398095,0.009221609428109592,-10.094010091581563,-9.930360312209034,0.02812820665882354,-0.028603422146265878,0.002808687165629431,0.00026745522564771367,0.0021812395227101466,-0.002830082148730118
20251202,4.666,2.103624985771892e-05,-10.769263424682743,3.5051315907503613e-09,-19.46903777344125,-0.008812508174452078,-10.22465067180179,-9.962794622685909,0.014898256775147445,-0.01910480522929703,0.011156519922750574,0.00035701179098394795,0.001590118248240836,-0.003844754022823911
20251203,4.645,4.816488853079258e-05,-9.940880256077046,3.2751400259449702e-09,-19.53690521275948,-0.008829160260819788,-10.236371498235721,-9.987873696943943,0.004098808456554082,-0.02508634955292166,0.004490545341330643,0.002001906031826576,0.0017741754274653106,-0.019900708146306356
20251204,4.657,4.132065146902935e-05,-10.094148147403695,3.2838908234917306e-09,-19.534236890887012,0.008756701852413023,-10.346761762349884,-10.019813315453682,0.007543952148051147,-0.015342299661498693,0.004510801333436731,0.004364094921838868,0.0018925051234933916,-0.044051820670373686
20251205,4.698,7.148216392082368e-05,-9.546062595036364,4.45209494534828e-09,-19.229891077312118,0.008979880420899628,-10.186374383198523,-10.044542377659448,0.01350068721890274,-0.007844840401320496,0.0025800917344385166,0.010293867291136308,0.0006359536315775135,-0.09826590150618461
20251208,4.732,3.758578810202317e-05,-10.188884555029384,1.894428687193984e-09,-20.08434852819791,0.008513803980214084,-10.107847795645847,-10.050812953753782,0.009555227175571446,-0.015309096306115322,0.008765422236481024,0.014598330379481791,0.00026745522564771367,-0.14874070293271827
20251209,4.708,3.9249594278190734e-05,-10.145569450650665,1.9467968912989163e-09,-20.05708043479664,-0.008561013028192517,-9.98310900083943,-10.040099893395826,0.008961015798792049,-0.018310518937371123,0.007211059879419279,0.029578922543596398,0.00035701179098394795,-0.3000950129414739
20251210,4.702,5.921959456551519e-05,-9.734258081556831,1.864523062699299e-09,-20.10026054701138,-0.008528824033031977,-9.941784565935388,-10.03111446829169,0.012196577852076063,-0.022085238793946083,0.0050847567181100395,0.07182537880053663,0.002001906031826576,-0.6991667740500044
20251211,4.668,5.364172999245167e-05,-9.833183248160891,2.410432747504345e-09,-19.843459542283593,-0.00844982164684088,-9.889591586086826,-10.031406885145396,0.002359250424069481,-0.020147007394413663,0.001275239280152718,0.1271180520535495,0.004364094921838868,-1.2499750999918071
20251212,4.694,6.220845243195641e-05,-9.685019676262502,1.4201411786539694e-09,-20.372509548687937,0.008558676946426758,-9.917383002332055,-10.027974575283702,-0.0008517888078893865,-0.015012439677333678,0.007257235693568065,0.2146597826895667,0.010293867291136308,-2.0789842190506866
20251215,4.667,0.0006111148413615637,-7.4002256600523655,1.1008270214576417e-09,-20.627204101941693,-0.008289121820243377,-9.359651223336652,-9.898855123663806,-0.013831479148461945,-0.030596331144753908,0.0055543830045221565,0.32046217330489146,0.014598330379481791,-2.371492397967006
20251216,4.62,7.272029661956454e-05,-9.528890029176464,3.0663364923700295e-09,-19.60278231288739,-0.007977828230920383,-9.236315339041811,-9.869957079727744,-0.018868484304382926,-0.02585337882633376,0.005768630461153279,0.25835241303852324,0.029578922543596398,-2.461811732616464
20251217,4.699,0.00011124964537091919,-9.103733824600136,1.959389919022911e-08,-17.748047584967832,0.008759023703328305,-9.110210487650471,-9.830844659291001,-0.0006382299971989802,-0.0023381879076476153,0.010121761874031021,0.18950008587765133,0.07182537880053663,-1.7251583415690048
20251218,4.668,1.799525437061625e-05,-10.92540248090572,1.9423011599972314e-08,-17.75680730886793,-0.008787630834135385,-9.328654334199438,-9.884639482056622,0.0,-0.003208215777094958,0.01695501502703123,0.02355956318828573,0.1271180520535495,-0.257397710106352
20251219,4.688,5.124698842596434e-05,-9.878853704092544,1.9299473467849147e-08,-17.76318802286631,0.008813788007890318,-9.367421139765446,-9.857355123781,-0.0012790451541204728,-0.0019179547701466682,0.006619005696369085,0.00927046965128566,0.2146597826895667,-0.09158161345328086
20251222,4.73,1.0839205657871212e-05,-11.432340843431964,2.03436804084863e-08,-17.710495518324432,0.008957536673273444,-10.173844176441365,-9.904621822122085,0.013408735536163174,0.011482158894019712,0.004275337850401684,0.0004263812938658358,0.32046217330489146,-0.004874536280737762
20251223,4.74,2.9978348112310364e-05,-10.415035166463957,1.8248456096098295e-08,-17.819185357970543,0.007046140825942604,-10.351073203898865,-9.949107160828602,0.025642430613337597,0.03783770370715578,0.008919150229130368,0.00026109991390339517,0.25835241303852324,-0.0027193647852645723
20251224,4.757,2.881957777103787e-05,-10.454455618054075,1.7532194924130284e-09,-20.161812029254378,0.00701796111565033,-10.621217562589653,-9.979375328161144,0.012267497329465638,0.042952705168398886,0.0021119332031434013,0.0002003638706689862,0.18950008587765133,-0.0020946951933704426
20251225,4.766,1.965853796753344e-05,-10.836998811853183,1.3718874558632687e-09,-20.407078340261478,0.006852512076285756,-10.603536828779145,-10.012145250355307,0.020776664252240673,0.036103461852459384,0.003580081743159269,0.00013962277213288083,0.02355956318828573,-0.0015130918157116773
20251226,4.784,4.085539243128225e-05,-10.105471739708499,1.3454524317676209e-09,-20.42653549995947,0.006791934085951469,-10.648860435902336,-10.022290505618994,0.020270964373619194,0.03358445283908296,0.0018901612264059509,0.000501910046800716,0.00927046965128566,-0.005072037793820406
20251229,4.763,3.956899479227878e-05,-10.137464706167881,1.546863250554224e-10,-22.589621758795694,-0.006892252256925338,-10.389885208449519,-10.049348136497857,0.006952519314881611,0.03005020996653429,0.003769637971780204,0.0007643959923708936,0.0004263812938658358,-0.0077490373941961075
20251230,4.773,3.82852303745129e-05,-10.170446366060288,1.5457731227759866e-10,-22.59032674165937,0.006886827743688966,-10.340967448368785,-10.04127753991909,0.00693790231677438,0.02933883900594103,0.004399294829607214,0.0012847100688114946,0.00026109991390339517,-0.013066074850784927
20251231,4.753,3.8835979459162976e-05,-10.156163435368788,1.8389935303739884e-10,-22.416632502337517,-0.006616711525163986,-10.281309011831727,-10.021943264581637,-0.0008412198182718988,0.013983278691303447,0.0020973162050361704,0.002801833413383227,0.0002003638706689862,-0.02845587806499725
20260105,4.844,3.772831479535722e-05,-10.185099689831643,2.605308626335725e-08,-17.46312960116355,0.007572111557830084,-10.150929187427419,-9.995390367542951,0.01623344701429552,0.03743865209160746,0.00419904039188701,0.00707784554083369,0.00013962277213288083,-0.07208856242262149
20260106,4.919,3.1578727468648026e-05,-10.363026845431627,3.7158110447208974e-08,-17.108083773399958,0.007970754516275078,-10.202440208572046,-10.014578848877248,0.02782824116487226,0.05731388554740113,0.01896482805897337,0.019925785163729642,0.000501910046800716,-0.2064914465680335
20260107,4.901,4.8349467696752455e-05,-9.937055345499877,3.7119320584316235e-08,-17.109128232420158,-0.008082152766594124,-10.162358336438444,-10.00743826697253,0.028561544108687054,0.0510678019271702,0.015364432122356941,0.07335612181375714,0.0007643959923708936,-0.7289438423945355
20260108,4.863,4.47121959358336e-05,-10.01526425383092,3.784959616029235e-08,-17.089645526596957,-0.00822273279081798,-10.13132191399257,-10.028765615099555,0.018680493397889464,0.034518645184927754,0.003665991885792419,0.17496225391741976,0.0012847100688114946,-1.7522932074288229
20260109,4.885,6.051850349185401e-05,-9.712561396847304,3.787043887540336e-08,-17.089095006100564,0.00815442683730003,-10.042601506288275,-10.007114562454914,0.02739328786287354,0.03182133937860554,0.007783734505761419,0.39867850682522465,0.002801833413383227,-3.8721894751434016
20260112,4.913,9.006543002574735e-05,-9.314974151484625,1.221212008584209e-08,-18.220836928692542,0.008067142589442357,-9.86857639861887,-9.96936023067464,0.014143927495665398,0.04262156378848081,0.004513754073097065,0.6837376524810304,0.00707784554083369,-6.368998559257575
20260113,4.896,0.0001527531250927668,-8.786687501249398,1.0955802249661416e-09,-20.631981728204032,-0.008122027852203546,-9.553308529782424,-9.926288840660666,-0.004686712603177767,0.0404305950921473,0.00571546769176523,0.860920767282065,0.019925785163729642,-7.564641745443362
20260114,4.866,0.000228821965158784,-8.382566301498375,1.3448767709001531e-09,-20.426963448238578,-0.00806604954271571,-9.242410720982125,-9.860351706721461,-0.007167021566079512,0.041541529937021204,0.003466207976486224,0.9023310193531308,0.07335612181375714,-7.563849595626232
20260115,4.875,4.382229575921846e-05,-10.035367834497949,6.130633012881853e-10,-21.21255292057959,0.008024429667402752,-9.246431437115529,-9.876276623004891,0.0024645730281616096,0.03783500702097875,0.006146300848694164,0.8969254081487896,0.17496225391741976,-9.000976390880307
20260116,4.859,0.00010354773125041313,-9.175477880064168,5.53403160911032e-10,-21.314934336790387,-0.0079310635717443,-9.139014733758902,-9.956969905732699,-0.005336630070980064,0.04031618845608742,0.0018478600884797025,0.9053679677790747,0.39867850682522465,-8.307183761675548
20260119,4.738,5.778186688127889e-05,-9.758835553284095,8.122005555025077e-08,-16.326103630740565,-0.009510348472722217,-9.227787014118798,-9.96742197501032,-0.03626964744991734,0.025220400642946394,0.0032874490260446088,0.9037493794035157,0.6837376524810304,-8.819541574981466
20260120,4.724,8.700918342344262e-05,-9.349496888289101,8.120652212760066e-08,-16.32627027123592,-0.008859479927204771,-9.340348891526737,-9.978593023359817,-0.03576264687490904,0.0053061782144372405,0.025217549687172047,0.907939456380823,0.860920767282065,-8.488777122187402
20260121,4.73,5.977187731022639e-05,-9.724975286716786,8.092162071835157e-08,-16.329784796197515,0.008727254470559954,-9.60883068857042,-9.924028150896683,-0.028347041857489153,0.013194488079532052,0.0029592074014779257,0.9071250939279893,0.9023310193531308,-8.82176912041034
20260122,4.727,6.918743261189403e-05,-9.57869132148839,8.091932124330991e-08,-16.32981321267871,-0.008691489965183897,-9.517495385968509,-9.91038440623286,-0.030829352638711116,0.008284699536388107,0.0012693041687257267,0.9111665636126013,0.8969254081487896,-8.727783255306424
20260123,4.704,5.444520592652826e-05,-9.818315757888008,8.100915831087663e-08,-16.328703623099024,-0.00854221993143347,-9.646062961533277,-9.837019629617224,-0.03241944482744019,-0.005511991907515945,0.0006344506927422611,0.9162333572547636,0.9053679677790747,-8.99586840943708
20260126,4.712,9.74766918749187e-05,-9.23589726623246,1.307523684270003e-10,-22.757715898983136,0.00853723650048123,-9.54147530412295,-9.783422452333975,-0.005502659387308428,-0.005924689357699631,0.004877541214773684,0.9294931500763892,0.9037493794035157,-8.58470324377232
20260127,4.71,8.937001545950592e-05,-9.322725329587819,1.1542217609573906e-10,-22.882424613108856,-0.008493835078757611,-9.536120992382692,-9.7319801664946,-0.002967990306789625,-0.009929309421818022,0.0016992357529597157,0.9341890246699585,0.907939456380823,-8.70918768291356
20260128,4.725,3.4086021487964516e-05,-10.286623184757024,1.3534622532525214e-10,-22.72318498850794,0.008515184760219787,-9.64845057199074,-9.706963092535682,-0.0010576415581355914,-0.008639817730844213,0.00042453832095912247,0.9341300687661549,0.9071250939279893,-9.609044022948602
20260129,4.768,9.19035040664014e-05,-9.294771400206555,1.4824818196200996e-09,-20.32954824845726,0.008710750541226765,-9.591666587734373,-9.670113077103776,0.008636177951949264,-0.003350086885281822,0.0031796529173797605,0.9560022839829816,0.9111665636126013,-8.885822687697162
20260130,4.711,0.000293782000640624,-8.132672560088196,5.553560376832428e-09,-19.00882660552805,-0.00903364533927613,-9.254537948174411,-9.57898616137288,0.001486989121578297,-0.01097752210081926,0.009059368817342595,0.9688394950113497,0.9162333572547636,-7.879254376208508
20260202,4.6,0.00026326126123237686,-8.242363630154296,7.019748057905237e-08,-16.471953415745965,-0.010284981380411075,-9.055831220958778,-9.491346037013518,-0.024056142854236295,-0.036918734528710306,0.012026730045144651,0.9532801853737097,0.9294931500763892,-7.857281929271011
20260203,4.664,0.00015065105751262806,-8.800544272746965,7.748706783682685e-08,-16.37315478113248,0.010780035075785562,-8.951395009590607,-9.429726984167072,-0.009814458980135221,-0.018902548583681344,0.023843896222854877,0.7686347842844613,0.9341890246699585,-6.7644044486687145
20260212,4.727,8.014067871023939e-06,-11.734312076729042,8.394835372004208e-08,-16.293064063858836,0.010350568844149319,-9.240932787985011,-9.500145729026043,0.0004231908653933303,-0.024450073879746403,0.013817145553141952,0.01708072350733195,0.9341300687661549,-0.20043054013135495
20260213,4.671,1.7765677441576987e-05,-10.938242195721191,8.663560363965972e-08,-16.261554978389018,-0.009907451958059636,-9.569626947087936,-9.526291881311934,-0.020553748243077763,-0.05173207629323184,0.013417302762908312,0.0017650784899220168,0.9560022839829816,-0.019306856017224844
20260224,4.716,2.015936666501005e-05,-10.81184153068067,8.414140373471771e-08,-16.290767075601146,0.01022169242658133,-10.105460741206432,-9.566054889729243,0.001060782957220452,-0.03847828325228586,0.011917570291128499,0.000564307118253203,0.9688394950113497,-0.006101199137188709
20260225,4.75,6.652050685605583e-05,-9.61800028406461,2.0028423416500617e-08,-17.726113401474873,0.010298715665120783,-10.380588071988495,-9.547997436558047,0.03208831455150074,-0.02351091337509903,0.009587801155153564,0.0013504798562965908,0.9532801853737097,-0.012988915641484145
20260226,4.735,3.497729939249493e-05,-10.260811295685418,1.2758845193216848e-08,-18.177041065224323,-0.01023038876169337,-10.672641476576187,-9.572917886505234,0.01510827758985056,-0.031187558856704323,0.007183635371425412,0.001037727443621186,0.7686347842844613,-0.010647925475351018
20260227,4.725,2.258805380517566e-05,-10.698089384131745,6.281111748310371e-09,-18.885718842148535,-0.010105858095887762,-10.465396938056726,-9.635786760716465,-0.0004231908653933303,-0.03901719224080513,0.0031628914085082283,0.0015943633476050996,0.01708072350733195,-0.017056641603462867
20260302,4.739,7.221383396864215e-05,-9.53587892420574,2.2620175576495166e-09,-19.90700869728017,0.01014735928106757,-10.184924283753636,-9.669840916305391,0.014452961465480252,-0.032592402224573824,0.002114165692335579,0.00809930324688403,0.0017650784899220168,-0.07723397513271253
20260303,4.678,9.77174988304811e-05,-9.233429907169581,6.2062858816808326e-09,-18.897703206612068,-0.0103971871564532,-9.869241959051418,-9.70851653474499,-0.008090314513137242,-0.03940157619934359,0.0029585820397450835,0.012841338884172823,0.000564307118253203,-0.118569602501221
20260304,4.61,7.678523609655003e-05,-9.474498174616974,1.4868172736276864e-08,-18.02404296658879,-0.01071202903681187,-9.840541537161892,-9.683022459295856,-0.02991676103799268,-0.05589224744125332,0.01295547482346393,0.012593455975480127,0.0013504798562965908,-0.11931667565180569
20260305,4.654,3.416865638691116e-05,-10.28420181403508,1.6476626452056874e-08,-17.921323038999205,0.011012255545817567,-9.845219640831823,-9.73341900174908,-0.01725466175794166,-0.04310559054366592,0.014642811153430024,0.010071778829487846,0.001037727443621186,-0.10358020610877904
20260306,4.667,6.468671802941559e-05,-9.645954663011807,1.6484738872266983e-08,-17.920830800871684,0.009740973037565423,-9.634792696607837,-9.728288052191248,-0.012351093978027583,-0.015098638768915373,0.009499207871542792,0.013100938288100617,0.0015943633476050996,-0.12637105676993407
20260309,4.629,0.00014318139086780867,-8.851398263922668,1.7362946053366408e-08,-17.86892743857729,-0.009861672747919149,-9.497896564551223,-9.705647205629138,-0.023485280936317743,-0.020315036285982524,0.0027894020875784964,0.01569890787338495,0.00809930324688403,-0.13895728589596146
20260310,4.683,2.3065406987796712e-05,-10.677176595855594,1.534746936346966e-08,-17.99231523881917,0.010210719316644539,-9.786645902288425,-9.748929083317266,0.0010682620394173448,-0.009986272302437094,0.008175604918545076,0.007909817536832285,0.012841338884172823,-0.08445451868175381
20260311,4.711,2.004400886966754e-05,-10.817580258357038,6.405547102849897e-09,-18.866101487158215,0.010301593080318104,-10.055262319036439,-9.805242216811294,0.021672342709346815,-0.003390552093195387,0.011598068152271157,0.010005503534743807,0.012593455975480127,-0.10823533751236618
20260312,4.694,4.309279023865787e-05,-10.052154854692931,4.811237422744231e-09,-19.15231152546875,-0.010277516971088606,-10.008852927168007,-9.815871266666063,0.008558032548731775,-0.00212811316749395,0.005961269516499446,0.04032667883504165,0.010071778829487846,-0.4053700204253066
20260313,4.677,4.759676431205559e-05,-9.952745775674904,4.833787390625915e-09,-19.14763553771223,-0.010295931397119868,-10.070211149700626,-9.848455289822539,0.0021404117760706054,-0.00745556760553634,0.0036151022890722473,0.11121071416474762,0.013100938288100617,-1.1068519656129812
20260316,4.68,6.672960351975197e-05,-9.61486187262565,3.940290293944371e-09,-19.352011437684624,0.010298016315014263,-10.222903871441224,-9.861734223596985,0.01095724788042185,-0.006389798098771049,0.0036282186850826736,0.2503134818454982,0.01569890787338495,-2.406729552800453
20260317,4.646,0.00013988436036589807,-8.87469447406522,8.867398502969779e-10,-20.843469468298057,-0.010371712766853237,-9.862407447083148,-9.797555645838267,-0.007932295853187332,-0.016860926597488834,0.0006412311858061681,0.3983718803674269,0.007909817536832285,-3.5354287253197745
20260318,4.662,6.585358562584635e-05,-9.628076679839848,6.621066494031354e-10,-21.13559447114962,0.010185692420605491,-9.62450673137971,-9.812705885821599,-0.010455659104338766,-0.022482389149483417,0.007291475581338025,0.43656931725252124,0.010005503534743807,-4.2033228625726045
20260319,4.599,7.586558215831311e-05,-9.486547439407955,7.481368492947438e-09,-18.710850108091396,-0.010272121450110909,-9.511385248322714,-9.874245653063406,-0.02044620887104509,-0.024061311160117338,0.003437906265348012,0.4788452495745544,0.04032667883504165,-4.542588176224152
20260320,4.576,8.179070338959825e-05,-9.411346971308188,7.573079502507805e-09,-18.698666048717474,-0.008990797280800157,-9.403105487449372,-9.92738125947949,-0.021831624666252436,-0.00523104941755248,0.013605652055778572,0.5135015998204862,0.11121071416474762,-4.832741726232442
20260323,4.43,0.0002442632499312712,-8.317264021097076,2.2867156332338993e-07,-15.290979084167226,-0.01077661276945686,-9.143585917143657,-9.905413975313587,-0.054898525872510984,-0.05147386499114681,0.005013634480290019,0.5367358000337209,0.2503134818454982,-4.464173358455222
20260324,4.479,0.00013756715784677467,-8.891398339392401,2.3103468441184353e-07,-15.280697988726827,0.010619496428799786,-9.146926690209094,-9.776190623616468,-0.036606827123054186,-0.05389094458593635,0.03242567002045238,0.48759806646133524,0.3983718803674269,-4.335428638425261
20260325,4.544,2.7626982742707137e-05,-10.49671762721029,2.3962520484355704e-07,-15.244189780730443,0.01097893618859457,-9.32065487968318,-9.75612132504779,-0.025636859194715145,-0.0275655001011208,0.011000223168118772,0.30853047140966106,0.43656931725252124,-3.2385572377772895
20260326,4.488,7.663072282336906e-05,-9.476512480384283,2.3750099378286557e-07,-15.253094029131562,-0.010945854361299738,-9.318647887878447,-9.69542455003432,-0.024431720337391383,-0.04955381445472917,0.014407874193687054,0.27778260112958797,0.4788452495745544,-2.63241028643815
20260327,4.508,0.00011462349029010978,-9.07385779833493,2.3745280103406242e-07,-15.253296965709792,0.010848614136677377,-9.251150053283796,-9.67069080068297,-0.014971657899966795,-0.052291021869020016,0.01240051319845481,0.2389121575061418,0.5135015998204862,-2.167854943504128
20260330,4.5,3.961392687231135e-05,-10.136329812837081,1.6356274058809592e-08,-17.92865427872663,-0.010847858155554831,-9.614963211631798,-9.66503255146259,0.015677812719229856,-0.05090432986176752,0.004446427957134569,0.13565010608611636,0.5367358000337209,-1.374994214435214
20260331,4.463,8.329747259550564e-05,-9.393092350242103,1.4357130472714605e-08,-18.059019121099958,-0.010921263197402756,-9.715302013801736,-9.605714504467606,-0.003578621578030239,-0.05704637529857326,0.0017761994012557292,0.09894113897242444,0.48759806646133524,-0.9293632556061209
20260401,4.534,3.741845911722736e-05,-10.193346416019955,1.8150293724707124e-08,-17.82457909318704,0.01155555702964689,-9.654627771563671,-9.635599390459161,-0.0022031293335129654,-0.044221590900114016,0.008256211129141322,0.04551539544604827,0.30853047140966106,-0.46395419304370705
20260402,4.489,5.801205325689434e-05,-9.754859754234314,1.540083453845331e-08,-17.98884413818644,-0.011437983322468101,-9.710297226333676,-9.659300747143924,0.00022279157939975036,-0.04124070836219218,0.015783366438204327,0.028483338387443925,0.27778260112958797,-0.27785097130191405
20260403,4.454,5.741317146994807e-05,-9.765236812844973,1.6073413025434524e-08,-17.946099294841776,-0.011164726662286297,-9.848573029235684,-9.67251613979065,-0.01205102734235397,-0.03442528817338131,0.009974592285542094,0.01568875694373741,0.2389121575061418,-0.15320442685476174
20260407,4.446,3.6816362925632385e-05,-10.209568166896286,1.607351142380253e-08,-17.946093173051295,-0.01088799010268335,-9.863220700047526,-9.66912370128434,-0.012072581234269464,-0.04572224933809532,0.007827390964619152,0.0059978563100950375,0.13565010608611636,-0.06123552285316432
20260408,4.602,5.401443084054213e-05,-9.826259309313839,2.9802937424629784e-07,-15.026073784002536,0.013375729178950718,-9.949854091861873,-9.677319367025342,0.030669805966041297,-0.01402547535450438,0.0017977532931712226,0.00305853551698384,0.09894113897242444,-0.030053963096629475
20260409,4.572,1.6144325300139022e-05,-11.033941944646525,2.8598368880234355e-07,-15.067331059912592,-0.013336328187983738,-10.117973197587187,-9.776525897967336,0.008346193847227124,-0.01239011611656915,0.03448617607116944,0.0006068067116990175,0.04551539544604827,-0.0066954700285088205
20260410,4.642,8.207026779566353e-05,-9.407934753312704,2.9466456416065473e-07,-15.037428198203731,0.013513367669416231,-10.048588197402866,-9.71883308694266,0.03351534805245038,-0.008793622349159147,0.006540245680609846,0.0013836293864095287,0.028483338387443925,-0.013017094990106937
20260413,4.652,2.228366411962683e-05,-10.711656698633945,2.9391809822862855e-07,-15.039964685871281,0.013452247847596573,-10.23787217456066,-9.714018379682518,0.04349466582124206,-0.01260296506148606,0.01519456191968116,0.0003586264946365917,0.01568875694373741,-0.003841483893581658
20260414,4.712,3.555674286655081e-05,-10.244380746942518,2.9931028480723195e-07,-15.021785059807343,0.013728553866068798,-10.244834690569906,-9.722755920239319,0.05810763080728076,0.003827348920453666,0.0021519268041725326,0.0004809304194462924,0.0059978563100950375,-0.0049268343295945875
20260415,4.694,6.134465204426129e-05,-9.699002561849673,1.6468044229166385e-08,-17.921844047278068,-0.013731245440669414,-10.219383341077073,-9.711222137792715,0.01979410581565766,0.0036282186850826736,0.012815211692867479,0.0007777782352638157,0.00305853551698384,-0.007543673096374666
20260416,4.746,1.89821165068949e-05,-10.872013258518257,1.9048515710875288e-08,-17.776276653848885,0.013925204441405287,-10.186997603851419,-9.768365382606016,0.03735141208100767,0.014004048084016674,0.003827348920453666,0.00014686869087097542,0.0006068067116990175,-0.001596758354410464
20260417,4.739,1.7408100867104233e-05,-10.95857489301156,8.38883846636597e-09,-18.596363768677588,-0.013822359058110733,-10.49712563179119,-9.863087219830849,0.020680835133205733,0.019819508637233918,0.011017060584740168,0.00011269662386924329,0.0013836293864095287,-0.0012349943928606569
20260420,4.765,3.7743659789520335e-05,-10.184693048970345,8.563784283830262e-09,-18.575723655252908,0.013846909437333459,-10.391732901858472,-9.888387963882236,0.02400030244974749,0.021852996492600196,0.0014760150281207807,0.0005608696357871858,0.0003586264946365917,-0.00571228508098028
20260421,4.776,6.681913591530456e-05,-9.613521052647194,3.1751625189826916e-09,-19.567907018830606,0.013458153352411448,-10.265560962999405,-9.894159491756747,0.013490929741015512,0.03776448753251427,0.00547139412071429,0.0012405739381932646,0.0004809304194462924,-0.011926283672186387
20260422,4.811,2.7092557225971037e-05,-10.516251508907475,3.7007049849138885e-09,-19.414742498982786,0.013420954996247906,-10.429010752410965,-9.944382425283989,0.02461986528848481,0.05007970863981992,0.0023058389841355,0.0008006817357540141,0.0007777782352638157,-0.008420170511777807
20260423,4.801,7.729203756447316e-05,-9.467919614604378,7.580453964981399e-10,-21.000277842240266,-0.011031257350983158,-10.14819202362819,-9.996684952261592,0.011522071535231326,0.08042464549175898,0.007301586627015633,0.001831710863697033,0.00014686869087097542,-0.017342491214681066
20260424,4.782,5.03950123326596e-05,-9.895618349437559,8.065454826598818e-10,-20.93826082483888,-0.011018206868740433,-9.93560071491339,-10.042331316354554,0.009032726050681728,0.06545906181096983,0.0020807331685133157,0.0012074807281567841,0.00011269662386924329,-0.011948768450140498
20260427,4.782,2.9544940552044323e-05,-10.42959804528427,6.27310823897698e-10,-21.189578966235835,0.0,-9.984581714176175,-10.039280426267007,0.0035613319299674373,0.05105118761728278,0.0039653605126703795,0.00042727234110747514,0.0005608696357871858,-0.0044562787736185565
20260428,4.77,2.362425255881034e-05,-10.653236722807264,6.296276923696947e-10,-21.18589243572386,-0.010282533968517082,-10.192524848208189,-10.092767891831688,-0.001257071190051251,0.0609391366798544,0.0,0.0002561212840263787,0.0012405739381932646,-0.002728520668482367
20260429,4.821,4.2659218887306676e-05,-10.06226715527842,2.619704696471211e-09,-19.76020423679633,0.010414388246001067,-10.101727977482378,-10.137695589874575,0.00207641270616854,0.06712777924595525,0.0025125641358831885,0.0006546454315384895,0.0008006817357540141,-0.006587217224122811
20260430,4.824,2.279672625398509e-05,-10.688893617664773,2.615985820133263e-09,-19.761624823804503,0.010373923830281618,-10.345922778094458,-10.162812126457652,0.004779229876080926,0.06952606264861005,0.010635070523235424,0.0010067071188636528,0.001831710863697033,-0.01076058529767939
20260506,4.888,7.274982570105688e-05,-9.528484047777303,8.60130093873737e-09,-18.571352373181192,0.010256593116295745,-10.272495917762406,-10.168966294527433,0.021924352833161187,0.09096203622216126,0.0006220840013990703,0.005210769315918778,0.0012074807281567841,-0.04965073230337952
20260507,4.912,2.476127576662741e-05,-10.606229586167208,8.7164059191591e-09,-18.55805884922301,0.009925089792416865,-10.307822225938995,-10.187733711352308,0.02682232180870847,0.08007663875950422,0.013179762444409882,0.007751856686047517,0.00042727234110747514,-0.08221797173128526
20260508,4.886,3.330728942306702e-05,-10.30973428333973,8.867106233783416e-09,-18.540917335816946,-0.009666738183140037,-10.239121738045487,-10.2129552808571,0.02402766793529909,0.08474401303575374,0.004897968975547284,0.02832288298906684,0.0002561212840263787,-0.292001397755402
20260511,4.966,8.321990608031403e-05,-9.394023982981205,2.022252232499822e-08,-17.716468887068785,0.009643906997906916,-10.105473103586045,-10.196081970408747,0.029633311662489836,0.10881211825079906,0.005307218009292569,0.10535760903955868,0.0006546454315384895,-0.9897319061071717
20260512,4.963,3.524321638768197e-05,-10.253237490128146,2.022251904236304e-08,-17.716469049394505,-0.009607453816699965,-10.018341878078719,-10.198066939646559,0.028406937180419645,0.11000558106329916,0.01624071425042617,0.15926100719498615,0.0010067071188636528,-1.6329409296872004
20260513,5.017,4.9795154163839064e-05,-9.907592884615205,1.6930716653124947e-08,-17.894136311329586,0.007162674265404596,-10.094163645446297,-10.201763920342076,0.026048923632821852,0.08634115388894181,0.0006042904806711213,0.3441721122064094,0.005210769315918778,-3.409917169979208
20260514,4.941,0.00010033962649837771,-9.206949861275293,2.767360548266618e-08,-17.402786748684836,-0.00796608068648356,-9.814307700467916,-10.118718825643382,0.005886549018771614,0.0776169939310487,0.010821748896812089,0.679486237213238,0.007751856686047517,-6.255995717448892
20260515,4.878,0.00016427469713311312,-8.713970548839853,3.293827620621953e-08,-17.228630444889273,-0.008247597073320866,-9.495154953567939,-10.087174998167344,-0.0016386730418203044,0.04958999194148306,0.015264405638502954,0.8508538173496717,0.02832288298906684,-7.414315105753003
20260518,4.852,9.237114670345059e-05,-9.28969589319571,1.9187477755717626e-08,-17.7690079709108,-0.008405358236701781,-9.474289335610841,-10.02254041610197,-0.02322369600417118,0.04209375642538582,0.012832440069884488,0.8853544470102859,0.10535760903955868,-8.22467357041401
20260519,4.869,0.00014368856361343492,-8.847862353199911,1.921738087582062e-08,-17.767450713458928,0.008057424771627382,-9.193214308225194,-9.959062307295488,-0.019121819404740004,0.032776130851278396,0.005344308711924706,0.9047517972385618,0.15926100719498615,-8.00511936577703
20260520,4.871,2.6261952962982687e-05,-10.547389321596665,1.6474424471932177e-08,-17.921456690586407,0.007974482511229036,-9.321173595621486,-9.997625341829442,-0.029532890677710366,0.03701415739557379,0.0034975861187600543,0.9023026099002083,0.3441721122064094,-9.516936912510257
20260521,4.808,0.00036211840915196646,-7.923539302518218,1.1360434874382802e-08,-18.29312914319044,-0.00827547102136707,-9.064491483870071,-9.863603798374895,-0.027286542630706512,0.01297903921933452,0.00041067762384172646,0.9384670452028137,0.679486237213238,-7.435980516782635
20260522,4.862,6.0482298104630575e-05,-9.713159829053144,9.049075832506274e-09,-18.52060320240408,0.008559387251833738,-9.264329339912729,-9.806994022740422,-0.003285423899796802,0.025623732908480523,0.0130180575914991,0.9221775143886777,0.8508538173496717,-8.957257588016182
20260525,4.937,3.843698538401796e-05,-10.166490400870435,1.9868440436671694e-08,-17.734133271803685,0.009038572770965921,-9.439688241447675,-9.80616662964497,0.01736686819492217,0.0354603221705605,0.011168678661025222,0.9115309800703245,0.8853544470102859,-9.267070958980973
20260526,4.972,2.953891305941305e-05,-10.429802077089366,2.0336603220654572e-08,-17.710843460239865,0.009112603599628767,-9.756076186225565,-9.84327031257416,0.020933596447900937,0.04021879755816382,0.015307983382794266,0.9177333144391862,0.9047517972385618,-9.571776829151933
20260527,4.932,0.00011528036466406168,-9.068143442988093,2.118804304717196e-08,-17.66982882158921,-0.00926139968897312,-9.460227010503852,-9.777447218668733,0.012445330477692362,0.02483962258478134,0.007064314371738822,0.9682879703843472,0.9023026099002083,-8.780574209565067
20260528,4.932,0.00013604819612257496,-8.902501351752909,1.5444038834758373e-08,-17.986042743994464,0.0,-9.65601942035079,-9.75174638853912,0.02546338806919146,0.026920355753294656,0.008077588346366849,0.9884613442742969,0.9384670452028137,-8.799778453557424
20260529,4.923,0.00011631694548950135,-9.05919180407078,1.2334281939070005e-08,-18.210883301949377,-0.009191581802564333,-9.525225815354316,-9.713727000113359,0.012468224882131729,0.029059231739930524,0.0,0.9941737406950719,0.9221775143886777,-9.006410603527184
20260601,4.868,8.118634192848113e-05,-9.418763527795546,4.538241065173894e-09,-19.210726330542208,-0.009572666103657684,-9.37568044073934,-9.667779976591143,-0.014074684151445194,0.017824306089147868,0.0018264845260345108,0.9961343406979775,0.9115309800703245,-9.382353796950772
20260602,4.936,0.0001311970135541103,-8.938810444258246,1.1446431042006027e-08,-18.285587854922632,0.00993245031594852,-9.077482114173115,-9.58985150938437,-0.007266887045378034,0.03420898170283704,0.011234925650782657,0.9982549846395695,0.9177333144391862,-8.923212082729039
20260603,4.965,0.00014515136477825314,-8.837733465000786,1.0830507100824808e-08,-18.340898953315506,0.009775468441760807,-9.031400118575654,-9.534190887099022,0.006668712195037951,0.02943192207365075,0.013872111477805982,0.9987378358698502,0.9682879703843472,-8.826578794829437
20260604,4.926,5.260832441163056e-05,-9.852636191965962,1.1604000481904476e-08,-18.271915929158087,-0.009971462984369623,-9.221427086618263,-9.496179185930897,-0.0012172856037517832,0.020923840273461947,0.005858010894049137,0.9979073562440688,0.9884613442742969,-9.832018134359382
20260605,4.843,0.000246055916509299,-8.309951744977969,2.827822868501157e-08,-17.381173632780268,-0.01027965484399281,-9.071579074799702,-9.440791353985473,-0.01638373735497134,-0.009248858448202002,0.007885997798789735,0.9994543017601952,0.9941737406950719,-8.305417018937872
20260608,4.739,0.00019021656421380694,-8.567347323244292,6.950646735094969e-08,-16.481846033295703,-0.01115220819446845,-8.901295833889451,-9.348114887488975,-0.026857032139829595,-0.0358550478593902,0.016992936277254067,0.9988680331183096,0.9961343406979775,-8.55764936981044
20260609,4.826,0.00010074717807494273,-9.202896366711457,8.400476827300733e-08,-16.29239227455933,0.011884521099645953,-8.954113018380093,-9.297804073096781,-0.022537319400246947,-0.012356005632709,0.021708220435640913,0.9945359552996957,0.9982549846395695,-9.152611329591478
20260610,4.784,8.615995727412248e-05,-9.359305021006207,8.493676756143564e-08,-16.281358768337153,-0.01138564974726924,-9.058427329581177,-9.296225938461554,-0.03713628084880538,-0.037337670437644466,0.01819182421738863,0.9867252440087636,0.9987378358698502,-9.235062530604797
20260611,4.751,0.00012053222500486275,-9.023593413359658,8.462239806291671e-08,-16.28506685285825,-0.011436330239054706,-8.892618773859915,-9.240333025881169,-0.03617217749356172,-0.04365527440051942,0.008740950554509297,0.9758232190934378,0.9979073562440688,-8.805431972414963
20260612,4.818,6.893131597023711e-05,-9.582399969848442,7.563744960419582e-08,-16.397314311278862,0.011624576727535153,-9.147108418834012,-9.225551529755405,-0.00517545922841256,-0.040473241309436414,0.006921894443546073,0.9453949761813711,0.9994543017601952,-9.05915279125524
20260615,4.919,7.76370110560759e-05,-9.463466297879062,6.827349204768911e-08,-16.49974425627963,0.01216691206833889,-9.326332213760965,-9.23721136778285,0.03727911482775159,-0.004462482050410221,0.014003781987895092,0.9163014794224206,0.9988680331183096,-8.671388169210802
20260616,4.91,3.154463513690307e-05,-10.364107026640378,4.6371158060637556e-08,-16.88658816450429,-0.011844936127110722,-9.558574345746749,-9.312217571319238,0.017255974603589408,0.006538642012700713,0.02074635362052324,0.8810025320947682,0.9945359552996957,-9.130804533371352
20260617,4.958,3.245828009340436e-05,-10.335554982697367,4.699511761637201e-08,-16.87322212113503,0.011938629328022076,-9.753824338084982,-9.359756620842042,0.035725416964668355,0.02161144253119507,0.0018313160067735534,0.8799024935921845,0.9867252440087636,-9.09428060193454
20260618,4.984,4.648613893789958e-05,-9.976356377164828,4.66856697775319e-08,-16.87982857637397,0.011961706585146696,-9.944376930846015,-9.411051803749537,0.04787765928036758,0.023344204284588166,0.00972849180656965,0.9086744516203604,0.9758232190934378,-9.065260160189537
20260622,5.091,0.0002161984387585418,-8.43931387406858,7.971064049716283e-08,-16.34486275319621,0.012708887717275795,-9.715759711690044,-9.31523019249826,0.055115370727519375,0.04417502009579333,0.0052303478721531516,0.9717942940507774,0.9453949761813711,-8.201277068523407
20260623,4.942,0.00035800927460878136,-7.934951665170708,1.9836379556724143e-07,-15.43316314076746,-0.01407303110354315,-9.410056785148374,-9.315748936255192,0.004664849753215572,0.027488910333511862,0.021241493435046888,0.9785097567349641,0.9163014794224206,-7.764427623589888
