trade_date,risk_free_rate_1y,risk_free_rate_daily
20061008,0.029543,0.00011723412698412699
20061009,0.029549,0.0001172579365079365
20061010,0.029531,0.00011718650793650794
20061011,0.029559000000000002,0.00011729761904761906
20061012,0.02955,0.00011726190476190476
20061013,0.029543,0.00011723412698412699
20061016,0.029546000000000003,0.00011724603174603176
20061017,0.02955,0.00011726190476190476
20061018,0.02956,0.0001173015873015873
20061019,0.029556,0.00011728571428571428
20061020,0.029553,0.00011727380952380952
20061023,0.029552000000000002,0.00011726984126984128
20061024,0.029552000000000002,0.00011726984126984128
20061025,0.029552000000000002,0.00011726984126984128
20061026,0.029552000000000002,0.00011726984126984128
20061027,0.029556,0.00011728571428571428
20061030,0.029554,0.00011727777777777778
20061031,0.029554,0.00011727777777777778
20061101,0.029554,0.00011727777777777778
20061102,0.029554,0.00011727777777777778
20061103,0.029554,0.00011727777777777778
20061106,0.029566,0.00011732539682539682
20061107,0.029577,0.00011736904761904761
20061108,0.029597000000000002,0.00011744841269841271
20061109,0.029622000000000002,0.00011754761904761905
20061110,0.029651999999999998,0.00011766666666666666
20061113,0.029702000000000003,0.00011786507936507938
20061114,0.029772,0.00011814285714285715
20061115,0.029809000000000002,0.00011828968253968255
20061116,0.029831,0.00011837698412698412
20061117,0.029848,0.00011844444444444444
20061120,0.02986,0.0001184920634920635
20061121,0.029912,0.0001186984126984127
20061122,0.029939,0.00011880555555555555
20061123,0.029955,0.00011886904761904761
20061124,0.029967999999999998,0.00011892063492063491
20061127,0.029976,0.00011895238095238095
20061128,0.029984,0.00011898412698412699
20061129,0.029992,0.00011901587301587302
20061130,0.029996000000000002,0.00011903174603174604
20061201,0.029998,0.00011903968253968254
20061204,0.030001000000000003,0.00011905158730158731
20061205,0.030005999999999998,0.00011907142857142856
20061206,0.030008,0.00011907936507936508
20061207,0.030008,0.00011907936507936508
20061208,0.03001,0.00011908730158730158
20061211,0.030011999999999997,0.00011909523809523809
20061212,0.030013,0.00011909920634920635
20061213,0.030013,0.00011909920634920635
20061214,0.030014,0.0001191031746031746
20061215,0.030015,0.00011910714285714286
20061218,0.030015999999999998,0.00011911111111111111
20061219,0.030017000000000002,0.00011911507936507937
20061220,0.030017000000000002,0.00011911507936507937
20061221,0.030018,0.00011911904761904762
20061222,0.030019,0.00011912301587301588
20061225,0.030019,0.00011912301587301588
20061226,0.030019999999999998,0.00011912698412698413
20061227,0.030019999999999998,0.00011912698412698413
20061228,0.030019999999999998,0.00011912698412698413
20061229,0.030019999999999998,0.00011912698412698413
20061230,0.030021,0.00011913095238095237
20061231,0.030021,0.00011913095238095237
20070104,0.030022000000000004,0.00011913492063492065
20070105,0.030023,0.0001191388888888889
20070108,0.030023,0.0001191388888888889
20070109,0.030024000000000002,0.00011914285714285714
20070110,0.030025,0.00011914682539682539
20070111,0.030024000000000002,0.00011914285714285714
20070112,0.030024000000000002,0.00011914285714285714
20070115,0.030024000000000002,0.00011914285714285714
20070116,0.030024000000000002,0.00011914285714285714
20070117,0.030024000000000002,0.00011914285714285714
20070118,0.030024000000000002,0.00011914285714285714
20070119,0.030024000000000002,0.00011914285714285714
20070122,0.030024000000000002,0.00011914285714285714
20070123,0.030024000000000002,0.00011914285714285714
20070124,0.030024000000000002,0.00011914285714285714
20070125,0.030025,0.00011914682539682539
20070126,0.030025,0.00011914682539682539
20070129,0.030025,0.00011914682539682539
20070130,0.030025,0.00011914682539682539
20070131,0.030025,0.00011914682539682539
20070201,0.030025,0.00011914682539682539
20070202,0.030025,0.00011914682539682539
20070205,0.030025,0.00011914682539682539
20070206,0.030025,0.00011914682539682539
20070207,0.030025,0.00011914682539682539
20070208,0.030025,0.00011914682539682539
20070209,0.030025,0.00011914682539682539
20070212,0.030026,0.00011915079365079365
20070213,0.030026,0.00011915079365079365
20070214,0.030026999999999998,0.0001191547619047619
20070215,0.030026999999999998,0.0001191547619047619
20070216,0.030026999999999998,0.0001191547619047619
20070217,0.030026999999999998,0.0001191547619047619
20070225,0.030028000000000003,0.00011915873015873016
20070226,0.030028000000000003,0.00011915873015873016
20070227,0.030028000000000003,0.00011915873015873016
20070228,0.030028000000000003,0.00011915873015873016
20070301,0.030028000000000003,0.00011915873015873016
20070302,0.030028000000000003,0.00011915873015873016
20070305,0.030028000000000003,0.00011915873015873016
20070306,0.030028000000000003,0.00011915873015873016
20070307,0.030028000000000003,0.00011915873015873016
20070308,0.030028000000000003,0.00011915873015873016
20070309,0.030028000000000003,0.00011915873015873016
20070312,0.030028000000000003,0.00011915873015873016
20070313,0.030150999999999997,0.00011964682539682539
20070314,0.030302,0.00012024603174603175
20070315,0.030455,0.0001208531746031746
20070316,0.030533,0.00012116269841269842
20070319,0.03079,0.00012218253968253968
20070320,0.030966999999999998,0.00012288492063492062
20070321,0.031096,0.0001233968253968254
20070322,0.031202,0.0001238174603174603
20070323,0.031304,0.0001242222222222222
20070326,0.031386,0.00012454761904761905
20070327,0.031504,0.000125015873015873
20070328,0.031589,0.0001253531746031746
20070329,0.031665,0.0001256547619047619
20070330,0.031783,0.00012612301587301586
20070402,0.031841,0.0001263531746031746
20070403,0.03188,0.0001265079365079365
20070404,0.0319,0.00012658730158730157
20070405,0.031907,0.00012661507936507935
20070406,0.031943,0.00012675793650793651
20070409,0.031973,0.00012687698412698414
20070410,0.032003,0.00012699603174603174
20070411,0.032032,0.0001271111111111111
20070412,0.032050999999999996,0.00012718650793650793
20070413,0.032054,0.0001271984126984127
20070416,0.032071,0.00012726587301587302
20070417,0.032091,0.0001273452380952381
20070418,0.032097,0.00012736904761904763
20070419,0.032128000000000004,0.0001274920634920635
20070420,0.032163,0.00012763095238095236
20070423,0.032189999999999996,0.00012773809523809523
20070424,0.032213,0.00012782936507936508
20070425,0.032232,0.00012790476190476188
20070426,0.032225000000000004,0.00012787698412698414
20070427,0.032216,0.00012784126984126984
20070428,0.03218,0.0001276984126984127
20070429,0.032157,0.00012760714285714285
20070430,0.032147,0.00012756746031746032
20070508,0.032142,0.00012754761904761904
20070509,0.032137,0.00012752777777777778
20070510,0.032152,0.0001275873015873016
20070511,0.032172,0.00012766666666666666
20070514,0.032186,0.0001277222222222222
20070515,0.032193,0.00012775
20070516,0.03223,0.00012789682539682542
20070517,0.03222,0.00012785714285714286
20070518,0.032215,0.0001278373015873016
20070521,0.032614000000000004,0.00012942063492063494
20070522,0.033003,0.00013096428571428571
20070523,0.033322,0.0001322301587301587
20070524,0.033608,0.00013336507936507935
20070525,0.033722,0.00013381746031746033
20070528,0.033847999999999996,0.0001343174603174603
20070529,0.033914,0.00013457936507936508
20070530,0.033954,0.00013473809523809524
20070531,0.033985,0.00013486111111111112
20070601,0.033993,0.00013489285714285716
20070604,0.033999,0.00013491666666666668
20070605,0.034028,0.00013503174603174604
20070606,0.034043000000000004,0.00013509126984126985
20070607,0.034073,0.00013521031746031745
20070608,0.034088,0.00013526984126984126
20070611,0.034098,0.00013530952380952382
20070612,0.034112,0.00013536507936507937
20070613,0.034139,0.00013547222222222224
20070614,0.034167,0.00013558333333333334
20070615,0.034201999999999996,0.00013572222222222222
20070618,0.034201999999999996,0.00013572222222222222
20070619,0.034203000000000004,0.0001357261904761905
20070620,0.034214,0.00013576984126984127
20070621,0.034246,0.0001358968253968254
20070622,0.034286,0.00013605555555555555
20070625,0.034307,0.00013613888888888888
20070626,0.03434,0.00013626984126984128
20070627,0.034359,0.0001363452380952381
20070628,0.034404,0.00013652380952380953
20070629,0.034447,0.00013669444444444444
20070702,0.034477,0.00013681349206349206
20070703,0.034516,0.00013696825396825396
20070704,0.034554999999999995,0.00013712301587301585
20070705,0.034595,0.00013728174603174604
20070706,0.034627,0.00013740873015873016
20070709,0.034662,0.00013754761904761904
20070710,0.034691,0.0001376626984126984
20070711,0.034725,0.00013779761904761904
20070712,0.034756999999999996,0.00013792460317460316
20070713,0.034769999999999995,0.00013797619047619045
20070716,0.034811,0.0001381388888888889
20070717,0.03483,0.0001382142857142857
20070718,0.034852,0.00013830158730158732
20070719,0.03486,0.00013833333333333335
20070720,0.034866,0.00013835714285714287
20070723,0.035429,0.00014059126984126985
20070724,0.035659,0.00014150396825396826
20070725,0.035786,0.0001420079365079365
20070726,0.035861000000000004,0.00014230555555555557
20070727,0.03588,0.0001423809523809524
20070730,0.035907,0.00014248809523809524
20070731,0.035931000000000005,0.00014258333333333335
20070801,0.03597,0.00014273809523809524
20070802,0.035992,0.00014282539682539683
20070803,0.036011,0.00014290079365079366
20070806,0.036013,0.00014290873015873018
20070807,0.036009,0.00014289285714285714
20070808,0.036038,0.0001430079365079365
20070809,0.036025999999999996,0.00014296031746031745
20070810,0.036016,0.00014292063492063491
20070813,0.036023,0.0001429484126984127
20070814,0.036032,0.000142984126984127
20070815,0.036045,0.00014303571428571428
20070816,0.036052,0.00014306349206349205
20070817,0.036057,0.00014308333333333333
20070820,0.036069,0.00014313095238095236
20070821,0.036061,0.00014309920634920635
20070822,0.036741,0.00014579761904761905
20070823,0.036955,0.0001466468253968254
20070824,0.037078,0.00014713492063492064
20070827,0.037188,0.00014757142857142858
20070828,0.037278,0.00014792857142857142
20070829,0.037371,0.00014829761904761905
20070830,0.037469999999999996,0.00014869047619047617
20070831,0.037536,0.00014895238095238096
20070903,0.037574,0.00014910317460317462
20070904,0.037603,0.00014921825396825396
20070905,0.037656999999999996,0.00014943253968253967
20070906,0.037704,0.00014961904761904763
20070907,0.037808,0.00015003174603174602
20070910,0.037883,0.00015032936507936508
20070911,0.037919,0.00015047222222222222
20070912,0.037969,0.00015067063492063494
20070913,0.038019,0.0001508690476190476
20070914,0.038130000000000004,0.00015130952380952383
20070917,0.03889,0.00015432539682539684
20070918,0.039285,0.00015589285714285716
20070919,0.039549,0.00015694047619047618
20070920,0.03975,0.00015773809523809523
20070921,0.039909,0.00015836904761904762
20070924,0.040109000000000006,0.00015916269841269843
20070925,0.040255,0.00015974206349206348
20070926,0.04035999999999999,0.00016015873015873014
20070927,0.040465,0.00016057539682539683
20070928,0.040519,0.00016078968253968254
20070929,0.040552000000000005,0.00016092063492063495
20070930,0.040554,0.00016092857142857144
20071008,0.040581,0.00016103571428571428
20071009,0.040693,0.00016148015873015874
20071010,0.040974000000000003,0.0001625952380952381
20071011,0.041041999999999995,0.00016286507936507933
20071012,0.041174999999999996,0.00016339285714285712
20071015,0.041284,0.00016382539682539683
20071016,0.041348,0.0001640793650793651
20071017,0.041421,0.0001643690476190476
20071018,0.041486,0.00016462698412698413
20071019,0.041545,0.0001648611111111111
20071022,0.041614000000000005,0.00016513492063492064
20071023,0.041718000000000005,0.00016554761904761907
20071024,0.041729,0.00016559126984126986
20071025,0.041798,0.00016586507936507938
20071026,0.041833,0.00016600396825396826
20071029,0.041857,0.00016609920634920634
20071030,0.041956,0.00016649206349206349
20071031,0.042047999999999995,0.00016685714285714283
20071101,0.042187,0.00016740873015873016
20071102,0.042271,0.00016774206349206352
20071105,0.042294,0.00016783333333333334
20071106,0.042362000000000004,0.00016810317460317462
20071107,0.042602,0.00016905555555555557
20071108,0.042763,0.00016969444444444446
20071109,0.043023,0.00017072619047619046
20071112,0.043129999999999995,0.00017115079365079362
20071113,0.043231,0.00017155158730158728
20071114,0.043358999999999995,0.0001720595238095238
20071115,0.043507,0.0001726468253968254
20071116,0.043642,0.00017318253968253967
20071119,0.043703000000000006,0.00017342460317460319
20071120,0.043838,0.00017396031746031747
20071121,0.043975,0.00017450396825396825
20071122,0.044067999999999996,0.00017487301587301585
20071123,0.044177999999999995,0.0001753095238095238
20071126,0.044214,0.00017545238095238096
20071127,0.044246999999999995,0.0001755833333333333
20071128,0.044332,0.00017592063492063493
20071129,0.044421,0.00017627380952380954
20071130,0.044504999999999996,0.00017660714285714285
20071203,0.044522000000000006,0.0001766746031746032
20071204,0.044654,0.00017719841269841268
20071205,0.044635999999999995,0.0001771269841269841
20071206,0.044654,0.00017719841269841268
20071207,0.044696999999999994,0.0001773690476190476
20071210,0.044733,0.00017751190476190476
20071211,0.044772,0.00017766666666666666
20071212,0.044804000000000004,0.0001777936507936508
20071213,0.044851,0.00017798015873015874
20071214,0.04488400000000001,0.00017811111111111115
20071217,0.044927,0.00017828174603174603
20071218,0.044965000000000005,0.0001784325396825397
20071219,0.045019,0.0001786468253968254
20071220,0.045087,0.0001789166666666667
20071221,0.045321,0.0001798452380952381
20071224,0.04550099999999999,0.00018055952380952378
20071225,0.045582000000000004,0.0001808809523809524
20071226,0.045629,0.00018106746031746032
20071227,0.045697,0.0001813373015873016
20071228,0.045751,0.0001815515873015873
20071229,0.045825,0.00018184523809523808
20080102,0.045853000000000005,0.00018195634920634924
20080103,0.045884,0.00018207936507936507
20080104,0.045904999999999994,0.0001821626984126984
20080107,0.04593,0.00018226190476190477
20080108,0.045989,0.00018249603174603176
20080109,0.046056999999999994,0.000182765873015873
20080110,0.04611,0.00018297619047619046
20080111,0.046166,0.0001831984126984127
20080114,0.046208,0.00018336507936507937
20080115,0.046252,0.00018353968253968255
20080116,0.046287,0.00018367857142857142
20080117,0.046322,0.00018381746031746033
20080118,0.046349999999999995,0.0001839285714285714
20080121,0.046369999999999995,0.0001840079365079365
20080122,0.046414,0.00018418253968253967
20080123,0.046460999999999995,0.0001843690476190476
20080124,0.046491,0.00018448809523809523
20080125,0.046508,0.00018455555555555556
20080128,0.046517,0.00018459126984126986
20080129,0.046546000000000004,0.00018470634920634922
20080130,0.046569,0.00018479761904761905
20080131,0.0466,0.00018492063492063493
20080201,0.046615000000000004,0.00018498015873015874
20080202,0.046620999999999996,0.00018500396825396823
20080203,0.046629,0.00018503571428571427
20080204,0.046646,0.0001851031746031746
20080205,0.046639,0.00018507539682539683
20080213,0.046656,0.00018514285714285716
20080214,0.046664000000000004,0.0001851746031746032
20080215,0.046684,0.00018525396825396826
20080218,0.046684,0.00018525396825396826
20080219,0.046704999999999997,0.00018533730158730156
20080220,0.046780999999999996,0.0001856388888888889
20080221,0.046802,0.00018572222222222224
20080222,0.046841,0.00018587698412698414
20080225,0.046874,0.00018600793650793652
20080226,0.04689600000000001,0.00018609523809523813
20080227,0.046914,0.00018616666666666665
20080228,0.046937,0.0001862579365079365
20080229,0.046952999999999995,0.00018632142857142854
20080303,0.046959999999999995,0.00018634920634920632
20080304,0.046966,0.0001863730158730159
20080305,0.046977000000000005,0.00018641666666666668
20080306,0.046989,0.00018646428571428574
20080307,0.046998,0.00018649999999999998
20080310,0.04701399999999999,0.00018656349206349203
20080311,0.047035,0.0001866468253968254
20080312,0.047054,0.0001867222222222222
20080313,0.047066,0.00018676984126984127
20080314,0.047079,0.00018682142857142858
20080317,0.047085999999999996,0.00018684920634920633
20080318,0.047087000000000004,0.00018685317460317462
20080319,0.047085999999999996,0.00018684920634920633
20080320,0.047057,0.000186734126984127
20080321,0.047065,0.00018676587301587303
20080324,0.047050999999999996,0.00018671031746031745
20080325,0.047041000000000006,0.00018667063492063495
20080326,0.047006,0.00018653174603174602
20080327,0.046998,0.00018649999999999998
20080328,0.047001999999999995,0.000186515873015873
20080331,0.04701399999999999,0.00018656349206349203
20080401,0.047034,0.00018664285714285715
20080402,0.047038,0.00018665873015873016
20080403,0.047032,0.00018663492063492062
20080407,0.047033,0.00018663888888888888
20080408,0.04704,0.00018666666666666666
20080409,0.047046000000000004,0.0001866904761904762
20080410,0.047050999999999996,0.00018671031746031745
20080411,0.047042,0.00018667460317460318
20080414,0.047022,0.0001865952380952381
20080415,0.047031,0.0001866309523809524
20080416,0.047034,0.00018664285714285715
20080417,0.047028999999999994,0.00018662301587301584
20080418,0.047033,0.00018663888888888888
20080421,0.047028,0.00018661904761904763
20080422,0.047025,0.00018660714285714285
20080423,0.047023999999999996,0.00018660317460317459
20080424,0.047025,0.00018660714285714285
20080425,0.047025,0.00018660714285714285
20080428,0.047028,0.00018661904761904763
20080429,0.04703,0.00018662698412698413
20080430,0.047027,0.00018661507936507937
20080504,0.047018000000000004,0.0001865793650793651
20080505,0.047023,0.00018659920634920635
20080506,0.047023999999999996,0.00018660317460317459
20080507,0.047042,0.00018667460317460318
20080508,0.047041000000000006,0.00018667063492063495
20080509,0.047047,0.00018669444444444443
20080512,0.047055,0.00018672619047619047
20080513,0.047055999999999994,0.0001867301587301587
20080514,0.047062999999999994,0.00018675793650793648
20080515,0.047062,0.00018675396825396825
20080516,0.047048,0.0001866984126984127
20080519,0.047062,0.00018675396825396825
20080520,0.047068000000000006,0.0001867777777777778
20080521,0.047080000000000004,0.00018682539682539684
20080522,0.047098,0.0001868968253968254
20080523,0.047111,0.0001869484126984127
20080526,0.047097,0.00018689285714285715
20080527,0.047112,0.00018695238095238096
20080528,0.047114,0.00018696031746031746
20080529,0.047103,0.00018691666666666667
20080530,0.047097,0.00018689285714285715
20080602,0.0471,0.0001869047619047619
20080603,0.047085999999999996,0.00018684920634920633
20080604,0.047095000000000005,0.00018688492063492066
20080605,0.047085999999999996,0.00018684920634920633
20080606,0.047095000000000005,0.00018688492063492066
20080610,0.047102000000000005,0.00018691269841269843
20080611,0.04713199999999999,0.000187031746031746
20080612,0.047145,0.00018708333333333332
20080613,0.047161,0.0001871468253968254
20080616,0.04716,0.00018714285714285716
20080617,0.047146,0.00018708730158730158
20080618,0.04714,0.00018706349206349207
20080619,0.047133,0.0001870357142857143
20080620,0.047122000000000004,0.0001869920634920635
20080623,0.047123,0.00018699603174603173
20080624,0.047114,0.00018696031746031746
20080625,0.047110000000000006,0.00018694444444444447
20080626,0.047110000000000006,0.00018694444444444447
20080627,0.047115,0.0001869642857142857
20080630,0.047124,0.000187
20080701,0.047126,0.00018700793650793651
20080702,0.047136,0.00018704761904761905
20080703,0.04713,0.0001870238095238095
20080704,0.047126,0.00018700793650793651
20080707,0.047134999999999996,0.00018704365079365079
20080708,0.047133,0.0001870357142857143
20080709,0.047117000000000006,0.00018697222222222224
20080710,0.047106,0.00018692857142857145
20080711,0.047097,0.00018689285714285715
20080714,0.047092,0.00018687301587301587
20080715,0.047085,0.0001868452380952381
20080716,0.047077,0.00018681349206349206
20080717,0.047069,0.00018678174603174602
20080718,0.047070999999999995,0.00018678968253968252
20080721,0.047067,0.00018677380952380953
20080722,0.047062,0.00018675396825396825
20080723,0.047058,0.00018673809523809526
20080724,0.047058,0.00018673809523809526
20080725,0.047055999999999994,0.0001867301587301587
20080728,0.047061,0.00018674999999999999
20080729,0.047065,0.00018676587301587303
20080730,0.047062999999999994,0.00018675793650793648
20080731,0.04707,0.00018678571428571428
20080801,0.047073000000000004,0.00018679761904761907
20080804,0.047077,0.00018681349206349206
20080805,0.047077,0.00018681349206349206
20080806,0.047074,0.0001868015873015873
20080807,0.047072,0.0001867936507936508
20080808,0.047066,0.00018676984126984127
20080811,0.047065,0.00018676587301587303
20080812,0.047064,0.00018676190476190477
20080813,0.047065,0.00018676587301587303
20080814,0.047059,0.0001867420634920635
20080815,0.047055999999999994,0.0001867301587301587
20080818,0.047050999999999996,0.00018671031746031745
20080819,0.047054,0.0001867222222222222
20080820,0.04705,0.00018670634920634922
20080821,0.047052,0.0001867142857142857
20080822,0.047058,0.00018673809523809526
20080825,0.047049,0.00018670238095238096
20080826,0.047045000000000003,0.00018668650793650794
20080827,0.047037,0.0001866547619047619
20080828,0.047035999999999994,0.00018665079365079364
20080829,0.047035999999999994,0.00018665079365079364
20080901,0.04704,0.00018666666666666666
20080902,0.047041000000000006,0.00018667063492063495
20080903,0.047048,0.0001866984126984127
20080904,0.047038,0.00018665873015873016
20080905,0.047035,0.0001866468253968254
20080908,0.047043,0.00018667857142857144
20080909,0.047031,0.0001866309523809524
20080910,0.04703,0.00018662698412698413
20080911,0.047026000000000005,0.00018661111111111114
20080912,0.047025,0.00018660714285714285
20080916,0.046928,0.00018622222222222223
20080917,0.046847,0.00018590079365079365
20080918,0.046852,0.0001859206349206349
20080919,0.046801,0.00018571825396825398
20080922,0.046792,0.00018568253968253968
20080923,0.046772,0.00018560317460317462
20080924,0.046757,0.0001855436507936508
20080925,0.046748000000000005,0.00018550793650793653
20080926,0.046742,0.000185484126984127
20080927,0.046726000000000004,0.00018542063492063494
20080928,0.04672,0.00018539682539682538
20081006,0.046719,0.00018539285714285714
20081007,0.046686,0.00018526190476190476
20081008,0.046653,0.00018513095238095238
20081009,0.04623,0.00018345238095238096
20081010,0.046044999999999996,0.00018271825396825396
20081013,0.045941,0.00018230555555555556
20081014,0.045874,0.00018203968253968254
20081015,0.045796,0.00018173015873015875
20081016,0.045722,0.00018143650793650792
20081017,0.04566099999999999,0.0001811944444444444
20081020,0.045596,0.00018093650793650793
20081021,0.045557,0.00018078174603174604
20081022,0.04552,0.00018063492063492064
20081023,0.045491000000000004,0.00018051984126984128
20081024,0.045458,0.0001803888888888889
20081027,0.045387000000000004,0.00018010714285714288
20081028,0.045318,0.00017983333333333333
20081029,0.045252,0.00017957142857142857
20081030,0.044759,0.00017761507936507937
20081031,0.044482,0.00017651587301587303
20081103,0.044389000000000005,0.00017614682539682542
20081104,0.044261999999999996,0.00017564285714285712
20081105,0.044118000000000004,0.0001750714285714286
20081106,0.044044999999999994,0.000174781746031746
20081107,0.043949999999999996,0.00017440476190476188
20081110,0.043848000000000005,0.00017400000000000003
20081111,0.043754,0.00017362698412698414
20081112,0.043644999999999996,0.00017319444444444443
20081113,0.043497,0.00017260714285714286
20081114,0.043346,0.00017200793650793653
20081117,0.043143,0.00017120238095238096
20081118,0.042893999999999995,0.0001702142857142857
20081119,0.042610999999999996,0.00016909126984126984
20081120,0.042249999999999996,0.00016765873015873014
20081121,0.041794000000000005,0.00016584920634920636
20081124,0.04147,0.00016456349206349206
20081125,0.041178,0.0001634047619047619
20081126,0.040873999999999994,0.00016219841269841267
20081127,0.033213,0.00013179761904761903
20081128,0.03257,0.00012924603174603176
20081201,0.031986,0.00012692857142857143
20081202,0.031575,0.00012529761904761904
20081203,0.031294,0.0001241825396825397
20081204,0.031000999999999997,0.00012301984126984126
20081205,0.030623,0.00012151984126984128
20081208,0.03028,0.00012015873015873016
20081209,0.030002,0.00011905555555555556
20081210,0.02978,0.00011817460317460318
20081211,0.029497,0.0001170515873015873
20081212,0.029091,0.00011544047619047619
20081215,0.028858,0.00011451587301587302
20081216,0.028526,0.0001131984126984127
20081217,0.028189000000000002,0.00011186111111111112
20081218,0.027901,0.00011071825396825396
20081219,0.027623,0.00010961507936507937
20081222,0.02741,0.00010876984126984127
20081223,0.026424,0.00010485714285714285
20081224,0.025613999999999998,0.00010164285714285714
20081225,0.025015999999999997,9.926984126984125e-05
20081226,0.024582000000000003,9.754761904761905e-05
20081229,0.024201999999999998,9.603968253968253e-05
20081230,0.023885,9.478174603174604e-05
20081231,0.023597,9.363888888888889e-05
20090104,0.023340999999999997,9.262301587301586e-05
20090105,0.023003,9.128174603174603e-05
20090106,0.022768,9.034920634920634e-05
20090107,0.022511999999999997,8.933333333333333e-05
20090108,0.022292999999999997,8.84642857142857e-05
20090109,0.022002999999999998,8.731349206349205e-05
20090112,0.021855000000000003,8.67261904761905e-05
20090113,0.021647,8.590079365079365e-05
20090114,0.021539000000000003,8.547222222222223e-05
20090115,0.021339,8.467857142857143e-05
20090116,0.021147,8.391666666666667e-05
20090119,0.020901999999999997,8.294444444444443e-05
20090120,0.020699000000000002,8.213888888888889e-05
20090121,0.020543,8.151984126984127e-05
20090122,0.020367000000000003,8.082142857142858e-05
20090123,0.020252,8.036507936507936e-05
20090124,0.02019,8.011904761904762e-05
20090201,0.020057000000000002,7.959126984126984e-05
20090202,0.019967,7.923412698412698e-05
20090203,0.019875,7.886904761904761e-05
20090204,0.019806999999999998,7.859920634920634e-05
20090205,0.01977,7.845238095238096e-05
20090206,0.019695,7.815476190476191e-05
20090209,0.019603,7.778968253968254e-05
20090210,0.019541,7.75436507936508e-05
20090211,0.019498,7.737301587301588e-05
20090212,0.019472,7.726984126984127e-05
20090213,0.019454,7.719841269841269e-05
20090216,0.019437,7.713095238095238e-05
20090217,0.019432,7.711111111111112e-05
20090218,0.019407,7.701190476190476e-05
20090219,0.019399,7.698015873015874e-05
20090220,0.019379999999999998,7.690476190476189e-05
20090223,0.019369,7.686111111111111e-05
20090224,0.01935,7.678571428571428e-05
20090225,0.019316,7.665079365079365e-05
20090226,0.019301,7.659126984126984e-05
20090227,0.019275,7.648809523809525e-05
20090302,0.019248,7.638095238095239e-05
20090303,0.01923,7.630952380952381e-05
20090304,0.019223,7.628174603174603e-05
20090305,0.019195,7.617063492063492e-05
20090306,0.019181999999999998,7.611904761904762e-05
20090309,0.019141,7.59563492063492e-05
20090310,0.019119,7.586904761904762e-05
20090311,0.019111,7.583730158730159e-05
20090312,0.019101,7.579761904761905e-05
20090313,0.019088,7.574603174603175e-05
20090316,0.019037,7.554365079365079e-05
20090317,0.019005,7.541666666666667e-05
20090318,0.018979,7.531349206349206e-05
20090319,0.018951,7.520238095238094e-05
20090320,0.018935,7.513888888888888e-05
20090323,0.018897,7.498809523809524e-05
20090324,0.018866,7.486507936507936e-05
20090325,0.018835,7.474206349206349e-05
20090326,0.018809,7.463888888888889e-05
20090327,0.018796,7.458730158730158e-05
20090330,0.018779,7.451984126984127e-05
20090331,0.018754,7.442063492063492e-05
20090401,0.018739,7.43611111111111e-05
20090402,0.018734,7.434126984126984e-05
20090403,0.018719,7.428174603174603e-05
20090407,0.018689,7.416269841269841e-05
20090408,0.018664,7.406349206349207e-05
20090409,0.018633,7.39404761904762e-05
20090410,0.018604,7.382539682539682e-05
20090413,0.018588,7.376190476190476e-05
20090414,0.018571999999999998,7.369841269841269e-05
20090415,0.01855,7.361111111111111e-05
20090416,0.018543,7.358333333333334e-05
20090417,0.018538,7.356349206349206e-05
20090420,0.018542,7.357936507936508e-05
20090421,0.018554,7.362698412698413e-05
20090422,0.018556,7.363492063492063e-05
20090423,0.018511,7.34563492063492e-05
20090424,0.018519,7.348809523809524e-05
20090427,0.018520000000000002,7.34920634920635e-05
20090428,0.018521,7.349603174603175e-05
20090429,0.018529,7.352777777777777e-05
20090430,0.018524,7.350793650793651e-05
20090504,0.018512999999999998,7.346428571428571e-05
20090505,0.018517,7.348015873015873e-05
20090506,0.018528,7.352380952380953e-05
20090507,0.018533,7.354365079365079e-05
20090508,0.018536999999999998,7.35595238095238e-05
20090511,0.018536,7.355555555555556e-05
20090512,0.018541000000000002,7.357539682539683e-05
20090513,0.01853,7.353174603174603e-05
20090514,0.018525,7.351190476190475e-05
20090515,0.018512999999999998,7.346428571428571e-05
20090518,0.018515999999999998,7.347619047619047e-05
20090519,0.01851,7.345238095238094e-05
20090520,0.018509,7.344841269841271e-05
20090521,0.018509,7.344841269841271e-05
20090522,0.018504,7.342857142857143e-05
20090525,0.018522,7.35e-05
20090526,0.018531,7.353571428571428e-05
20090527,0.018529,7.352777777777777e-05
20090531,0.018527000000000002,7.351984126984128e-05
20090601,0.018519,7.348809523809524e-05
20090602,0.018519,7.348809523809524e-05
20090603,0.018528,7.352380952380953e-05
20090604,0.018532,7.353968253968254e-05
20090605,0.018526,7.351587301587302e-05
20090608,0.018535,7.35515873015873e-05
20090609,0.01853,7.353174603174603e-05
20090610,0.018535,7.35515873015873e-05
20090611,0.018534,7.354761904761904e-05
20090612,0.018533,7.354365079365079e-05
20090615,0.018533,7.354365079365079e-05
20090616,0.018534,7.354761904761904e-05
20090617,0.018534,7.354761904761904e-05
20090618,0.018544,7.35873015873016e-05
20090619,0.018602,7.381746031746033e-05
20090622,0.018639,7.396428571428571e-05
20090623,0.018654999999999998,7.402777777777777e-05
20090624,0.018663,7.405952380952381e-05
20090625,0.018666000000000002,7.407142857142858e-05
20090626,0.018672,7.409523809523809e-05
20090629,0.018678,7.411904761904762e-05
20090630,0.018688,7.415873015873015e-05
20090701,0.018698,7.41984126984127e-05
20090702,0.018709,7.424206349206349e-05
20090703,0.018712,7.425396825396825e-05
20090706,0.018727,7.431349206349206e-05
20090707,0.018762,7.445238095238095e-05
20090708,0.018779999999999998,7.452380952380952e-05
20090709,0.018948,7.519047619047619e-05
20090710,0.019096,7.577777777777777e-05
20090713,0.019233,7.632142857142857e-05
20090714,0.019331,7.671031746031746e-05
20090715,0.019434,7.711904761904761e-05
20090716,0.019548,7.757142857142857e-05
20090717,0.019735,7.831349206349206e-05
20090720,0.019909,7.900396825396826e-05
20090721,0.020187,8.010714285714286e-05
20090722,0.020339999999999997,8.07142857142857e-05
20090723,0.020453000000000002,8.116269841269842e-05
20090724,0.020526,8.145238095238095e-05
20090727,0.020619000000000002,8.182142857142858e-05
20090728,0.020708,8.217460317460318e-05
20090729,0.020807000000000003,8.256746031746032e-05
20090730,0.02092,8.301587301587302e-05
20090731,0.021009000000000003,8.336904761904763e-05
20090803,0.021128,8.384126984126984e-05
20090804,0.021216,8.419047619047619e-05
20090805,0.021276000000000003,8.442857142857144e-05
20090806,0.021334,8.465873015873015e-05
20090807,0.021408,8.495238095238095e-05
20090810,0.021478999999999998,8.523412698412698e-05
20090811,0.021534,8.545238095238096e-05
20090812,0.021575,8.561507936507937e-05
20090813,0.021606999999999998,8.574206349206349e-05
20090814,0.021662,8.596031746031746e-05
20090817,0.021718,8.618253968253969e-05
20090818,0.021749,8.630555555555556e-05
20090819,0.021768999999999997,8.638492063492063e-05
20090820,0.021788,8.646031746031746e-05
20090821,0.021799,8.650396825396825e-05
20090824,0.021799,8.650396825396825e-05
20090825,0.021789999999999997,8.646825396825395e-05
20090826,0.021789,8.646428571428572e-05
20090827,0.021785000000000002,8.644841269841271e-05
20090828,0.021783,8.644047619047619e-05
20090831,0.021798,8.65e-05
20090901,0.021806000000000002,8.653174603174604e-05
20090902,0.021813,8.65595238095238e-05
20090903,0.021821999999999998,8.659523809523809e-05
20090904,0.021817000000000003,8.657539682539683e-05
20090907,0.021817000000000003,8.657539682539683e-05
20090908,0.021821999999999998,8.659523809523809e-05
20090909,0.021825999999999998,8.66111111111111e-05
20090910,0.021825999999999998,8.66111111111111e-05
20090911,0.021834,8.664285714285714e-05
20090914,0.021837,8.66547619047619e-05
20090915,0.021855000000000003,8.67261904761905e-05
20090916,0.021878,8.681746031746033e-05
20090917,0.021906,8.692857142857142e-05
20090918,0.021917,8.697222222222221e-05
20090921,0.02194,8.706349206349207e-05
20090922,0.021951000000000002,8.710714285714287e-05
20090923,0.021963,8.715476190476191e-05
20090924,0.021970999999999997,8.718650793650793e-05
20090925,0.021978,8.721428571428572e-05
20090927,0.021979000000000002,8.721825396825397e-05
20090928,0.021979000000000002,8.721825396825397e-05
20090929,0.021981999999999998,8.723015873015873e-05
20090930,0.022000000000000002,8.730158730158731e-05
20091009,0.022022,8.738888888888888e-05
20091010,0.022039,8.74563492063492e-05
20091012,0.022078,8.761111111111111e-05
20091013,0.022086,8.764285714285715e-05
20091014,0.022088999999999998,8.76547619047619e-05
20091015,0.022112,8.774603174603174e-05
20091016,0.022139000000000002,8.785317460317461e-05
20091019,0.022151999999999998,8.79047619047619e-05
20091020,0.022174999999999997,8.799603174603174e-05
20091021,0.022191000000000002,8.805952380952382e-05
20091022,0.022204,8.811111111111111e-05
20091023,0.022206999999999998,8.812301587301587e-05
20091026,0.022209,8.813095238095238e-05
20091027,0.022212999999999997,8.814682539682538e-05
20091028,0.022216,8.815873015873015e-05
20091029,0.022219000000000003,8.817063492063493e-05
20091030,0.022221,8.817857142857143e-05
20091102,0.022226,8.81984126984127e-05
20091103,0.022231,8.821825396825397e-05
20091104,0.022233,8.822619047619048e-05
20091105,0.022245,8.827380952380953e-05
20091106,0.022245,8.827380952380953e-05
20091109,0.022251,8.829761904761905e-05
20091110,0.022269,8.836904761904761e-05
20091111,0.022275,8.839285714285714e-05
20091112,0.022277,8.840079365079365e-05
20091113,0.022277,8.840079365079365e-05
20091116,0.022302,8.85e-05
20091117,0.022320000000000003,8.857142857142858e-05
20091118,0.022337,8.863888888888889e-05
20091119,0.022361,8.873412698412698e-05
20091120,0.022366999999999998,8.87579365079365e-05
20091123,0.022369,8.876587301587302e-05
20091124,0.022374,8.878571428571429e-05
20091125,0.022376,8.87936507936508e-05
20091126,0.022376999999999998,8.879761904761904e-05
20091127,0.022369,8.876587301587302e-05
20091130,0.022383,8.882142857142857e-05
20091201,0.022387999999999998,8.884126984126984e-05
20091202,0.022392,8.885714285714286e-05
20091203,0.022397,8.887698412698412e-05
20091204,0.022400000000000003,8.88888888888889e-05
20091207,0.022400000000000003,8.88888888888889e-05
20091208,0.022409,8.892460317460316e-05
20091209,0.022417,8.89563492063492e-05
20091210,0.022429,8.900396825396826e-05
20091211,0.022442000000000004,8.905555555555557e-05
20091214,0.022451,8.909126984126983e-05
20091215,0.022465000000000002,8.914682539682541e-05
20091216,0.022480000000000003,8.920634920634922e-05
20091217,0.022487,8.923412698412698e-05
20091218,0.022490999999999997,8.924999999999999e-05
20091221,0.022492,8.925396825396826e-05
20091222,0.022492,8.925396825396826e-05
20091223,0.022497,8.927380952380953e-05
20091224,0.0225,8.928571428571429e-05
20091225,0.022501000000000004,8.928968253968256e-05
20091228,0.022501000000000004,8.928968253968256e-05
20091229,0.022502,8.92936507936508e-05
20091230,0.022502,8.92936507936508e-05
20091231,0.022502,8.92936507936508e-05
20100104,0.022502,8.92936507936508e-05
20100105,0.022501000000000004,8.928968253968256e-05
20100106,0.022501000000000004,8.928968253968256e-05
20100107,0.022551,8.948809523809525e-05
20100108,0.022594,8.965873015873015e-05
20100111,0.022629,8.979761904761904e-05
20100112,0.022682,9.000793650793651e-05
20100113,0.022802,9.048412698412699e-05
20100114,0.022869,9.075e-05
20100115,0.022916,9.093650793650793e-05
20100118,0.022959999999999998,9.11111111111111e-05
20100119,0.023027000000000002,9.137698412698414e-05
20100120,0.023119999999999998,9.174603174603173e-05
20100121,0.023176000000000002,9.196825396825398e-05
20100122,0.023212999999999998,9.211507936507935e-05
20100125,0.023237999999999998,9.221428571428571e-05
20100126,0.023260999999999997,9.230555555555554e-05
20100127,0.023285999999999998,9.24047619047619e-05
20100128,0.023311000000000002,9.250396825396826e-05
20100129,0.023326,9.256349206349206e-05
20100201,0.023332000000000002,9.25873015873016e-05
20100202,0.023339,9.261507936507936e-05
20100203,0.023336000000000003,9.260317460317462e-05
20100204,0.02334,9.261904761904762e-05
20100205,0.023348,9.265079365079366e-05
20100208,0.023359,9.269444444444445e-05
20100209,0.023370000000000002,9.273809523809525e-05
20100210,0.023378,9.276984126984127e-05
20100211,0.023445,9.303571428571428e-05
20100212,0.023473,9.31468253968254e-05
20100220,0.02351,9.32936507936508e-05
20100221,0.023492000000000002,9.322222222222223e-05
20100222,0.023497,9.32420634920635e-05
20100223,0.023489,9.321031746031746e-05
20100224,0.023496000000000003,9.323809523809525e-05
20100225,0.0235,9.325396825396825e-05
20100226,0.023500999999999998,9.32579365079365e-05
20100301,0.02351,9.32936507936508e-05
20100302,0.023517999999999997,9.332539682539682e-05
20100303,0.023521999999999998,9.334126984126984e-05
20100304,0.023525,9.335317460317461e-05
20100305,0.023524,9.334920634920635e-05
20100308,0.023521,9.333730158730159e-05
20100309,0.02352,9.333333333333333e-05
20100310,0.02352,9.333333333333333e-05
20100311,0.023521,9.333730158730159e-05
20100312,0.023524,9.334920634920635e-05
20100315,0.02352,9.333333333333333e-05
20100316,0.023521,9.333730158730159e-05
20100317,0.023521,9.333730158730159e-05
20100318,0.023526,9.335714285714284e-05
20100319,0.023525,9.335317460317461e-05
20100322,0.023530000000000002,9.337301587301588e-05
20100323,0.023535,9.339285714285714e-05
20100324,0.023530000000000002,9.337301587301588e-05
20100325,0.023527999999999997,9.336507936507935e-05
20100326,0.023525,9.335317460317461e-05
20100329,0.023533,9.338492063492063e-05
20100330,0.023526,9.335714285714284e-05
20100331,0.023525,9.335317460317461e-05
20100401,0.023525,9.335317460317461e-05
20100402,0.023523000000000002,9.33452380952381e-05
20100406,0.023521999999999998,9.334126984126984e-05
20100407,0.023556,9.347619047619048e-05
20100408,0.023583,9.358333333333334e-05
20100409,0.023595,9.363095238095239e-05
20100412,0.023607,9.367857142857143e-05
20100413,0.023610000000000003,9.36904761904762e-05
20100414,0.023618999999999998,9.372619047619046e-05
20100415,0.023624,9.374603174603174e-05
20100416,0.023632,9.377777777777778e-05
20100419,0.023633,9.378174603174604e-05
20100420,0.023618999999999998,9.372619047619046e-05
20100421,0.023615,9.371031746031746e-05
20100422,0.023636,9.37936507936508e-05
20100423,0.02365,9.384920634920635e-05
20100426,0.023656,9.387301587301587e-05
20100427,0.023655,9.386904761904761e-05
20100428,0.023655,9.386904761904761e-05
20100429,0.023664,9.390476190476191e-05
20100430,0.023665,9.390873015873016e-05
20100504,0.023668,9.392063492063493e-05
20100505,0.023677999999999998,9.396031746031745e-05
20100506,0.023681999999999998,9.397619047619047e-05
20100507,0.023677,9.39563492063492e-05
20100510,0.023683999999999997,9.398412698412698e-05
20100511,0.023702,9.405555555555556e-05
20100512,0.02368,9.396825396825397e-05
20100513,0.023685,9.398809523809524e-05
20100514,0.023695,9.402777777777778e-05
20100517,0.023698,9.403968253968254e-05
20100518,0.023677,9.39563492063492e-05
20100519,0.023695,9.402777777777778e-05
20100520,0.023698,9.403968253968254e-05
20100521,0.023679000000000002,9.396428571428572e-05
20100524,0.023749,9.424206349206349e-05
20100525,0.023809999999999998,9.448412698412697e-05
20100526,0.023958,9.507142857142857e-05
20100527,0.024012,9.528571428571428e-05
20100528,0.02414,9.57936507936508e-05
20100531,0.024238,9.618253968253967e-05
20100601,0.024498000000000002,9.721428571428572e-05
20100602,0.024571,9.750396825396825e-05
20100603,0.024669,9.789285714285714e-05
20100604,0.024741,9.817857142857142e-05
20100607,0.024767,9.828174603174604e-05
20100608,0.024822999999999998,9.850396825396824e-05
20100609,0.024874,9.870634920634921e-05
20100610,0.024929999999999997,9.892857142857141e-05
20100611,0.024997,9.919444444444444e-05
20100612,0.025023,9.929761904761904e-05
20100613,0.025188000000000002,9.995238095238096e-05
20100617,0.025200999999999998,0.00010000396825396824
20100618,0.025261,0.00010024206349206349
20100621,0.025326,0.0001005
20100622,0.025436,0.00010093650793650794
20100623,0.025497000000000002,0.00010117857142857144
20100624,0.025574,0.00010148412698412698
20100625,0.025676,0.0001018888888888889
20100628,0.025997,0.00010316269841269841
20100629,0.026122999999999997,0.0001036626984126984
20100630,0.026183,0.00010390079365079366
20100701,0.026137999999999998,0.00010372222222222221
20100702,0.026082,0.00010350000000000001
20100705,0.026059000000000002,0.00010340873015873017
20100706,0.026081,0.00010349603174603175
20100707,0.026033,0.00010330555555555555
20100708,0.026011000000000003,0.00010321825396825398
20100709,0.026136,0.00010371428571428572
20100712,0.026183,0.00010390079365079366
20100713,0.026192000000000003,0.00010393650793650795
20100714,0.026187000000000002,0.00010391666666666668
20100715,0.026161,0.00010381349206349206
20100716,0.026158,0.0001038015873015873
20100719,0.02614,0.00010373015873015873
20100720,0.026137999999999998,0.00010372222222222221
20100721,0.026145,0.00010375
20100722,0.026137999999999998,0.00010372222222222221
20100723,0.026154,0.00010378571428571429
20100726,0.026149,0.000103765873015873
20100727,0.026147,0.00010375793650793651
20100728,0.026137999999999998,0.00010372222222222221
20100729,0.026126,0.00010367460317460317
20100730,0.026129,0.00010368650793650794
20100802,0.02613,0.00010369047619047619
20100803,0.026122999999999997,0.0001036626984126984
20100804,0.026121,0.0001036547619047619
20100805,0.026122,0.00010365873015873015
20100806,0.02613,0.00010369047619047619
20100809,0.02614,0.00010373015873015873
20100810,0.026139000000000003,0.00010372619047619049
20100811,0.026158,0.0001038015873015873
20100812,0.026166000000000002,0.00010383333333333334
20100813,0.026173000000000002,0.00010386111111111112
20100816,0.026192000000000003,0.00010393650793650795
20100817,0.026204,0.00010398412698412699
20100818,0.026205,0.00010398809523809524
20100819,0.026227,0.00010407539682539682
20100820,0.026234999999999998,0.00010410714285714285
20100823,0.026241,0.00010413095238095239
20100824,0.026243,0.00010413888888888888
20100825,0.026238,0.00010411904761904762
20100826,0.026276,0.00010426984126984128
20100827,0.026336,0.0001045079365079365
20100830,0.026417000000000003,0.00010482936507936509
20100831,0.026455000000000003,0.00010498015873015874
20100901,0.026456,0.00010498412698412699
20100902,0.026442999999999998,0.00010493253968253967
20100903,0.026424,0.00010485714285714285
20100906,0.026441,0.00010492460317460317
20100907,0.026448999999999997,0.0001049563492063492
20100908,0.026451,0.0001049642857142857
20100909,0.026451,0.0001049642857142857
20100910,0.026463,0.00010501190476190476
20100913,0.026495,0.0001051388888888889
20100914,0.026520000000000002,0.00010523809523809524
20100915,0.026536,0.0001053015873015873
20100916,0.026555,0.00010537698412698412
20100917,0.02658,0.00010547619047619048
20100919,0.026591999999999998,0.00010552380952380952
20100920,0.026597,0.0001055436507936508
20100921,0.026611,0.00010559920634920635
20100925,0.026652,0.00010576190476190475
20100926,0.026699999999999998,0.00010595238095238095
20100927,0.026711,0.00010599603174603174
20100928,0.026736,0.0001060952380952381
20100929,0.026755,0.00010617063492063493
20100930,0.026793,0.00010632142857142858
20101008,0.026781000000000003,0.00010627380952380954
20101009,0.026776,0.00010625396825396826
20101011,0.026785,0.00010628968253968254
20101012,0.026810999999999998,0.00010639285714285713
20101013,0.026831,0.00010647222222222222
20101014,0.026843,0.00010651984126984127
20101015,0.026847,0.00010653571428571428
20101018,0.026847,0.00010653571428571428
20101019,0.026855000000000004,0.00010656746031746034
20101020,0.027946,0.0001108968253968254
20101021,0.028392,0.00011266666666666666
20101022,0.028644,0.00011366666666666666
20101025,0.028839,0.00011444047619047619
20101026,0.028939,0.00011483730158730159
20101027,0.029066,0.00011534126984126985
20101028,0.029142,0.00011564285714285715
20101029,0.029212,0.00011592063492063491
20101101,0.029257,0.00011609920634920635
20101102,0.02931,0.0001163095238095238
20101103,0.029339,0.00011642460317460318
20101104,0.029346999999999998,0.0001164563492063492
20101105,0.029348,0.00011646031746031745
20101108,0.029389,0.00011662301587301587
20101109,0.02943,0.00011678571428571429
20101110,0.029458,0.0001168968253968254
20101111,0.029567999999999997,0.00011733333333333332
20101112,0.029663,0.00011771031746031746
20101115,0.029725,0.00011795634920634921
20101116,0.029758,0.00011808730158730158
20101117,0.029762,0.0001181031746031746
20101118,0.029765,0.00011811507936507936
20101119,0.029798,0.00011824603174603175
20101122,0.029916,0.00011871428571428572
20101123,0.030103,0.00011945634920634921
20101124,0.030240999999999997,0.00012000396825396824
20101125,0.030367,0.00012050396825396826
20101126,0.030618,0.0001215
20101129,0.030785999999999997,0.00012216666666666666
20101130,0.030966999999999998,0.00012288492063492062
20101201,0.031103000000000002,0.0001234246031746032
20101202,0.031237,0.0001239563492063492
20101203,0.031381,0.00012452777777777777
20101206,0.031449,0.00012479761904761905
20101207,0.031509999999999996,0.00012503968253968254
20101208,0.031568,0.00012526984126984126
20101209,0.031646,0.00012557936507936508
20101210,0.031743,0.00012596428571428573
20101213,0.031815,0.00012625
20101214,0.031905,0.00012660714285714288
20101215,0.032062,0.00012723015873015872
20101216,0.03215,0.00012757936507936507
20101217,0.03223,0.00012789682539682542
20101220,0.032574,0.00012926190476190475
20101221,0.032955,0.00013077380952380952
20101222,0.033239,0.00013190079365079364
20101223,0.033617,0.00013340079365079365
20101224,0.03395,0.00013472222222222222
20101227,0.035246,0.00013986507936507937
20101228,0.035767,0.00014193253968253967
20101229,0.03595,0.00014265873015873018
20101230,0.036169,0.00014352777777777777
20101231,0.036312000000000004,0.00014409523809523811
20110104,0.036383,0.00014437698412698413
20110105,0.036461,0.00014468650793650795
20110106,0.036521,0.00014492460317460317
20110107,0.03662,0.00014531746031746031
20110110,0.036774,0.00014592857142857143
20110111,0.036895,0.00014640873015873016
20110112,0.036929,0.00014654365079365078
20110113,0.036992,0.00014679365079365078
20110114,0.037076,0.00014712698412698412
20110117,0.037155,0.0001474404761904762
20110118,0.037196,0.0001476031746031746
20110119,0.037344,0.00014819047619047619
20110120,0.037538999999999996,0.0001489642857142857
20110121,0.037855,0.00015021825396825396
20110124,0.03816,0.00015142857142857143
20110125,0.038568,0.00015304761904761903
20110126,0.039187,0.00015550396825396825
20110127,0.039599999999999996,0.00015714285714285713
20110128,0.040101000000000005,0.0001591309523809524
20110130,0.040561,0.00016095634920634922
20110131,0.040808,0.00016193650793650793
20110201,0.04089400000000001,0.00016227777777777782
20110209,0.042211,0.00016750396825396824
20110210,0.042827000000000004,0.00016994841269841272
20110211,0.043067,0.00017090079365079366
20110212,0.043238000000000006,0.00017157936507936511
20110214,0.043464,0.00017247619047619048
20110215,0.043685999999999996,0.00017335714285714285
20110216,0.04393,0.0001743253968253968
20110217,0.04425900000000001,0.00017563095238095242
20110218,0.044529,0.00017670238095238096
20110221,0.044897,0.0001781626984126984
20110222,0.045232,0.0001794920634920635
20110223,0.045499,0.00018055158730158729
20110224,0.045795,0.00018172619047619049
20110225,0.045953,0.00018235317460317462
20110228,0.046079999999999996,0.00018285714285714284
20110301,0.046208,0.00018336507936507937
20110302,0.046284,0.00018366666666666667
20110303,0.046238,0.000183484126984127
20110304,0.046300999999999995,0.00018373412698412698
20110307,0.046344,0.00018390476190476192
20110308,0.04635500000000001,0.00018394841269841274
20110309,0.046353,0.0001839404761904762
20110310,0.046366,0.00018399206349206348
20110311,0.04638200000000001,0.00018405555555555558
20110314,0.046378,0.00018403968253968256
20110315,0.046459,0.0001843611111111111
20110316,0.046525,0.00018462301587301587
20110317,0.046558,0.00018475396825396825
20110318,0.046566,0.0001847857142857143
20110321,0.046647,0.00018510714285714286
20110322,0.046662999999999996,0.0001851706349206349
20110323,0.046673,0.00018521031746031744
20110324,0.046620999999999996,0.00018500396825396823
20110325,0.046583,0.0001848531746031746
20110328,0.046601,0.00018492460317460317
20110329,0.046603000000000006,0.00018493253968253972
20110330,0.046604,0.00018493650793650792
20110331,0.04661800000000001,0.00018499206349206353
20110401,0.046623,0.00018501190476190475
20110402,0.046624,0.00018501587301587302
20110406,0.047347,0.00018788492063492063
20110407,0.047615,0.0001889484126984127
20110408,0.047809,0.00018971825396825397
20110411,0.047828999999999997,0.00018979761904761903
20110412,0.047871,0.0001899642857142857
20110413,0.047899000000000004,0.00019007539682539684
20110414,0.047911999999999996,0.0001901269841269841
20110415,0.047922,0.00019016666666666666
20110418,0.048015999999999996,0.00019053968253968253
20110419,0.04808900000000001,0.0001908293650793651
20110420,0.048116000000000006,0.00019093650793650796
20110421,0.048177000000000005,0.00019117857142857144
20110422,0.048317,0.00019173412698412698
20110425,0.04845,0.00019226190476190477
20110426,0.048563999999999996,0.0001927142857142857
20110427,0.048614,0.00019291269841269841
20110428,0.048666999999999995,0.00019312301587301586
20110429,0.048706,0.00019327777777777778
20110503,0.048642000000000005,0.00019302380952380954
20110504,0.048636,0.000193
20110505,0.048572,0.00019274603174603173
20110506,0.048562,0.0001927063492063492
20110509,0.048594,0.00019283333333333332
20110510,0.048511,0.00019250396825396825
20110511,0.048519,0.0001925357142857143
20110512,0.048521,0.0001925436507936508
20110513,0.048573000000000005,0.00019275000000000002
20110516,0.048562,0.0001927063492063492
20110517,0.048546,0.00019264285714285713
20110518,0.048566000000000005,0.00019272222222222225
20110519,0.04858,0.00019277777777777777
20110520,0.048639999999999996,0.000193015873015873
20110523,0.048746,0.00019343650793650794
20110524,0.048841,0.00019381349206349207
20110525,0.048879,0.0001939642857142857
20110526,0.048956,0.00019426984126984126
20110527,0.048963,0.00019429761904761903
20110530,0.049054,0.00019465873015873017
20110531,0.048940000000000004,0.0001942063492063492
20110601,0.048916,0.00019411111111111113
20110602,0.048902,0.00019405555555555555
20110603,0.048834999999999996,0.00019378968253968253
20110607,0.04883200000000001,0.0001937777777777778
20110608,0.048898000000000004,0.00019403968253968256
20110609,0.049043,0.00019461507936507937
20110610,0.049151999999999994,0.00019504761904761902
20110613,0.049206,0.00019526190476190476
20110614,0.049338,0.00019578571428571429
20110615,0.049569,0.00019670238095238096
20110616,0.049771,0.00019750396825396826
20110617,0.049913,0.00019806746031746032
20110620,0.050259,0.00019944047619047619
20110621,0.050406000000000006,0.00020002380952380955
20110622,0.050575,0.00020069444444444445
20110623,0.050813,0.00020163888888888887
20110624,0.051024,0.00020247619047619047
20110627,0.051071,0.0002026626984126984
20110628,0.05122,0.00020325396825396827
20110629,0.051308999999999994,0.00020360714285714283
20110630,0.051367,0.0002038373015873016
20110701,0.051405000000000006,0.00020398809523809527
20110704,0.051485,0.00020430555555555556
20110705,0.05149600000000001,0.00020434920634920638
20110706,0.051466000000000005,0.00020423015873015875
20110707,0.051923000000000004,0.00020604365079365081
20110708,0.051977999999999996,0.00020626190476190476
20110711,0.052027000000000004,0.0002064563492063492
20110712,0.052016,0.00020641269841269842
20110713,0.05202,0.0002064285714285714
20110714,0.052041000000000004,0.0002065119047619048
20110715,0.052061,0.00020659126984126985
20110718,0.052065,0.00020660714285714285
20110719,0.052068,0.00020661904761904763
20110720,0.052093,0.00020671825396825397
20110721,0.052125000000000005,0.00020684523809523812
20110722,0.05219699999999999,0.00020713095238095234
20110725,0.05223900000000001,0.00020729761904761908
20110726,0.052293000000000006,0.00020751190476190479
20110727,0.052295999999999995,0.00020752380952380952
20110728,0.052297,0.00020752777777777778
20110729,0.052285000000000005,0.00020748015873015875
20110801,0.05227299999999999,0.00020743253968253967
20110802,0.052300000000000006,0.00020753968253968256
20110803,0.052285000000000005,0.00020748015873015875
20110804,0.052257,0.00020736904761904762
20110805,0.05226,0.00020738095238095238
20110808,0.052237,0.00020728968253968253
20110809,0.052249,0.00020733730158730158
20110810,0.052268999999999996,0.00020741666666666665
20110811,0.052256,0.00020736507936507936
20110812,0.052252,0.00020734920634920634
20110815,0.052226,0.00020724603174603176
20110816,0.052181,0.0002070674603174603
20110817,0.052214,0.0002071984126984127
20110818,0.052247,0.0002073293650793651
20110819,0.052255,0.00020736111111111112
20110822,0.052262,0.0002073888888888889
20110823,0.052271,0.00020742460317460317
20110824,0.052287999999999994,0.00020749206349206348
20110825,0.052279,0.0002074563492063492
20110826,0.052268,0.00020741269841269841
20110829,0.052343,0.00020771031746031748
20110830,0.052373,0.0002078293650793651
20110831,0.052407,0.00020796428571428572
20110901,0.052439,0.00020809126984126984
20110902,0.052485,0.0002082738095238095
20110905,0.052494,0.0002083095238095238
20110906,0.052508,0.00020836507936507936
20110907,0.05254400000000001,0.00020850793650793655
20110908,0.052555,0.0002085515873015873
20110909,0.052552,0.00020853968253968256
20110913,0.052543,0.00020850396825396826
20110914,0.052543,0.00020850396825396826
20110915,0.052553,0.0002085436507936508
20110916,0.052558,0.00020856349206349207
20110919,0.052552,0.00020853968253968256
20110920,0.052550999999999994,0.00020853571428571427
20110921,0.052529000000000006,0.0002084484126984127
20110922,0.052543,0.00020850396825396826
20110923,0.052537,0.00020848015873015872
20110926,0.052539999999999996,0.00020849206349206348
20110927,0.052541000000000004,0.00020849603174603177
20110928,0.052543,0.00020850396825396826
20110929,0.052543,0.00020850396825396826
20110930,0.052534,0.00020846825396825396
20111008,0.052531,0.0002084563492063492
20111009,0.052522,0.0002084206349206349
20111010,0.052521000000000005,0.0002084166666666667
20111011,0.052511999999999996,0.00020838095238095237
20111012,0.052528,0.00020844444444444445
20111013,0.052538999999999995,0.00020848809523809522
20111014,0.052558,0.00020856349206349207
20111017,0.052562,0.00020857936507936506
20111018,0.052537,0.00020848015873015872
20111019,0.052538,0.00020848412698412698
20111020,0.052516,0.0002083968253968254
20111021,0.052546999999999996,0.00020851984126984125
20111024,0.052536,0.00020847619047619049
20111025,0.052536,0.00020847619047619049
20111026,0.052534,0.00020846825396825396
20111027,0.052474,0.00020823015873015874
20111028,0.052499000000000004,0.00020832936507936509
20111031,0.052533,0.00020846428571428573
20111101,0.052501,0.00020833730158730158
20111102,0.052543,0.00020850396825396826
20111103,0.052545,0.00020851190476190476
20111104,0.052546,0.00020851587301587302
20111107,0.052552,0.00020853968253968256
20111108,0.052558999999999995,0.0002085674603174603
20111109,0.052528,0.00020844444444444445
20111110,0.052526,0.00020843650793650795
20111111,0.052509,0.00020836904761904762
20111114,0.052538999999999995,0.00020848809523809522
20111115,0.052516999999999994,0.00020840079365079363
20111116,0.052508,0.00020836507936507936
20111117,0.052515,0.00020839285714285713
20111118,0.05252,0.0002084126984126984
20111121,0.052511999999999996,0.00020838095238095237
20111122,0.052523999999999994,0.0002084285714285714
20111123,0.0525,0.00020833333333333332
20111124,0.052497999999999996,0.0002083253968253968
20111125,0.052485,0.0002082738095238095
20111128,0.052482,0.00020826190476190478
20111129,0.052518,0.00020840476190476192
20111130,0.052516999999999994,0.00020840079365079363
20111201,0.052444,0.0002081111111111111
20111202,0.052395,0.00020791666666666666
20111205,0.052368,0.0002078095238095238
20111206,0.052375,0.00020783730158730157
20111207,0.052356,0.00020776190476190477
20111208,0.052374000000000004,0.00020783333333333336
20111209,0.052371,0.00020782142857142858
20111212,0.052375,0.00020783730158730157
20111213,0.05237,0.00020781746031746032
20111214,0.052356,0.00020776190476190477
20111215,0.052366,0.00020780158730158732
20111216,0.052361000000000005,0.00020778174603174605
20111219,0.052363,0.00020778968253968254
20111220,0.052356999999999994,0.000207765873015873
20111221,0.052362,0.00020778571428571428
20111222,0.052362,0.00020778571428571428
20111223,0.052341,0.00020770238095238095
20111226,0.052336999999999995,0.0002076865079365079
20111227,0.052344999999999996,0.00020771825396825394
20111228,0.052343,0.00020771031746031748
20111229,0.052373,0.0002078293650793651
20111230,0.052378,0.00020784920634920635
20111231,0.052373,0.0002078293650793651
20120104,0.052363999999999994,0.00020779365079365077
20120105,0.052376,0.00020784126984126983
20120106,0.052393,0.00020790873015873017
20120109,0.052375,0.00020783730158730157
20120110,0.052373,0.0002078293650793651
20120111,0.052373,0.0002078293650793651
20120112,0.052377,0.0002078452380952381
20120113,0.05238,0.00020785714285714288
20120116,0.052381000000000004,0.00020786111111111114
20120117,0.052369000000000006,0.00020781349206349208
20120118,0.052377,0.0002078452380952381
20120119,0.052368,0.0002078095238095238
20120120,0.052367,0.00020780555555555553
20120121,0.052392,0.0002079047619047619
20120129,0.052386,0.0002078809523809524
20120130,0.052369000000000006,0.00020781349206349208
20120131,0.052367,0.00020780555555555553
20120201,0.052374000000000004,0.00020783333333333336
20120202,0.052367,0.00020780555555555553
20120203,0.052366,0.00020780158730158732
20120206,0.05237,0.00020781746031746032
20120207,0.052367,0.00020780555555555553
20120208,0.052344,0.0002077142857142857
20120209,0.052323,0.00020763095238095238
20120210,0.052316,0.0002076031746031746
20120213,0.052317,0.00020760714285714287
20120214,0.052317,0.00020760714285714287
20120215,0.052317,0.00020760714285714287
20120216,0.052324999999999997,0.00020763888888888888
20120217,0.052331,0.00020766269841269842
20120220,0.052289,0.00020749603174603177
20120221,0.052295,0.00020751984126984128
20120222,0.052294,0.00020751587301587302
20120223,0.052293000000000006,0.00020751190476190479
20120224,0.052286,0.00020748412698412698
20120227,0.052274,0.00020743650793650793
20120228,0.052244,0.0002073174603174603
20120229,0.052229,0.0002072579365079365
20120301,0.05221,0.0002071825396825397
20120302,0.052203,0.0002071547619047619
20120305,0.052198,0.00020713492063492063
20120306,0.052138,0.00020689682539682538
20120307,0.052110000000000004,0.0002067857142857143
20120308,0.05208599999999999,0.00020669047619047617
20120309,0.052044,0.00020652380952380952
20120312,0.052015000000000006,0.00020640873015873018
20120313,0.052011,0.00020639285714285714
20120314,0.052002,0.00020635714285714287
20120315,0.052004999999999996,0.0002063690476190476
20120316,0.051965000000000004,0.00020621031746031747
20120319,0.051926,0.00020605555555555554
20120320,0.051884,0.0002058888888888889
20120321,0.051859,0.00020578968253968255
20120322,0.051867,0.00020582142857142858
20120323,0.051855000000000005,0.00020577380952380955
20120326,0.051798000000000004,0.00020554761904761906
20120327,0.051767,0.00020542460317460318
20120328,0.051739,0.00020531349206349208
20120329,0.051668000000000006,0.00020503174603174606
20120330,0.051585,0.00020470238095238096
20120331,0.051524,0.00020446031746031745
20120401,0.05150299999999999,0.0002043769841269841
20120405,0.051481000000000006,0.00020428968253968256
20120406,0.051463,0.00020421825396825397
20120409,0.051449999999999996,0.00020416666666666665
20120410,0.051437,0.00020411507936507936
20120411,0.051416,0.00020403174603174604
20120412,0.051397000000000005,0.00020395634920634923
20120413,0.05137800000000001,0.0002038809523809524
20120416,0.051367,0.0002038373015873016
20120417,0.05135100000000001,0.00020377380952380956
20120418,0.05133600000000001,0.00020371428571428575
20120419,0.051326000000000004,0.0002036746031746032
20120420,0.051311,0.00020361507936507938
20120423,0.051278,0.00020348412698412697
20120424,0.051244,0.00020334920634920635
20120425,0.051216,0.00020323809523809522
20120426,0.05119100000000001,0.0002031388888888889
20120427,0.05116,0.000203015873015873
20120428,0.051114,0.00020283333333333332
20120502,0.051094999999999995,0.0002027579365079365
20120503,0.05107300000000001,0.00020267063492063496
20120504,0.051038,0.00020253174603174603
20120507,0.051025,0.00020248015873015874
20120508,0.051013,0.00020243253968253968
20120509,0.051,0.00020238095238095236
20120510,0.050991999999999996,0.00020234920634920633
20120511,0.050966,0.00020224603174603175
20120514,0.050792000000000004,0.00020155555555555557
20120515,0.050563000000000004,0.00020064682539682542
20120516,0.050491,0.00020036111111111112
20120517,0.050339,0.00019975793650793653
20120518,0.050236,0.00019934920634920636
20120521,0.050156,0.00019903174603174602
20120522,0.0501,0.0001988095238095238
20120523,0.050012999999999995,0.0001984642857142857
20120524,0.049898,0.0001980079365079365
20120525,0.049765,0.00019748015873015872
20120528,0.049669,0.00019709920634920634
20120529,0.049546,0.0001966111111111111
20120530,0.049458,0.00019626190476190476
20120531,0.049317,0.00019570238095238096
20120601,0.049262,0.000195484126984127
20120604,0.049241,0.00019540079365079366
20120605,0.049183000000000004,0.00019517063492063494
20120606,0.049141000000000004,0.00019500396825396826
20120607,0.049115,0.00019490079365079365
20120608,0.048669000000000004,0.00019313095238095238
20120611,0.048501,0.00019246428571428572
20120612,0.048402,0.00019207142857142857
20120613,0.048296,0.00019165079365079365
20120614,0.048186,0.00019121428571428572
20120615,0.048055,0.00019069444444444445
20120618,0.047953,0.00019028968253968255
20120619,0.047851,0.00018988492063492062
20120620,0.047788000000000004,0.00018963492063492064
20120621,0.04774,0.00018944444444444445
20120625,0.047808,0.00018971428571428573
20120626,0.047755,0.00018950396825396826
20120627,0.047659,0.00018912301587301587
20120628,0.047507,0.00018851984126984128
20120629,0.047454,0.00018830952380952383
20120702,0.047426,0.0001881984126984127
20120703,0.047356999999999996,0.00018792460317460316
20120704,0.047289000000000005,0.00018765476190476193
20120705,0.047181,0.00018722619047619048
20120706,0.046876,0.000186015873015873
20120709,0.046735,0.0001854563492063492
20120710,0.046442,0.00018429365079365077
20120711,0.046177,0.0001832420634920635
20120712,0.045965,0.00018240079365079365
20120713,0.045721,0.00018143253968253969
20120716,0.045606,0.00018097619047619047
20120717,0.045507,0.00018058333333333332
20120718,0.045434999999999996,0.00018029761904761905
20120719,0.045388000000000005,0.00018011111111111114
20120720,0.045278,0.00017967460317460317
20120723,0.045214,0.0001794206349206349
20120724,0.045168,0.00017923809523809524
20120725,0.045136,0.00017911111111111112
20120726,0.045086,0.00017891269841269843
20120727,0.045037,0.00017871825396825397
20120730,0.044947999999999995,0.00017836507936507933
20120731,0.044904,0.00017819047619047618
20120801,0.044896000000000005,0.00017815873015873017
20120802,0.044800000000000006,0.0001777777777777778
20120803,0.044717,0.0001774484126984127
20120806,0.044646,0.00017716666666666667
20120807,0.044581,0.00017690873015873017
20120808,0.044519,0.00017666269841269843
20120809,0.044494,0.00017656349206349205
20120810,0.044452,0.0001763968253968254
20120813,0.044421,0.00017627380952380954
20120814,0.044404000000000006,0.00017620634920634923
20120815,0.044403,0.00017620238095238095
20120816,0.044403,0.00017620238095238095
20120817,0.044421,0.00017627380952380954
20120820,0.044438000000000005,0.00017634126984126985
20120821,0.04444,0.00017634920634920635
20120822,0.04441900000000001,0.00017626587301587305
20120823,0.044412,0.00017623809523809524
20120824,0.044398999999999994,0.0001761865079365079
20120827,0.044379999999999996,0.0001761111111111111
20120828,0.044337999999999995,0.00017594444444444442
20120829,0.044326,0.0001758968253968254
20120830,0.044324,0.0001758888888888889
20120831,0.04425,0.0001755952380952381
20120903,0.044246999999999995,0.0001755833333333333
20120904,0.044175000000000006,0.00017529761904761906
20120905,0.044143999999999996,0.00017517460317460315
20120906,0.04409,0.00017496031746031744
20120907,0.044077000000000005,0.00017490873015873018
20120910,0.044050000000000006,0.00017480158730158734
20120911,0.044057000000000006,0.0001748293650793651
20120912,0.044043,0.0001747738095238095
20120913,0.044042000000000005,0.0001747698412698413
20120914,0.044024,0.0001746984126984127
20120917,0.044014,0.00017465873015873014
20120918,0.04401,0.00017464285714285715
20120919,0.04401,0.00017464285714285715
20120920,0.04401,0.00017464285714285715
20120921,0.044008000000000005,0.00017463492063492066
20120924,0.044005999999999997,0.0001746269841269841
20120925,0.044005999999999997,0.0001746269841269841
20120926,0.044005,0.00017462301587301587
20120927,0.044002999999999994,0.00017461507936507935
20120928,0.044000000000000004,0.00017460317460317462
20120929,0.044000000000000004,0.00017460317460317462
20121008,0.044004,0.00017461904761904764
20121009,0.044002,0.00017461111111111111
20121010,0.044002,0.00017461111111111111
20121011,0.044002,0.00017461111111111111
20121012,0.044001,0.00017460714285714285
20121015,0.044001,0.00017460714285714285
20121016,0.044001,0.00017460714285714285
20121017,0.044001,0.00017460714285714285
20121018,0.044001,0.00017460714285714285
20121019,0.044001,0.00017460714285714285
20121022,0.044001,0.00017460714285714285
20121023,0.044001,0.00017460714285714285
20121024,0.044001,0.00017460714285714285
20121025,0.044000000000000004,0.00017460317460317462
20121026,0.044000000000000004,0.00017460317460317462
20121029,0.044000000000000004,0.00017460317460317462
20121030,0.044000000000000004,0.00017460317460317462
20121031,0.044000000000000004,0.00017460317460317462
20121101,0.044000000000000004,0.00017460317460317462
20121102,0.044000000000000004,0.00017460317460317462
20121105,0.044000000000000004,0.00017460317460317462
20121106,0.044000000000000004,0.00017460317460317462
20121107,0.044000000000000004,0.00017460317460317462
20121108,0.044000000000000004,0.00017460317460317462
20121109,0.044000000000000004,0.00017460317460317462
20121112,0.044000000000000004,0.00017460317460317462
20121113,0.044000000000000004,0.00017460317460317462
20121114,0.044000000000000004,0.00017460317460317462
20121115,0.044000000000000004,0.00017460317460317462
20121116,0.044000000000000004,0.00017460317460317462
20121119,0.044000000000000004,0.00017460317460317462
20121120,0.044000000000000004,0.00017460317460317462
20121121,0.044000000000000004,0.00017460317460317462
20121122,0.044000000000000004,0.00017460317460317462
20121123,0.044000000000000004,0.00017460317460317462
20121126,0.044000000000000004,0.00017460317460317462
20121127,0.044000000000000004,0.00017460317460317462
20121128,0.044000000000000004,0.00017460317460317462
20121129,0.044000000000000004,0.00017460317460317462
20121130,0.044000000000000004,0.00017460317460317462
20121203,0.044000000000000004,0.00017460317460317462
20121204,0.044000000000000004,0.00017460317460317462
20121205,0.044000000000000004,0.00017460317460317462
20121206,0.044000000000000004,0.00017460317460317462
20121207,0.044000000000000004,0.00017460317460317462
20121210,0.044000000000000004,0.00017460317460317462
20121211,0.044000000000000004,0.00017460317460317462
20121212,0.044000000000000004,0.00017460317460317462
20121213,0.044000000000000004,0.00017460317460317462
20121214,0.044001,0.00017460714285714285
20121217,0.044002,0.00017461111111111111
20121218,0.044002,0.00017461111111111111
20121219,0.044002,0.00017461111111111111
20121220,0.044002999999999994,0.00017461507936507935
20121221,0.044002999999999994,0.00017461507936507935
20121224,0.044004,0.00017461904761904764
20121225,0.044005,0.00017462301587301587
20121226,0.044005,0.00017462301587301587
20121227,0.044002999999999994,0.00017461507936507935
20121228,0.044002,0.00017461111111111111
20121231,0.044002,0.00017461111111111111
20130104,0.044004,0.00017461904761904764
20130105,0.044004,0.00017461904761904764
20130106,0.044004,0.00017461904761904764
20130107,0.044004,0.00017461904761904764
20130108,0.044004,0.00017461904761904764
20130109,0.044002,0.00017461111111111111
20130110,0.044004,0.00017461904761904764
20130111,0.044002,0.00017461111111111111
20130114,0.044002999999999994,0.00017461507936507935
20130115,0.044002,0.00017461111111111111
20130116,0.044002999999999994,0.00017461507936507935
20130117,0.044002999999999994,0.00017461507936507935
20130118,0.044001,0.00017460714285714285
20130121,0.044000000000000004,0.00017460317460317462
20130122,0.044000000000000004,0.00017460317460317462
20130123,0.044000000000000004,0.00017460317460317462
20130124,0.044000000000000004,0.00017460317460317462
20130125,0.044000000000000004,0.00017460317460317462
20130128,0.044000000000000004,0.00017460317460317462
20130129,0.044000000000000004,0.00017460317460317462
20130130,0.044000000000000004,0.00017460317460317462
20130131,0.044000000000000004,0.00017460317460317462
20130201,0.044000000000000004,0.00017460317460317462
20130204,0.044000000000000004,0.00017460317460317462
20130205,0.044000000000000004,0.00017460317460317462
20130206,0.044000000000000004,0.00017460317460317462
20130207,0.044000000000000004,0.00017460317460317462
20130208,0.044000000000000004,0.00017460317460317462
20130216,0.044000000000000004,0.00017460317460317462
20130217,0.044000000000000004,0.00017460317460317462
20130218,0.044000000000000004,0.00017460317460317462
20130219,0.044000000000000004,0.00017460317460317462
20130220,0.044000000000000004,0.00017460317460317462
20130221,0.044000000000000004,0.00017460317460317462
20130222,0.044000000000000004,0.00017460317460317462
20130225,0.044000000000000004,0.00017460317460317462
20130226,0.044000000000000004,0.00017460317460317462
20130227,0.044000000000000004,0.00017460317460317462
20130228,0.044000000000000004,0.00017460317460317462
20130301,0.044000000000000004,0.00017460317460317462
20130304,0.044000000000000004,0.00017460317460317462
20130305,0.044000000000000004,0.00017460317460317462
20130306,0.044000000000000004,0.00017460317460317462
20130307,0.044000000000000004,0.00017460317460317462
20130308,0.044000000000000004,0.00017460317460317462
20130311,0.044000000000000004,0.00017460317460317462
20130312,0.044000000000000004,0.00017460317460317462
20130313,0.044000000000000004,0.00017460317460317462
20130314,0.044000000000000004,0.00017460317460317462
20130315,0.044000000000000004,0.00017460317460317462
20130318,0.044000000000000004,0.00017460317460317462
20130319,0.044000000000000004,0.00017460317460317462
20130320,0.044000000000000004,0.00017460317460317462
20130321,0.044000000000000004,0.00017460317460317462
20130322,0.044000000000000004,0.00017460317460317462
20130325,0.044000000000000004,0.00017460317460317462
20130326,0.044000000000000004,0.00017460317460317462
20130327,0.044000000000000004,0.00017460317460317462
20130328,0.044000000000000004,0.00017460317460317462
20130329,0.044000000000000004,0.00017460317460317462
20130401,0.044000000000000004,0.00017460317460317462
20130402,0.044000000000000004,0.00017460317460317462
20130403,0.044000000000000004,0.00017460317460317462
20130407,0.044000000000000004,0.00017460317460317462
20130408,0.044000000000000004,0.00017460317460317462
20130409,0.044000000000000004,0.00017460317460317462
20130410,0.044000000000000004,0.00017460317460317462
20130411,0.044000000000000004,0.00017460317460317462
20130412,0.044000000000000004,0.00017460317460317462
20130415,0.044000000000000004,0.00017460317460317462
20130416,0.044000000000000004,0.00017460317460317462
20130417,0.044000000000000004,0.00017460317460317462
20130418,0.044000000000000004,0.00017460317460317462
20130419,0.044000000000000004,0.00017460317460317462
20130422,0.044000000000000004,0.00017460317460317462
20130423,0.044000000000000004,0.00017460317460317462
20130424,0.044000000000000004,0.00017460317460317462
20130425,0.044000000000000004,0.00017460317460317462
20130426,0.044000000000000004,0.00017460317460317462
20130427,0.044000000000000004,0.00017460317460317462
20130428,0.044000000000000004,0.00017460317460317462
20130502,0.044000000000000004,0.00017460317460317462
20130503,0.044000000000000004,0.00017460317460317462
20130506,0.044000000000000004,0.00017460317460317462
20130507,0.044000000000000004,0.00017460317460317462
20130508,0.044000000000000004,0.00017460317460317462
20130509,0.044000000000000004,0.00017460317460317462
20130510,0.044000000000000004,0.00017460317460317462
20130513,0.044000000000000004,0.00017460317460317462
20130514,0.044000000000000004,0.00017460317460317462
20130515,0.044000000000000004,0.00017460317460317462
20130516,0.044000000000000004,0.00017460317460317462
20130517,0.044000000000000004,0.00017460317460317462
20130520,0.044000000000000004,0.00017460317460317462
20130521,0.044000000000000004,0.00017460317460317462
20130522,0.044000000000000004,0.00017460317460317462
20130523,0.044000000000000004,0.00017460317460317462
20130524,0.044000000000000004,0.00017460317460317462
20130527,0.044000000000000004,0.00017460317460317462
20130528,0.044000000000000004,0.00017460317460317462
20130529,0.044000000000000004,0.00017460317460317462
20130530,0.044000000000000004,0.00017460317460317462
20130531,0.044000000000000004,0.00017460317460317462
20130603,0.044000000000000004,0.00017460317460317462
20130604,0.044000000000000004,0.00017460317460317462
20130605,0.044000000000000004,0.00017460317460317462
20130606,0.044000000000000004,0.00017460317460317462
20130607,0.044000000000000004,0.00017460317460317462
20130608,0.044000000000000004,0.00017460317460317462
20130609,0.044000000000000004,0.00017460317460317462
20130613,0.044000000000000004,0.00017460317460317462
20130614,0.044000000000000004,0.00017460317460317462
20130617,0.044000000000000004,0.00017460317460317462
20130618,0.044000000000000004,0.00017460317460317462
20130619,0.044000000000000004,0.00017460317460317462
20130620,0.044005,0.00017462301587301587
20130621,0.044156,0.00017522222222222223
20130624,0.04421,0.00017543650793650794
20130625,0.044295,0.00017577380952380953
20130626,0.044215,0.0001754563492063492
20130627,0.044198,0.00017538888888888888
20130628,0.04414799999999999,0.00017519047619047616
20130701,0.044125,0.00017509920634920634
20130702,0.04407,0.00017488095238095237
20130703,0.044022,0.00017469047619047618
20130704,0.044000000000000004,0.00017460317460317462
20130705,0.044000000000000004,0.00017460317460317462
20130708,0.044000000000000004,0.00017460317460317462
20130709,0.044000000000000004,0.00017460317460317462
20130710,0.044000000000000004,0.00017460317460317462
20130711,0.044000000000000004,0.00017460317460317462
20130712,0.044000000000000004,0.00017460317460317462
20130715,0.044000000000000004,0.00017460317460317462
20130716,0.044000000000000004,0.00017460317460317462
20130717,0.044000000000000004,0.00017460317460317462
20130718,0.044000000000000004,0.00017460317460317462
20130719,0.044000000000000004,0.00017460317460317462
20130722,0.044000000000000004,0.00017460317460317462
20130723,0.044000000000000004,0.00017460317460317462
20130724,0.044000000000000004,0.00017460317460317462
20130725,0.044000000000000004,0.00017460317460317462
20130726,0.044000000000000004,0.00017460317460317462
20130729,0.044000000000000004,0.00017460317460317462
20130730,0.044000000000000004,0.00017460317460317462
20130731,0.044000000000000004,0.00017460317460317462
20130801,0.044000000000000004,0.00017460317460317462
20130802,0.044000000000000004,0.00017460317460317462
20130805,0.044000000000000004,0.00017460317460317462
20130806,0.044000000000000004,0.00017460317460317462
20130807,0.044000000000000004,0.00017460317460317462
20130808,0.044000000000000004,0.00017460317460317462
20130809,0.044000000000000004,0.00017460317460317462
20130812,0.044000000000000004,0.00017460317460317462
20130813,0.044000000000000004,0.00017460317460317462
20130814,0.044000000000000004,0.00017460317460317462
20130815,0.044000000000000004,0.00017460317460317462
20130816,0.044000000000000004,0.00017460317460317462
20130819,0.044000000000000004,0.00017460317460317462
20130820,0.044000000000000004,0.00017460317460317462
20130821,0.044000000000000004,0.00017460317460317462
20130822,0.044000000000000004,0.00017460317460317462
20130823,0.044000000000000004,0.00017460317460317462
20130826,0.044000000000000004,0.00017460317460317462
20130827,0.044000000000000004,0.00017460317460317462
20130828,0.044000000000000004,0.00017460317460317462
20130829,0.044000000000000004,0.00017460317460317462
20130830,0.044000000000000004,0.00017460317460317462
20130902,0.044000000000000004,0.00017460317460317462
20130903,0.044000000000000004,0.00017460317460317462
20130904,0.044000000000000004,0.00017460317460317462
20130905,0.044000000000000004,0.00017460317460317462
20130906,0.044000000000000004,0.00017460317460317462
20130909,0.044000000000000004,0.00017460317460317462
20130910,0.044000000000000004,0.00017460317460317462
20130911,0.044000000000000004,0.00017460317460317462
20130912,0.044000000000000004,0.00017460317460317462
20130913,0.044000000000000004,0.00017460317460317462
20130916,0.044000000000000004,0.00017460317460317462
20130917,0.044000000000000004,0.00017460317460317462
20130918,0.044000000000000004,0.00017460317460317462
20130922,0.044000000000000004,0.00017460317460317462
20130923,0.044000000000000004,0.00017460317460317462
20130924,0.044000000000000004,0.00017460317460317462
20130925,0.044000000000000004,0.00017460317460317462
20130926,0.044000000000000004,0.00017460317460317462
20130927,0.044000000000000004,0.00017460317460317462
20130929,0.044000000000000004,0.00017460317460317462
20130930,0.044000000000000004,0.00017460317460317462
20131008,0.044000000000000004,0.00017460317460317462
20131009,0.044000000000000004,0.00017460317460317462
20131010,0.044000000000000004,0.00017460317460317462
20131011,0.044000000000000004,0.00017460317460317462
20131012,0.044000000000000004,0.00017460317460317462
20131014,0.044000000000000004,0.00017460317460317462
20131015,0.044000000000000004,0.00017460317460317462
20131016,0.044000000000000004,0.00017460317460317462
20131017,0.044000000000000004,0.00017460317460317462
20131018,0.044000000000000004,0.00017460317460317462
20131021,0.044000000000000004,0.00017460317460317462
20131022,0.044000000000000004,0.00017460317460317462
20131023,0.044000000000000004,0.00017460317460317462
20131024,0.044000000000000004,0.00017460317460317462
20131025,0.044000000000000004,0.00017460317460317462
20131028,0.044000000000000004,0.00017460317460317462
20131029,0.044000000000000004,0.00017460317460317462
20131030,0.044000000000000004,0.00017460317460317462
20131031,0.044000000000000004,0.00017460317460317462
20131101,0.044000000000000004,0.00017460317460317462
20131104,0.044000000000000004,0.00017460317460317462
20131105,0.044000000000000004,0.00017460317460317462
20131106,0.044000000000000004,0.00017460317460317462
20131107,0.044000000000000004,0.00017460317460317462
20131108,0.044000000000000004,0.00017460317460317462
20131111,0.044000000000000004,0.00017460317460317462
20131112,0.044000000000000004,0.00017460317460317462
20131113,0.044000000000000004,0.00017460317460317462
20131114,0.044000000000000004,0.00017460317460317462
20131115,0.044000000000000004,0.00017460317460317462
20131118,0.044000000000000004,0.00017460317460317462
20131119,0.044000000000000004,0.00017460317460317462
20131120,0.044000000000000004,0.00017460317460317462
20131121,0.044000000000000004,0.00017460317460317462
20131122,0.044000000000000004,0.00017460317460317462
20131125,0.044000000000000004,0.00017460317460317462
20131126,0.044000000000000004,0.00017460317460317462
20131127,0.044000000000000004,0.00017460317460317462
20131128,0.044000000000000004,0.00017460317460317462
20131129,0.044000000000000004,0.00017460317460317462
20131202,0.044000000000000004,0.00017460317460317462
20131203,0.044000000000000004,0.00017460317460317462
20131204,0.044000000000000004,0.00017460317460317462
20131205,0.044000000000000004,0.00017460317460317462
20131206,0.044050000000000006,0.00017480158730158734
20131209,0.044689,0.00017733730158730159
20131210,0.045237,0.00017951190476190476
20131211,0.045771,0.00018163095238095238
20131212,0.046246999999999996,0.00018351984126984127
20131213,0.046657000000000004,0.00018514682539682542
20131216,0.047045000000000003,0.00018668650793650794
20131217,0.047335,0.0001878373015873016
20131218,0.047633999999999996,0.0001890238095238095
20131219,0.048013,0.00019052777777777777
20131220,0.048353,0.00019187698412698412
20131223,0.048656,0.00019307936507936507
20131224,0.048856000000000004,0.00019387301587301588
20131225,0.049034,0.00019457936507936508
20131226,0.049203000000000004,0.00019525
20131227,0.049360999999999995,0.0001958769841269841
20131230,0.049485,0.00019636904761904762
20131231,0.049606000000000004,0.00019684920634920636
20140102,0.049677,0.00019713095238095237
20140103,0.049756999999999996,0.00019744841269841269
20140106,0.049824,0.0001977142857142857
20140107,0.049869000000000004,0.00019789285714285715
20140108,0.049904000000000004,0.00019803174603174605
20140109,0.049928999999999994,0.00019813095238095237
20140110,0.049934000000000006,0.00019815079365079368
20140113,0.049955,0.00019823412698412698
20140114,0.049977,0.00019832142857142856
20140115,0.049997,0.00019840079365079366
20140116,0.049999,0.00019840873015873018
20140117,0.050002000000000005,0.00019842063492063494
20140120,0.050001,0.00019841666666666665
20140121,0.050001,0.00019841666666666665
20140122,0.050001,0.00019841666666666665
20140123,0.050001,0.00019841666666666665
20140124,0.050001,0.00019841666666666665
20140126,0.050001,0.00019841666666666665
20140127,0.050001,0.00019841666666666665
20140128,0.050001,0.00019841666666666665
20140129,0.050001,0.00019841666666666665
20140130,0.050001,0.00019841666666666665
20140207,0.050001,0.00019841666666666665
20140208,0.050001,0.00019841666666666665
20140210,0.050001,0.00019841666666666665
20140211,0.050001,0.00019841666666666665
20140212,0.050001,0.00019841666666666665
20140213,0.050007,0.00019844047619047622
20140214,0.050001,0.00019841666666666665
20140217,0.050001,0.00019841666666666665
20140218,0.050001,0.00019841666666666665
20140219,0.050001,0.00019841666666666665
20140220,0.050001,0.00019841666666666665
20140221,0.050001,0.00019841666666666665
20140224,0.050001,0.00019841666666666665
20140225,0.050001,0.00019841666666666665
20140226,0.050001,0.00019841666666666665
20140227,0.050001,0.00019841666666666665
20140228,0.050001,0.00019841666666666665
20140303,0.050001,0.00019841666666666665
20140304,0.050001,0.00019841666666666665
20140305,0.050001,0.00019841666666666665
20140306,0.050001,0.00019841666666666665
20140307,0.050001,0.00019841666666666665
20140310,0.05,0.0001984126984126984
20140311,0.05,0.0001984126984126984
20140312,0.05,0.0001984126984126984
20140313,0.05,0.0001984126984126984
20140314,0.05,0.0001984126984126984
20140317,0.05,0.0001984126984126984
20140318,0.05,0.0001984126984126984
20140319,0.05,0.0001984126984126984
20140320,0.05,0.0001984126984126984
20140321,0.05,0.0001984126984126984
20140324,0.05,0.0001984126984126984
20140325,0.05,0.0001984126984126984
20140326,0.05,0.0001984126984126984
20140327,0.05,0.0001984126984126984
20140328,0.05,0.0001984126984126984
20140331,0.05,0.0001984126984126984
20140401,0.05,0.0001984126984126984
20140402,0.05,0.0001984126984126984
20140403,0.05,0.0001984126984126984
20140404,0.05,0.0001984126984126984
20140408,0.05,0.0001984126984126984
20140409,0.05,0.0001984126984126984
20140410,0.05,0.0001984126984126984
20140411,0.05,0.0001984126984126984
20140414,0.05,0.0001984126984126984
20140415,0.05,0.0001984126984126984
20140416,0.05,0.0001984126984126984
20140417,0.05,0.0001984126984126984
20140418,0.05,0.0001984126984126984
20140421,0.05,0.0001984126984126984
20140422,0.05,0.0001984126984126984
20140423,0.05,0.0001984126984126984
20140424,0.05,0.0001984126984126984
20140425,0.05,0.0001984126984126984
20140428,0.05,0.0001984126984126984
20140429,0.05,0.0001984126984126984
20140430,0.05,0.0001984126984126984
20140504,0.05,0.0001984126984126984
20140505,0.05,0.0001984126984126984
20140506,0.05,0.0001984126984126984
20140507,0.05,0.0001984126984126984
20140508,0.05,0.0001984126984126984
20140509,0.05,0.0001984126984126984
20140512,0.05,0.0001984126984126984
20140513,0.05,0.0001984126984126984
20140514,0.05,0.0001984126984126984
20140515,0.05,0.0001984126984126984
20140516,0.0501,0.0001988095238095238
20140519,0.05011,0.00019884920634920635
20140520,0.05003,0.00019853174603174604
20140521,0.050026,0.00019851587301587302
20140522,0.050014,0.000198468253968254
20140523,0.050012999999999995,0.0001984642857142857
20140526,0.050012,0.00019846031746031747
20140527,0.050002000000000005,0.00019842063492063494
20140528,0.050001,0.00019841666666666665
20140529,0.050001,0.00019841666666666665
20140530,0.05,0.0001984126984126984
20140603,0.05,0.0001984126984126984
20140604,0.05,0.0001984126984126984
20140605,0.05,0.0001984126984126984
20140606,0.05,0.0001984126984126984
20140609,0.05,0.0001984126984126984
20140610,0.05,0.0001984126984126984
20140611,0.05,0.0001984126984126984
20140612,0.05,0.0001984126984126984
20140613,0.05,0.0001984126984126984
20140616,0.05,0.0001984126984126984
20140617,0.05,0.0001984126984126984
20140618,0.05,0.0001984126984126984
20140619,0.05,0.0001984126984126984
20140620,0.05,0.0001984126984126984
20140623,0.05,0.0001984126984126984
20140624,0.05,0.0001984126984126984
20140625,0.05,0.0001984126984126984
20140626,0.05,0.0001984126984126984
20140627,0.05,0.0001984126984126984
20140630,0.05,0.0001984126984126984
20140701,0.05,0.0001984126984126984
20140702,0.05,0.0001984126984126984
20140703,0.05,0.0001984126984126984
20140704,0.05,0.0001984126984126984
20140707,0.05,0.0001984126984126984
20140708,0.05,0.0001984126984126984
20140709,0.05,0.0001984126984126984
20140710,0.05,0.0001984126984126984
20140711,0.05,0.0001984126984126984
20140714,0.05,0.0001984126984126984
20140715,0.05,0.0001984126984126984
20140716,0.05,0.0001984126984126984
20140717,0.05,0.0001984126984126984
20140718,0.05,0.0001984126984126984
20140721,0.05,0.0001984126984126984
20140722,0.05,0.0001984126984126984
20140723,0.05,0.0001984126984126984
20140724,0.05,0.0001984126984126984
20140725,0.05,0.0001984126984126984
20140728,0.05,0.0001984126984126984
20140729,0.05,0.0001984126984126984
20140730,0.05,0.0001984126984126984
20140731,0.05,0.0001984126984126984
20140801,0.05,0.0001984126984126984
20140804,0.05,0.0001984126984126984
20140805,0.05,0.0001984126984126984
20140806,0.05,0.0001984126984126984
20140807,0.05,0.0001984126984126984
20140808,0.05,0.0001984126984126984
20140811,0.05,0.0001984126984126984
20140812,0.05,0.0001984126984126984
20140813,0.05,0.0001984126984126984
20140814,0.05,0.0001984126984126984
20140815,0.05,0.0001984126984126984
20140818,0.05,0.0001984126984126984
20140819,0.05,0.0001984126984126984
20140820,0.05,0.0001984126984126984
20140821,0.05,0.0001984126984126984
20140822,0.05,0.0001984126984126984
20140825,0.05,0.0001984126984126984
20140826,0.05,0.0001984126984126984
20140827,0.05,0.0001984126984126984
20140828,0.05,0.0001984126984126984
20140829,0.05,0.0001984126984126984
20140901,0.05,0.0001984126984126984
20140902,0.05,0.0001984126984126984
20140903,0.05,0.0001984126984126984
20140904,0.05,0.0001984126984126984
20140905,0.05,0.0001984126984126984
20140909,0.05,0.0001984126984126984
20140910,0.05,0.0001984126984126984
20140911,0.05,0.0001984126984126984
20140912,0.05,0.0001984126984126984
20140915,0.05,0.0001984126984126984
20140916,0.05,0.0001984126984126984
20140917,0.05,0.0001984126984126984
20140918,0.04999,0.00019837301587301588
20140919,0.049975,0.00019831349206349207
20140922,0.049965,0.00019827380952380954
20140923,0.049925,0.00019811507936507935
20140924,0.049915,0.00019807539682539682
20140925,0.049915,0.00019807539682539682
20140926,0.049905,0.00019803571428571429
20140928,0.049915,0.00019807539682539682
20140929,0.049905,0.00019803571428571429
20140930,0.049905,0.00019803571428571429
20141008,0.049893,0.00019798809523809523
20141009,0.049878,0.00019792857142857142
20141010,0.049850000000000005,0.00019781746031746034
20141011,0.049837,0.000197765873015873
20141013,0.049825,0.00019771825396825397
20141014,0.049810999999999994,0.0001976626984126984
20141015,0.049783,0.0001975515873015873
20141016,0.049745,0.00019740079365079363
20141017,0.049707,0.00019725
20141020,0.049679,0.0001971388888888889
20141021,0.049633000000000004,0.00019695634920634922
20141022,0.04960200000000001,0.00019683333333333337
20141023,0.049588,0.0001967777777777778
20141024,0.049557000000000004,0.00019665476190476193
20141027,0.049517,0.00019649603174603174
20141028,0.049502,0.00019643650793650793
20141029,0.0495,0.00019642857142857144
20141030,0.049500999999999996,0.00019643253968253967
20141031,0.0495,0.00019642857142857144
20141103,0.0495,0.00019642857142857144
20141104,0.0495,0.00019642857142857144
20141105,0.0495,0.00019642857142857144
20141106,0.049498,0.00019642063492063491
20141107,0.049483,0.0001963611111111111
20141110,0.049459,0.00019626587301587302
20141111,0.04937299999999999,0.00019592460317460314
20141112,0.049080000000000006,0.00019476190476190477
20141113,0.04891,0.0001940873015873016
20141114,0.048799999999999996,0.00019365079365079365
20141117,0.048712,0.0001933015873015873
20141118,0.048632,0.00019298412698412698
20141119,0.048565,0.00019271825396825396
20141120,0.048526,0.00019256349206349206
20141121,0.048513,0.00019251190476190477
20141124,0.048051,0.00019067857142857143
20141125,0.047560000000000005,0.00018873015873015875
20141126,0.047340999999999994,0.00018786111111111108
20141127,0.047144000000000005,0.0001870793650793651
20141128,0.046994,0.000186484126984127
20141201,0.046881000000000006,0.00018603571428571432
20141202,0.046757999999999994,0.000185547619047619
20141203,0.046666,0.00018518253968253967
20141204,0.046585999999999995,0.00018486507936507935
20141205,0.046487,0.00018447222222222224
20141208,0.046418,0.0001841984126984127
20141209,0.046421000000000004,0.00018421031746031747
20141210,0.046443000000000005,0.00018429761904761906
20141211,0.046448,0.00018431746031746034
20141212,0.046491,0.00018448809523809523
20141215,0.04650000000000001,0.00018452380952380955
20141216,0.046551999999999996,0.0001847301587301587
20141217,0.046649,0.0001851150793650794
20141218,0.046726000000000004,0.00018542063492063494
20141219,0.046823,0.00018580555555555554
20141222,0.046873,0.00018600396825396826
20141223,0.046993,0.00018648015873015873
20141224,0.047045000000000003,0.00018668650793650794
20141225,0.047059,0.0001867420634920635
20141226,0.047088,0.00018685714285714285
20141229,0.047109,0.00018694047619047618
20141230,0.047182,0.00018723015873015875
20141231,0.047304000000000006,0.00018771428571428574
20150104,0.047385000000000004,0.0001880357142857143
20150105,0.047429,0.00018821031746031746
20150106,0.047455,0.00018831349206349204
20150107,0.047476000000000004,0.00018839682539682542
20150108,0.047488,0.00018844444444444445
20150109,0.04749,0.00018845238095238095
20150112,0.0475,0.0001884920634920635
20150113,0.0475,0.0001884920634920635
20150114,0.0475,0.0001884920634920635
20150115,0.04752100000000001,0.00018857539682539686
20150116,0.04752100000000001,0.00018857539682539686
20150119,0.04755499999999999,0.00018871031746031742
20150120,0.047635,0.00018902777777777776
20150121,0.04768,0.0001892063492063492
20150122,0.047720000000000005,0.00018936507936507938
20150123,0.047737999999999996,0.00018943650793650792
20150126,0.047748,0.00018947619047619048
20150127,0.047758,0.00018951587301587302
20150128,0.047788000000000004,0.00018963492063492064
20150129,0.04779,0.00018964285714285714
20150130,0.047830000000000004,0.00018980158730158732
20150202,0.047847999999999995,0.00018987301587301586
20150203,0.047855999999999996,0.0001899047619047619
20150204,0.047886,0.00019002380952380952
20150205,0.047830000000000004,0.00018980158730158732
20150206,0.047793,0.00018965476190476192
20150209,0.04779,0.00018964285714285714
20150210,0.04779,0.00018964285714285714
20150211,0.0478,0.0001896825396825397
20150212,0.047834,0.0001898174603174603
20150213,0.047855,0.00018990079365079367
20150215,0.047876,0.000189984126984127
20150216,0.047888,0.00019003174603174602
20150217,0.047868,0.00018995238095238096
20150225,0.047886,0.00019002380952380952
20150226,0.047878,0.0001899920634920635
20150227,0.047888,0.00019003174603174602
20150228,0.047879,0.00018999603174603175
20150302,0.047828999999999997,0.00018979761904761903
20150303,0.047805,0.00018970238095238095
20150304,0.047812,0.00018973015873015872
20150305,0.047802,0.0001896904761904762
20150306,0.047820999999999995,0.000189765873015873
20150309,0.047803000000000005,0.00018969444444444445
20150310,0.047801,0.00018968650793650796
20150311,0.047801,0.00018968650793650796
20150312,0.047801,0.00018968650793650796
20150313,0.0478,0.0001896825396825397
20150316,0.047801,0.00018968650793650796
20150317,0.047801,0.00018968650793650796
20150318,0.047801,0.00018968650793650796
20150319,0.047801,0.00018968650793650796
20150320,0.0478,0.0001896825396825397
20150323,0.0478,0.0001896825396825397
20150324,0.0478,0.0001896825396825397
20150325,0.047801,0.00018968650793650796
20150326,0.0478,0.0001896825396825397
20150327,0.0478,0.0001896825396825397
20150330,0.0478,0.0001896825396825397
20150331,0.0478,0.0001896825396825397
20150401,0.0478,0.0001896825396825397
20150402,0.0478,0.0001896825396825397
20150403,0.0478,0.0001896825396825397
20150407,0.0478,0.0001896825396825397
20150408,0.0478,0.0001896825396825397
20150409,0.047798,0.00018967460317460317
20150410,0.047785,0.00018962301587301588
20150413,0.047774000000000004,0.0001895793650793651
20150414,0.047773,0.00018957539682539683
20150415,0.047773,0.00018957539682539683
20150416,0.047753,0.00018949603174603174
20150417,0.047758,0.00018951587301587302
20150420,0.047553,0.00018870238095238095
20150421,0.047264999999999995,0.0001875595238095238
20150422,0.046935000000000004,0.00018625000000000003
20150423,0.046688,0.00018526984126984128
20150424,0.04643,0.00018424603174603174
20150427,0.046278,0.00018364285714285715
20150428,0.046075,0.00018283730158730158
20150429,0.045965,0.00018240079365079365
20150430,0.045815999999999996,0.00018180952380952378
20150504,0.045628,0.00018106349206349208
20150505,0.045454999999999995,0.0001803769841269841
20150506,0.04533,0.0001798809523809524
20150507,0.045149999999999996,0.00017916666666666664
20150508,0.045,0.00017857142857142857
20150511,0.04453,0.00017670634920634922
20150512,0.04415,0.00017519841269841271
20150513,0.043845,0.00017398809523809524
20150514,0.043114999999999994,0.0001710912698412698
20150515,0.042409999999999996,0.0001682936507936508
20150518,0.041710000000000004,0.00016551587301587303
20150519,0.04115,0.00016329365079365078
20150520,0.04024,0.00015968253968253967
20150521,0.03948,0.00015666666666666666
20150522,0.03866,0.0001534126984126984
20150525,0.03692,0.0001465079365079365
20150526,0.03574,0.00014182539682539683
20150527,0.03511,0.00013932539682539683
20150528,0.03463,0.00013742063492063492
20150529,0.03444,0.00013666666666666666
20150601,0.034300000000000004,0.00013611111111111113
20150602,0.034175,0.00013561507936507935
20150603,0.03408,0.00013523809523809522
20150604,0.03402,0.000135
20150605,0.034,0.00013492063492063494
20150608,0.034,0.00013492063492063494
20150609,0.034,0.00013492063492063494
20150610,0.034,0.00013492063492063494
20150611,0.034,0.00013492063492063494
20150612,0.034,0.00013492063492063494
20150615,0.034,0.00013492063492063494
20150616,0.034,0.00013492063492063494
20150617,0.034,0.00013492063492063494
20150618,0.034,0.00013492063492063494
20150619,0.034,0.00013492063492063494
20150623,0.034,0.00013492063492063494
20150624,0.034,0.00013492063492063494
20150625,0.034,0.00013492063492063494
20150626,0.034,0.00013492063492063494
20150629,0.03392,0.0001346031746031746
20150630,0.03392,0.0001346031746031746
20150701,0.033865,0.00013438492063492063
20150702,0.03387,0.0001344047619047619
20150703,0.03387,0.0001344047619047619
20150706,0.03387,0.0001344047619047619
20150707,0.03386,0.00013436507936507937
20150708,0.033858,0.00013435714285714285
20150709,0.033867,0.00013439285714285715
20150710,0.033868,0.0001343968253968254
20150713,0.033897,0.00013451190476190475
20150714,0.033901,0.0001345277777777778
20150715,0.033911,0.0001345674603174603
20150716,0.033912,0.00013457142857142856
20150717,0.033912,0.00013457142857142856
20150720,0.033912,0.00013457142857142856
20150721,0.033912,0.00013457142857142856
20150722,0.033912,0.00013457142857142856
20150723,0.033912,0.00013457142857142856
20150724,0.033922,0.00013461111111111112
20150727,0.033923,0.00013461507936507938
20150728,0.033923999999999996,0.00013461904761904761
20150729,0.033923,0.00013461507936507938
20150730,0.033923999999999996,0.00013461904761904761
20150731,0.033923999999999996,0.00013461904761904761
20150803,0.033923999999999996,0.00013461904761904761
20150804,0.033923999999999996,0.00013461904761904761
20150805,0.033934,0.00013465873015873015
20150806,0.033935,0.0001346626984126984
20150807,0.033935,0.0001346626984126984
20150810,0.033935,0.0001346626984126984
20150811,0.033935,0.0001346626984126984
20150812,0.033925000000000004,0.00013462301587301588
20150813,0.033925000000000004,0.00013462301587301588
20150814,0.033925000000000004,0.00013462301587301588
20150817,0.033925000000000004,0.00013462301587301588
20150818,0.033944999999999996,0.00013470238095238094
20150819,0.033947,0.00013471031746031746
20150820,0.033957,0.00013475
20150821,0.033986999999999996,0.0001348690476190476
20150824,0.034,0.00013492063492063494
20150825,0.034,0.00013492063492063494
20150826,0.034,0.00013492063492063494
20150827,0.034,0.00013492063492063494
20150828,0.034,0.00013492063492063494
20150831,0.03401,0.00013496031746031744
20150901,0.03404,0.0001350793650793651
20150902,0.03401,0.00013496031746031744
20150906,0.03401,0.00013496031746031744
20150907,0.03401,0.00013496031746031744
20150908,0.034089999999999995,0.00013527777777777776
20150909,0.034143,0.00013548809523809523
20150910,0.0341,0.00013531746031746032
20150911,0.03411,0.00013535714285714288
20150914,0.03411,0.00013535714285714288
20150915,0.03412,0.00013539682539682538
20150916,0.03413,0.00013543650793650794
20150917,0.03413,0.00013543650793650794
20150918,0.03413,0.00013543650793650794
20150921,0.03413,0.00013543650793650794
20150922,0.03413,0.00013543650793650794
20150923,0.03413,0.00013543650793650794
20150924,0.03413,0.00013543650793650794
20150925,0.03413,0.00013543650793650794
20150928,0.03413,0.00013543650793650794
20150929,0.03413,0.00013543650793650794
20150930,0.03413,0.00013543650793650794
20151008,0.034140000000000004,0.0001354761904761905
20151009,0.034140000000000004,0.0001354761904761905
20151010,0.034140000000000004,0.0001354761904761905
20151012,0.034140000000000004,0.0001354761904761905
20151013,0.03413,0.00013543650793650794
20151014,0.034140000000000004,0.0001354761904761905
20151015,0.03415,0.000135515873015873
20151016,0.03415,0.000135515873015873
20151019,0.034159999999999996,0.00013555555555555554
20151020,0.03418,0.00013563492063492063
20151021,0.03419,0.00013567460317460316
20151022,0.03418,0.00013563492063492063
20151023,0.03418,0.00013563492063492063
20151026,0.03392,0.0001346031746031746
20151027,0.03384,0.00013428571428571428
20151028,0.03371,0.00013376984126984125
20151029,0.033639999999999996,0.00013349206349206347
20151030,0.033575,0.000133234126984127
20151102,0.033549999999999996,0.00013313492063492062
20151103,0.03354,0.0001330952380952381
20151104,0.03351,0.00013297619047619047
20151105,0.0335,0.00013293650793650793
20151106,0.0335,0.00013293650793650793
20151109,0.0335,0.00013293650793650793
20151110,0.03351,0.00013297619047619047
20151111,0.0335,0.00013293650793650793
20151112,0.0335,0.00013293650793650793
20151113,0.033508,0.00013296825396825397
20151116,0.033508,0.00013296825396825397
20151117,0.0335,0.00013293650793650793
20151118,0.0335,0.00013293650793650793
20151119,0.0335,0.00013293650793650793
20151120,0.0335,0.00013293650793650793
20151123,0.033503,0.0001329484126984127
20151124,0.033503,0.0001329484126984127
20151125,0.0335,0.00013293650793650793
20151126,0.033503,0.0001329484126984127
20151127,0.0335,0.00013293650793650793
20151130,0.0335,0.00013293650793650793
20151201,0.0335,0.00013293650793650793
20151202,0.0335,0.00013293650793650793
20151203,0.0335,0.00013293650793650793
20151204,0.0335,0.00013293650793650793
20151207,0.0335,0.00013293650793650793
20151208,0.0335,0.00013293650793650793
20151209,0.0335,0.00013293650793650793
20151210,0.0335,0.00013293650793650793
20151211,0.0335,0.00013293650793650793
20151214,0.0335,0.00013293650793650793
20151215,0.0335,0.00013293650793650793
20151216,0.0335,0.00013293650793650793
20151217,0.0335,0.00013293650793650793
20151218,0.0335,0.00013293650793650793
20151221,0.033503,0.0001329484126984127
20151222,0.0335,0.00013293650793650793
20151223,0.0335,0.00013293650793650793
20151224,0.0335,0.00013293650793650793
20151225,0.0335,0.00013293650793650793
20151228,0.0335,0.00013293650793650793
20151229,0.0335,0.00013293650793650793
20151230,0.0335,0.00013293650793650793
20151231,0.0335,0.00013293650793650793
20160104,0.0335,0.00013293650793650793
20160105,0.0335,0.00013293650793650793
20160106,0.03347,0.0001328174603174603
20160107,0.033460000000000004,0.0001327777777777778
20160108,0.03345,0.00013273809523809524
20160111,0.03344,0.00013269841269841268
20160112,0.0334,0.00013253968253968253
20160113,0.033345,0.00013232142857142856
20160114,0.03318,0.00013166666666666668
20160115,0.03295,0.00013075396825396824
20160118,0.032705000000000005,0.00012978174603174605
20160119,0.0325,0.00012896825396825398
20160120,0.03253,0.0001290873015873016
20160121,0.03253,0.0001290873015873016
20160122,0.03256,0.0001292063492063492
20160125,0.03259,0.00012932539682539683
20160126,0.032682,0.0001296904761904762
20160127,0.03265,0.00012956349206349205
20160128,0.03265,0.00012956349206349205
20160129,0.03265,0.00012956349206349205
20160201,0.03265,0.00012956349206349205
20160202,0.03265,0.00012956349206349205
20160203,0.03262,0.00012944444444444445
20160204,0.03253,0.0001290873015873016
20160205,0.0325,0.00012896825396825398
20160206,0.03251,0.0001290079365079365
20160214,0.03251,0.0001290079365079365
20160215,0.0325,0.00012896825396825398
20160216,0.0325,0.00012896825396825398
20160217,0.0325,0.00012896825396825398
20160218,0.0325,0.00012896825396825398
20160219,0.03234,0.00012833333333333333
20160222,0.032189999999999996,0.00012773809523809523
20160223,0.0321,0.00012738095238095236
20160224,0.03204,0.00012714285714285714
20160225,0.03197,0.00012686507936507935
20160226,0.031920000000000004,0.0001266666666666667
20160229,0.03186,0.00012642857142857142
20160301,0.031735,0.0001259325396825397
20160302,0.03145,0.00012480158730158729
20160303,0.03134,0.00012436507936507937
20160304,0.03125,0.0001240079365079365
20160307,0.03121,0.00012384920634920634
20160308,0.031120000000000002,0.0001234920634920635
20160309,0.031059999999999997,0.00012325396825396825
20160310,0.03101,0.00012305555555555556
20160311,0.030955,0.0001228373015873016
20160314,0.03093,0.00012273809523809525
20160315,0.030910000000000003,0.00012265873015873018
20160316,0.030899999999999997,0.0001226190476190476
20160317,0.03078,0.00012214285714285715
20160318,0.030684999999999997,0.00012176587301587301
20160321,0.030635,0.00012156746031746032
20160322,0.03058,0.00012134920634920635
20160323,0.030555,0.00012124999999999999
20160324,0.03055,0.00012123015873015873
20160325,0.03055,0.00012123015873015873
20160328,0.03055,0.00012123015873015873
20160329,0.030539999999999998,0.00012119047619047618
20160330,0.030520000000000002,0.00012111111111111112
20160331,0.030510000000000002,0.00012107142857142858
20160401,0.030510000000000002,0.00012107142857142858
20160405,0.0305,0.00012103174603174602
20160406,0.03049,0.00012099206349206349
20160407,0.03048,0.00012095238095238096
20160408,0.03047,0.00012091269841269841
20160411,0.03042,0.00012071428571428571
20160412,0.030430000000000002,0.00012075396825396827
20160413,0.03042,0.00012071428571428571
20160414,0.03042,0.00012071428571428571
20160415,0.030440000000000002,0.0001207936507936508
20160418,0.03042,0.00012071428571428571
20160419,0.030430000000000002,0.00012075396825396827
20160420,0.03042,0.00012071428571428571
20160421,0.03042,0.00012071428571428571
20160422,0.03042,0.00012071428571428571
20160425,0.03042,0.00012071428571428571
20160426,0.03042,0.00012071428571428571
20160427,0.03042,0.00012071428571428571
20160428,0.03042,0.00012071428571428571
20160429,0.03042,0.00012071428571428571
20160503,0.030421999999999998,0.00012072222222222222
20160504,0.03042,0.00012071428571428571
20160505,0.03042,0.00012071428571428571
20160506,0.03042,0.00012071428571428571
20160509,0.03042,0.00012071428571428571
20160510,0.03042,0.00012071428571428571
20160511,0.030430000000000002,0.00012075396825396827
20160512,0.030440000000000002,0.0001207936507936508
20160513,0.030449999999999998,0.00012083333333333332
20160516,0.03047,0.00012091269841269841
20160517,0.03049,0.00012099206349206349
20160518,0.0305,0.00012103174603174602
20160519,0.0305,0.00012103174603174602
20160520,0.0305,0.00012103174603174602
20160523,0.0305,0.00012103174603174602
20160524,0.0305,0.00012103174603174602
20160525,0.0305,0.00012103174603174602
20160526,0.0305,0.00012103174603174602
20160527,0.0305,0.00012103174603174602
20160530,0.0305,0.00012103174603174602
20160531,0.0305,0.00012103174603174602
20160601,0.0305,0.00012103174603174602
20160602,0.0305,0.00012103174603174602
20160603,0.0305,0.00012103174603174602
20160606,0.0305,0.00012103174603174602
20160607,0.0305,0.00012103174603174602
20160608,0.0305,0.00012103174603174602
20160612,0.0305,0.00012103174603174602
20160613,0.0305,0.00012103174603174602
20160614,0.0305,0.00012103174603174602
20160615,0.0305,0.00012103174603174602
20160616,0.0305,0.00012103174603174602
20160617,0.0305,0.00012103174603174602
20160620,0.030510000000000002,0.00012107142857142858
20160621,0.030510000000000002,0.00012107142857142858
20160622,0.030510000000000002,0.00012107142857142858
20160623,0.030510000000000002,0.00012107142857142858
20160624,0.030510000000000002,0.00012107142857142858
20160627,0.030510000000000002,0.00012107142857142858
20160628,0.030510000000000002,0.00012107142857142858
20160629,0.030510000000000002,0.00012107142857142858
20160630,0.0305,0.00012103174603174602
20160701,0.0305,0.00012103174603174602
20160704,0.0305,0.00012103174603174602
20160705,0.0305,0.00012103174603174602
20160706,0.0305,0.00012103174603174602
20160707,0.0305,0.00012103174603174602
20160708,0.0305,0.00012103174603174602
20160711,0.0305,0.00012103174603174602
20160712,0.0305,0.00012103174603174602
20160713,0.03049,0.00012099206349206349
20160714,0.03047,0.00012091269841269841
20160715,0.03047,0.00012091269841269841
20160718,0.03048,0.00012095238095238096
20160719,0.03048,0.00012095238095238096
20160720,0.030449999999999998,0.00012083333333333332
20160721,0.030459999999999997,0.00012087301587301587
20160722,0.030440000000000002,0.0001207936507936508
20160725,0.03041,0.00012067460317460318
20160726,0.03041,0.00012067460317460318
20160727,0.03041,0.00012067460317460318
20160728,0.03039,0.0001205952380952381
20160729,0.030379999999999997,0.00012055555555555554
20160801,0.030378,0.00012054761904761904
20160802,0.030358,0.00012046825396825396
20160803,0.030335,0.00012037698412698413
20160804,0.030299999999999997,0.00012023809523809522
20160805,0.03028,0.00012015873015873016
20160808,0.03026,0.00012007936507936507
20160809,0.03025,0.00012003968253968254
20160810,0.03026,0.00012007936507936507
20160811,0.030270000000000002,0.00012011904761904763
20160812,0.03026,0.00012007936507936507
20160815,0.030278,0.00012015079365079365
20160816,0.03026,0.00012007936507936507
20160817,0.03026,0.00012007936507936507
20160818,0.03026,0.00012007936507936507
20160819,0.030270000000000002,0.00012011904761904763
20160822,0.030267,0.00012010714285714286
20160823,0.03026,0.00012007936507936507
20160824,0.030270000000000002,0.00012011904761904763
20160825,0.030270000000000002,0.00012011904761904763
20160826,0.030270000000000002,0.00012011904761904763
20160829,0.030270000000000002,0.00012011904761904763
20160830,0.03025,0.00012003968253968254
20160831,0.030270000000000002,0.00012011904761904763
20160901,0.03026,0.00012007936507936507
20160902,0.030265,0.00012009920634920635
20160905,0.030255,0.00012005952380952382
20160906,0.030265,0.00012009920634920635
20160907,0.030265,0.00012009920634920635
20160908,0.030255,0.00012005952380952382
20160909,0.030255,0.00012005952380952382
20160912,0.030265,0.00012009920634920635
20160913,0.030265,0.00012009920634920635
20160914,0.030265,0.00012009920634920635
20160918,0.030275,0.0001201388888888889
20160919,0.030275,0.0001201388888888889
20160920,0.030275,0.0001201388888888889
20160921,0.030275,0.0001201388888888889
20160922,0.030275,0.0001201388888888889
20160923,0.030275,0.0001201388888888889
20160926,0.030265,0.00012009920634920635
20160927,0.030265,0.00012009920634920635
20160928,0.030265,0.00012009920634920635
20160929,0.030265,0.00012009920634920635
20160930,0.030265,0.00012009920634920635
20161008,0.030275,0.0001201388888888889
20161009,0.030275,0.0001201388888888889
20161010,0.030275,0.0001201388888888889
20161011,0.030275,0.0001201388888888889
20161012,0.030275,0.0001201388888888889
20161013,0.030275,0.0001201388888888889
20161014,0.030275,0.0001201388888888889
20161017,0.030275,0.0001201388888888889
20161018,0.030275,0.0001201388888888889
20161019,0.03028,0.00012015873015873016
20161020,0.03028,0.00012015873015873016
20161021,0.03028,0.00012015873015873016
20161024,0.030289999999999997,0.00012019841269841269
20161025,0.030299999999999997,0.00012023809523809522
20161026,0.030299999999999997,0.00012023809523809522
20161027,0.03031,0.00012027777777777778
20161028,0.03032,0.00012031746031746032
20161031,0.03032,0.00012031746031746032
20161101,0.03032,0.00012031746031746032
20161102,0.030350000000000002,0.00012043650793650794
20161103,0.030379999999999997,0.00012055555555555554
20161104,0.030408,0.00012066666666666667
20161107,0.03041,0.00012067460317460318
20161108,0.03041,0.00012067460317460318
20161109,0.030415,0.00012069444444444444
20161110,0.030440000000000002,0.0001207936507936508
20161111,0.030449999999999998,0.00012083333333333332
20161114,0.03048,0.00012095238095238096
20161115,0.03049,0.00012099206349206349
20161116,0.030539999999999998,0.00012119047619047618
20161117,0.030605000000000004,0.00012144841269841271
20161118,0.030712000000000003,0.00012187301587301589
20161121,0.030781999999999997,0.00012215079365079365
20161122,0.030825,0.00012232142857142859
20161123,0.030853000000000002,0.0001224325396825397
20161124,0.030976,0.00012292063492063492
20161125,0.031088,0.00012336507936507938
20161128,0.031198999999999998,0.00012380555555555555
20161129,0.03131,0.00012424603174603172
20161130,0.031491,0.0001249642857142857
20161201,0.0316,0.0001253968253968254
20161202,0.03173,0.0001259126984126984
20161205,0.031853,0.00012640079365079364
20161206,0.032066,0.00012724603174603174
20161207,0.032197,0.00012776587301587303
20161208,0.03231,0.0001282142857142857
20161209,0.032391,0.0001285357142857143
20161212,0.03246,0.00012880952380952382
20161213,0.032606,0.0001293888888888889
20161214,0.032741,0.00012992460317460319
20161215,0.032854999999999995,0.00013037698412698411
20161216,0.032986,0.0001308968253968254
20161219,0.033059,0.00013118650793650792
20161220,0.033186,0.0001316904761904762
20161221,0.033349000000000004,0.0001323373015873016
20161222,0.033455,0.0001327579365079365
20161223,0.033546,0.0001331190476190476
20161226,0.033575,0.000133234126984127
20161227,0.033597999999999996,0.00013332539682539682
20161228,0.03361,0.00013337301587301587
20161229,0.033675000000000004,0.0001336309523809524
20161230,0.033728,0.00013384126984126985
20170103,0.033833,0.0001342579365079365
20170104,0.033904000000000004,0.00013453968253968255
20170105,0.034311,0.00013615476190476192
20170106,0.034881999999999996,0.0001384206349206349
20170109,0.035329,0.00014019444444444444
20170110,0.035533,0.00014100396825396827
20170111,0.035674000000000004,0.00014156349206349207
20170112,0.035838,0.00014221428571428572
20170113,0.036014,0.0001429126984126984
20170116,0.036101999999999995,0.00014326190476190474
20170117,0.036321,0.00014413095238095239
20170118,0.036513,0.00014489285714285713
20170119,0.036602,0.00014524603174603175
20170120,0.036691,0.00014559920634920636
20170122,0.03677,0.0001459126984126984
20170123,0.036847,0.00014621825396825397
20170124,0.036905,0.0001464484126984127
20170125,0.037136,0.00014736507936507936
20170126,0.037396,0.0001483968253968254
20170203,0.03786,0.00015023809523809524
20170204,0.038214,0.00015164285714285713
20170206,0.038542,0.00015294444444444445
20170207,0.03882,0.00015404761904761906
20170208,0.039019,0.00015483730158730158
20170209,0.039168,0.00015542857142857144
20170210,0.039352,0.00015615873015873015
20170213,0.039529999999999996,0.00015686507936507935
20170214,0.03968,0.00015746031746031745
20170215,0.039846,0.00015811904761904762
20170216,0.039906000000000004,0.00015835714285714287
20170217,0.040005,0.00015874999999999998
20170220,0.040064,0.000158984126984127
20170221,0.040102,0.00015913492063492063
20170222,0.040225,0.00015962301587301586
20170223,0.040305,0.0001599404761904762
20170224,0.040362,0.00016016666666666667
20170227,0.040407,0.0001603452380952381
20170228,0.040467,0.00016058333333333335
20170301,0.040497,0.00016070238095238095
20170302,0.040492,0.0001606825396825397
20170303,0.040510000000000004,0.00016075396825396827
20170306,0.040511,0.0001607579365079365
20170307,0.040527,0.00016082142857142857
20170308,0.040536,0.00016085714285714287
20170309,0.040539,0.0001608690476190476
20170310,0.040551000000000004,0.00016091666666666668
20170313,0.040614,0.00016116666666666666
20170314,0.040678,0.0001614206349206349
20170315,0.040818,0.00016197619047619047
20170316,0.041052,0.0001629047619047619
20170317,0.041246,0.00016367460317460317
20170320,0.04143500000000001,0.0001644246031746032
20170321,0.041559,0.00016491666666666667
20170322,0.041649000000000005,0.00016527380952380955
20170323,0.041717000000000004,0.0001655436507936508
20170324,0.041835000000000004,0.00016601190476190478
20170327,0.041874,0.00016616666666666668
20170328,0.041918,0.00016634126984126982
20170329,0.041951999999999996,0.00016647619047619047
20170330,0.042005999999999995,0.00016669047619047618
20170331,0.042,0.0001666666666666667
20170401,0.042,0.0001666666666666667
20170405,0.042,0.0001666666666666667
20170406,0.042,0.0001666666666666667
20170407,0.042,0.0001666666666666667
20170410,0.04201,0.0001667063492063492
20170411,0.04201,0.0001667063492063492
20170412,0.042011,0.00016671031746031745
20170413,0.042022000000000004,0.00016675396825396828
20170414,0.042012999999999995,0.00016671825396825395
20170417,0.042022000000000004,0.00016675396825396828
20170418,0.042023000000000005,0.00016675793650793654
20170419,0.042113,0.00016711507936507936
20170420,0.042121000000000006,0.00016714682539682542
20170421,0.042145,0.0001672420634920635
20170424,0.042175000000000004,0.00016736111111111113
20170425,0.042228,0.00016757142857142857
20170426,0.042243,0.0001676309523809524
20170427,0.042255,0.00016767857142857144
20170428,0.04229599999999999,0.0001678412698412698
20170502,0.04233,0.00016797619047619048
20170503,0.042453000000000005,0.00016846428571428573
20170504,0.042503,0.00016866269841269842
20170505,0.042512,0.0001686984126984127
20170508,0.042554999999999996,0.0001688690476190476
20170509,0.042612,0.00016909523809523807
20170510,0.042674000000000004,0.00016934126984126984
20170511,0.042714999999999996,0.00016950396825396823
20170512,0.042724000000000005,0.00016953968253968256
20170515,0.042739,0.00016959920634920634
20170516,0.042784,0.00016977777777777778
20170517,0.042831,0.00016996428571428571
20170518,0.042864000000000006,0.00017009523809523812
20170519,0.042925000000000005,0.0001703373015873016
20170522,0.04302399999999999,0.0001707301587301587
20170523,0.043137,0.00017117857142857145
20170524,0.04322,0.00017150793650793652
20170525,0.043342,0.00017199206349206348
20170526,0.043434999999999994,0.0001723611111111111
20170527,0.043544,0.0001727936507936508
20170531,0.043579,0.00017293253968253967
20170601,0.0437,0.00017341269841269843
20170602,0.043773,0.00017370238095238094
20170605,0.043862,0.00017405555555555555
20170606,0.043921999999999996,0.00017429365079365077
20170607,0.043990999999999995,0.0001745674603174603
20170608,0.044059999999999995,0.00017484126984126981
20170609,0.044116,0.00017506349206349207
20170612,0.044172,0.0001752857142857143
20170613,0.044208,0.00017542857142857141
20170614,0.044231,0.00017551984126984126
20170615,0.044264,0.00017565079365079364
20170616,0.044297,0.00017578174603174605
20170619,0.04431,0.00017583333333333334
20170620,0.044368,0.00017606349206349204
20170621,0.044359,0.0001760277777777778
20170622,0.044342,0.00017596031746031746
20170623,0.044344999999999996,0.0001759722222222222
20170626,0.044369,0.0001760674603174603
20170627,0.04433,0.0001759126984126984
20170628,0.044299,0.00017578968253968252
20170629,0.044192999999999996,0.0001753690476190476
20170630,0.044203,0.00017540873015873016
20170703,0.044192999999999996,0.0001753690476190476
20170704,0.044162,0.00017524603174603174
20170705,0.04413,0.00017511904761904762
20170706,0.044108,0.00017503174603174604
20170707,0.044091,0.0001749642857142857
20170710,0.044073,0.00017489285714285716
20170711,0.044074999999999996,0.00017490079365079363
20170712,0.044066,0.00017486507936507938
20170713,0.044074,0.0001748968253968254
20170714,0.044051,0.00017480555555555554
20170717,0.044050000000000006,0.00017480158730158734
20170718,0.044034000000000004,0.00017473809523809526
20170719,0.044008000000000005,0.00017463492063492066
20170720,0.043975999999999994,0.00017450793650793648
20170721,0.043977,0.00017451190476190477
20170724,0.04396,0.00017444444444444444
20170725,0.043935,0.0001743452380952381
20170726,0.043904,0.0001742222222222222
20170727,0.043907999999999996,0.00017423809523809522
20170728,0.043892,0.00017417460317460318
20170731,0.043880999999999996,0.00017413095238095236
20170801,0.043931,0.00017432936507936507
20170802,0.043961,0.0001744484126984127
20170803,0.043982,0.00017453174603174602
20170804,0.043979,0.00017451984126984127
20170807,0.04398,0.00017452380952380953
20170808,0.04397,0.000174484126984127
20170809,0.04398,0.00017452380952380953
20170810,0.043985,0.0001745436507936508
20170811,0.043985,0.0001745436507936508
20170814,0.043981000000000006,0.00017452777777777782
20170815,0.043998999999999996,0.00017459920634920633
20170816,0.044000000000000004,0.00017460317460317462
20170817,0.044000000000000004,0.00017460317460317462
20170818,0.04401,0.00017464285714285715
20170821,0.044020000000000004,0.00017468253968253968
20170822,0.044032,0.00017473015873015874
20170823,0.044041,0.000174765873015873
20170824,0.044051,0.00017480555555555554
20170825,0.044067999999999996,0.00017487301587301585
20170828,0.044078,0.0001749126984126984
20170829,0.044107,0.00017502777777777777
20170830,0.044133,0.00017513095238095238
20170831,0.044038,0.00017475396825396825
20170901,0.04402300000000001,0.00017469444444444447
20170904,0.044017,0.00017467063492063493
20170905,0.044032,0.00017473015873015874
20170906,0.044034000000000004,0.00017473809523809526
20170907,0.044055,0.00017482142857142856
20170908,0.044059,0.00017483730158730158
20170911,0.044032999999999996,0.00017473412698412697
20170912,0.044009,0.0001746388888888889
20170913,0.04401,0.00017464285714285715
20170914,0.04399,0.00017456349206349206
20170915,0.044015000000000006,0.00017466269841269843
20170918,0.044012,0.00017465079365079365
20170919,0.044032,0.00017473015873015874
20170920,0.044039999999999996,0.00017476190476190475
20170921,0.044031,0.00017472619047619048
20170922,0.044028,0.0001747142857142857
20170925,0.044032999999999996,0.00017473412698412697
20170926,0.044039999999999996,0.00017476190476190475
20170927,0.044048,0.00017479365079365079
20170928,0.044049,0.00017479761904761905
20170929,0.044043,0.0001747738095238095
20170930,0.044039999999999996,0.00017476190476190475
20171009,0.04402999999999999,0.0001747222222222222
20171010,0.04402999999999999,0.0001747222222222222
20171011,0.044025,0.00017470238095238096
20171012,0.04401,0.00017464285714285715
20171013,0.044017,0.00017467063492063493
20171016,0.044012,0.00017465079365079365
20171017,0.044015000000000006,0.00017466269841269843
20171018,0.044017999999999995,0.00017467460317460316
20171019,0.044016,0.00017466666666666667
20171020,0.044032,0.00017473015873015874
20171023,0.044032,0.00017473015873015874
20171024,0.044017,0.00017467063492063493
20171025,0.044029,0.00017471825396825396
20171026,0.044049,0.00017479761904761905
20171027,0.044044999999999994,0.000174781746031746
20171030,0.044107,0.00017502777777777777
20171031,0.044176,0.0001753015873015873
20171101,0.044223,0.00017548809523809523
20171102,0.044287,0.0001757420634920635
20171103,0.044337999999999995,0.00017594444444444442
20171106,0.044364,0.00017604761904761905
20171107,0.044402,0.00017619841269841268
20171108,0.044421999999999996,0.00017627777777777775
20171109,0.044497,0.00017657539682539684
20171110,0.044573,0.00017687698412698413
20171113,0.044661,0.00017722619047619048
20171114,0.044778000000000005,0.0001776904761904762
20171115,0.045018,0.00017864285714285714
20171116,0.045432,0.0001802857142857143
20171117,0.045704,0.00018136507936507938
20171120,0.04575,0.00018154761904761905
20171121,0.045835,0.00018188492063492064
20171122,0.045904,0.00018215873015873016
20171123,0.045971000000000005,0.0001824246031746032
20171124,0.046017999999999996,0.0001826111111111111
20171127,0.046071999999999995,0.0001828253968253968
20171128,0.046138000000000005,0.00018308730158730162
20171129,0.046194,0.0001833095238095238
20171130,0.04629,0.00018369047619047618
20171201,0.046329,0.0001838452380952381
20171204,0.046383,0.0001840595238095238
20171205,0.046459,0.0001843611111111111
20171206,0.046486,0.00018446825396825398
20171207,0.046519000000000005,0.00018459920634920636
20171208,0.046562,0.00018476984126984127
20171211,0.046607,0.0001849484126984127
20171212,0.046651,0.00018512301587301586
20171213,0.046716,0.00018538095238095238
20171214,0.046862,0.00018596031746031746
20171215,0.046997,0.00018649603174603175
20171218,0.04697,0.00018638888888888888
20171219,0.046986999999999994,0.00018645634920634919
20171220,0.047219,0.00018737698412698412
20171221,0.047382,0.00018802380952380953
20171222,0.047488999999999996,0.00018844841269841268
20171225,0.047605,0.00018890873015873016
20171226,0.047631,0.00018901190476190477
20171227,0.047594000000000004,0.00018886507936507937
20171228,0.04761,0.00018892857142857142
20171229,0.047581,0.00018881349206349205
20180102,0.04747,0.00018837301587301585
20180103,0.04736,0.00018793650793650794
20180104,0.047286,0.00018764285714285714
20180105,0.047249,0.00018749603174603174
20180108,0.0472,0.0001873015873015873
20180109,0.0472,0.0001873015873015873
20180110,0.0472,0.0001873015873015873
20180111,0.04723,0.0001874206349206349
20180112,0.047233,0.00018743253968253967
20180115,0.047252999999999996,0.00018751190476190476
20180116,0.047296,0.00018768253968253967
20180117,0.04732,0.00018777777777777779
20180118,0.047332,0.0001878253968253968
20180119,0.047384,0.00018803174603174605
20180122,0.047429,0.00018821031746031746
20180123,0.047423,0.00018818650793650795
20180124,0.047423,0.00018818650793650795
20180125,0.047423,0.00018818650793650795
20180126,0.047423,0.00018818650793650795
20180129,0.047423,0.00018818650793650795
20180130,0.047423,0.00018818650793650795
20180131,0.047423,0.00018818650793650795
20180201,0.047463,0.00018834523809523808
20180202,0.047457,0.00018832142857142856
20180205,0.047446,0.0001882777777777778
20180206,0.047465,0.0001883531746031746
20180207,0.04745,0.0001882936507936508
20180208,0.047455,0.00018831349206349204
20180209,0.047456,0.0001883174603174603
20180211,0.047456,0.0001883174603174603
20180212,0.047456,0.0001883174603174603
20180213,0.047456,0.0001883174603174603
20180214,0.047439999999999996,0.00018825396825396823
20180222,0.047434000000000004,0.00018823015873015874
20180223,0.04742,0.00018817460317460316
20180224,0.04742,0.00018817460317460316
20180226,0.04742,0.00018817460317460316
20180227,0.047422000000000006,0.00018818253968253971
20180228,0.04742,0.00018817460317460316
20180301,0.04742,0.00018817460317460316
20180302,0.04742,0.00018817460317460316
20180305,0.04742,0.00018817460317460316
20180306,0.04742,0.00018817460317460316
20180307,0.04742,0.00018817460317460316
20180308,0.047417999999999995,0.00018816666666666664
20180309,0.047417999999999995,0.00018816666666666664
20180312,0.047417999999999995,0.00018816666666666664
20180313,0.047417999999999995,0.00018816666666666664
20180314,0.047417999999999995,0.00018816666666666664
20180315,0.047417999999999995,0.00018816666666666664
20180316,0.047417999999999995,0.00018816666666666664
20180319,0.047417999999999995,0.00018816666666666664
20180320,0.047417999999999995,0.00018816666666666664
20180321,0.047417999999999995,0.00018816666666666664
20180322,0.04737,0.00018797619047619047
20180323,0.047248,0.00018749206349206348
20180326,0.047233,0.00018743253968253967
20180327,0.047188,0.00018725396825396826
20180328,0.047148,0.0001870952380952381
20180329,0.04678,0.00018563492063492065
20180330,0.046508,0.00018455555555555556
20180402,0.04625,0.00018353174603174602
20180403,0.046033,0.0001826706349206349
20180404,0.0458,0.00018174603174603174
20180408,0.04559,0.0001809126984126984
20180409,0.045488999999999995,0.00018051190476190475
20180410,0.045419999999999995,0.0001802380952380952
20180411,0.045380000000000004,0.0001800793650793651
20180412,0.04536,0.00017999999999999998
20180413,0.04535,0.00017996031746031748
20180416,0.04534,0.00017992063492063492
20180417,0.04537,0.00018003968253968254
20180418,0.045,0.00017857142857142857
20180419,0.044480000000000006,0.00017650793650793653
20180420,0.04418999999999999,0.00017535714285714282
20180423,0.04409,0.00017496031746031744
20180424,0.04394,0.00017436507936507937
20180425,0.0438,0.0001738095238095238
20180426,0.04383,0.00017392857142857143
20180427,0.04385,0.0001740079365079365
20180428,0.04382,0.00017388888888888887
20180502,0.04376,0.00017365079365079365
20180503,0.04364,0.00017317460317460318
20180504,0.043570000000000005,0.00017289682539682542
20180507,0.04349,0.00017257936507936508
20180508,0.04348,0.00017253968253968252
20180509,0.04346,0.00017246031746031746
20180510,0.04346,0.00017246031746031746
20180511,0.04348,0.00017253968253968252
20180514,0.04353,0.00017273809523809524
20180515,0.043550000000000005,0.00017281746031746033
20180516,0.04363,0.00017313492063492065
20180517,0.04366,0.00017325396825396824
20180518,0.0437,0.00017341269841269843
20180521,0.043710000000000006,0.000173452380952381
20180522,0.043710000000000006,0.000173452380952381
20180523,0.043730000000000005,0.00017353174603174605
20180524,0.043710000000000006,0.000173452380952381
20180525,0.043730000000000005,0.00017353174603174605
20180528,0.04376,0.00017365079365079365
20180529,0.04381,0.00017384920634920637
20180530,0.04385,0.0001740079365079365
20180531,0.04388,0.00017412698412698415
20180601,0.04391,0.00017424603174603175
20180604,0.04393,0.0001743253968253968
20180605,0.04394,0.00017436507936507937
20180606,0.04394,0.00017436507936507937
20180607,0.043949999999999996,0.00017440476190476188
20180608,0.04397,0.000174484126984127
20180611,0.04398,0.00017452380952380953
20180612,0.04399,0.00017456349206349206
20180613,0.044000000000000004,0.00017460317460317462
20180614,0.044000000000000004,0.00017460317460317462
20180615,0.04399,0.00017456349206349206
20180619,0.044000000000000004,0.00017460317460317462
20180620,0.044000000000000004,0.00017460317460317462
20180621,0.044000000000000004,0.00017460317460317462
20180622,0.04398,0.00017452380952380953
20180625,0.04385,0.0001740079365079365
20180626,0.04381,0.00017384920634920637
20180627,0.0437,0.00017341269841269843
20180628,0.04352,0.0001726984126984127
20180629,0.04331,0.00017186507936507936
20180702,0.04298,0.00017055555555555555
20180703,0.042238,0.0001676111111111111
20180704,0.04149,0.00016464285714285715
20180705,0.040819999999999995,0.00016198412698412696
20180706,0.040389999999999995,0.00016027777777777777
20180709,0.04009,0.00015908730158730158
20180710,0.03994,0.0001584920634920635
20180711,0.03976,0.00015777777777777776
20180712,0.039689999999999996,0.00015749999999999998
20180713,0.03961,0.0001571825396825397
20180716,0.03962,0.00015722222222222223
20180717,0.039689999999999996,0.00015749999999999998
20180718,0.039689999999999996,0.00015749999999999998
20180719,0.03962,0.00015722222222222223
20180720,0.039529999999999996,0.00015686507936507935
20180723,0.03923,0.0001556746031746032
20180724,0.03897,0.00015464285714285713
20180725,0.03851,0.00015281746031746033
20180726,0.03812,0.00015126984126984127
20180727,0.03781,0.00015003968253968255
20180730,0.03737,0.0001482936507936508
20180731,0.03712,0.0001473015873015873
20180801,0.03682,0.0001461111111111111
20180802,0.03626,0.0001438888888888889
20180803,0.03551,0.00014091269841269842
20180806,0.03475,0.00013789682539682541
20180807,0.03395,0.00013472222222222222
20180808,0.03314,0.00013150793650793652
20180809,0.03256,0.0001292063492063492
20180810,0.032440000000000004,0.00012873015873015873
20180813,0.03235,0.00012837301587301586
20180814,0.03265,0.00012956349206349205
20180815,0.032850000000000004,0.00013035714285714286
20180816,0.03329,0.00013210317460317462
20180817,0.033639999999999996,0.00013349206349206347
20180820,0.03406,0.00013515873015873016
20180821,0.034460000000000005,0.00013674603174603176
20180822,0.034910000000000004,0.00013853174603174604
20180823,0.03512,0.00013936507936507936
20180824,0.03511,0.00013932539682539683
20180827,0.03512,0.00013936507936507936
20180828,0.03514,0.00013944444444444442
20180829,0.035089999999999996,0.00013924603174603174
20180830,0.03506,0.00013912698412698414
20180831,0.03503,0.0001390079365079365
20180903,0.035019999999999996,0.00013896825396825395
20180904,0.035,0.0001388888888888889
20180905,0.035,0.0001388888888888889
20180906,0.035,0.0001388888888888889
20180907,0.035,0.0001388888888888889
20180910,0.035,0.0001388888888888889
20180911,0.03501,0.00013892857142857142
20180912,0.03513,0.00013940476190476192
20180913,0.03521,0.0001397222222222222
20180914,0.035225,0.00013978174603174602
20180917,0.03516,0.00013952380952380952
20180918,0.03514,0.00013944444444444442
20180919,0.03513,0.00013940476190476192
20180920,0.03512,0.00013936507936507936
20180921,0.03516,0.00013952380952380952
20180925,0.0352,0.0001396825396825397
20180926,0.035230000000000004,0.00013980158730158733
20180927,0.03526,0.00013992063492063492
20180928,0.03527,0.00013996031746031748
20180929,0.03521,0.0001397222222222222
20180930,0.03521,0.0001397222222222222
20181008,0.03512,0.00013936507936507936
20181009,0.03504,0.00013904761904761905
20181010,0.035019999999999996,0.00013896825396825395
20181011,0.03506,0.00013912698412698414
20181012,0.03505,0.00013908730158730158
20181015,0.03505,0.00013908730158730158
20181016,0.03505,0.00013908730158730158
20181017,0.03505,0.00013908730158730158
20181018,0.03504,0.00013904761904761905
20181019,0.035070000000000004,0.00013916666666666667
20181022,0.03516,0.00013952380952380952
20181023,0.03532,0.00014015873015873014
20181024,0.03544,0.00014063492063492064
20181025,0.03552,0.00014095238095238096
20181026,0.0355,0.00014087301587301586
20181029,0.0355,0.00014087301587301586
20181030,0.0355,0.00014087301587301586
20181031,0.0355,0.00014087301587301586
20181101,0.0355,0.00014087301587301586
20181102,0.0355,0.00014087301587301586
20181105,0.0355,0.00014087301587301586
20181106,0.0355,0.00014087301587301586
20181107,0.03551,0.00014091269841269842
20181108,0.0355,0.00014087301587301586
20181109,0.03552,0.00014095238095238096
20181112,0.03553,0.0001409920634920635
20181113,0.03558,0.0001411904761904762
20181114,0.035539999999999995,0.00014103174603174602
20181115,0.0355,0.00014087301587301586
20181116,0.03553,0.0001409920634920635
20181119,0.03551,0.00014091269841269842
20181120,0.03543,0.0001405952380952381
20181121,0.03544,0.00014063492063492064
20181122,0.03535,0.00014027777777777777
20181123,0.03529,0.00014003968253968255
20181126,0.03525,0.00013988095238095236
20181127,0.03527,0.00013996031746031748
20181128,0.03528,0.00014
20181129,0.035278000000000004,0.00013999206349206352
20181130,0.03527,0.00013996031746031748
20181203,0.03527,0.00013996031746031748
20181204,0.03527,0.00013996031746031748
20181205,0.03526,0.00013992063492063492
20181206,0.03525,0.00013988095238095236
20181207,0.03525,0.00013988095238095236
20181210,0.03526,0.00013992063492063492
20181211,0.03521,0.0001397222222222222
20181212,0.03522,0.00013976190476190477
20181213,0.0352,0.0001396825396825397
20181214,0.0352,0.0001396825396825397
20181217,0.0352,0.0001396825396825397
20181218,0.03522,0.00013976190476190477
20181219,0.03524,0.00013984126984126983
20181220,0.03524,0.00013984126984126983
20181221,0.03517,0.00013956349206349208
20181224,0.03517,0.00013956349206349208
20181225,0.035179999999999996,0.00013960317460317458
20181226,0.0352,0.0001396825396825397
20181227,0.0352,0.0001396825396825397
20181228,0.03521,0.0001397222222222222
20190102,0.03511,0.00013932539682539683
20190103,0.035070000000000004,0.00013916666666666667
20190104,0.03497,0.00013876984126984126
20190107,0.03466,0.00013753968253968254
20190108,0.03431,0.00013615079365079366
20190109,0.03401,0.00013496031746031744
20190110,0.033769999999999994,0.00013400793650793647
20190111,0.0335,0.00013293650793650793
20190114,0.033370000000000004,0.00013242063492063493
20190115,0.03324,0.0001319047619047619
20190116,0.03314,0.00013150793650793652
20190117,0.03304,0.00013111111111111111
20190118,0.03302,0.00013103174603174602
20190121,0.033,0.00013095238095238096
20190122,0.033,0.00013095238095238096
20190123,0.033,0.00013095238095238096
20190124,0.033,0.00013095238095238096
20190125,0.03294,0.0001307142857142857
20190128,0.03291,0.0001305952380952381
20190129,0.03282,0.00013023809523809524
20190130,0.032709999999999996,0.0001298015873015873
20190131,0.03252,0.00012904761904761905
20190201,0.03241,0.0001286111111111111
20190211,0.03198,0.00012690476190476191
20190212,0.03172,0.00012587301587301585
20190213,0.03146,0.00012484126984126985
20190214,0.031190000000000002,0.00012376984126984128
20190215,0.030950000000000002,0.00012281746031746034
20190218,0.03081,0.00012226190476190477
20190219,0.03073,0.00012194444444444445
20190220,0.03069,0.00012178571428571428
20190221,0.03063,0.00012154761904761905
20190222,0.03063,0.00012154761904761905
20190225,0.030590000000000003,0.0001213888888888889
20190226,0.030590000000000003,0.0001213888888888889
20190227,0.03061,0.00012146825396825396
20190228,0.030600000000000002,0.00012142857142857144
20190301,0.030590000000000003,0.0001213888888888889
20190304,0.03058,0.00012134920634920635
20190305,0.03055,0.00012123015873015873
20190306,0.030529999999999998,0.00012115079365079365
20190307,0.030539999999999998,0.00012119047619047618
20190308,0.03057,0.0001213095238095238
20190311,0.030600000000000002,0.00012142857142857144
20190312,0.03066,0.00012166666666666667
20190313,0.03066,0.00012166666666666667
20190314,0.03072,0.00012190476190476191
20190315,0.03077,0.0001221031746031746
20190318,0.03082,0.0001223015873015873
20190319,0.03086,0.00012246031746031746
20190320,0.03088,0.00012253968253968256
20190321,0.030910000000000003,0.00012265873015873018
20190322,0.03092,0.00012269841269841269
20190325,0.03086,0.00012246031746031746
20190326,0.0308,0.00012222222222222221
20190327,0.03074,0.00012198412698412698
20190328,0.030619999999999998,0.0001215079365079365
20190329,0.030510000000000002,0.00012107142857142858
20190401,0.03047,0.00012091269841269841
20190402,0.03042,0.00012071428571428571
20190403,0.030440000000000002,0.0001207936507936508
20190404,0.03047,0.00012091269841269841
20190408,0.03047,0.00012091269841269841
20190409,0.03047,0.00012091269841269841
20190410,0.030529999999999998,0.00012115079365079365
20190411,0.030600000000000002,0.00012142857142857144
20190412,0.030670000000000003,0.00012170634920634921
20190415,0.03072,0.00012190476190476191
20190416,0.03077,0.0001221031746031746
20190417,0.030910000000000003,0.00012265873015873018
20190418,0.03096,0.00012285714285714287
20190419,0.030950000000000002,0.00012281746031746034
20190422,0.03101,0.00012305555555555556
20190423,0.031059999999999997,0.00012325396825396825
20190424,0.03108,0.00012333333333333334
20190425,0.031190000000000002,0.00012376984126984128
20190426,0.03129,0.00012416666666666666
20190429,0.03147,0.00012488095238095238
20190430,0.03159,0.00012535714285714285
20190506,0.031560000000000005,0.00012523809523809525
20190507,0.03154,0.00012515873015873016
20190508,0.031509999999999996,0.00012503968253968254
20190509,0.031509999999999996,0.00012503968253968254
20190510,0.031509999999999996,0.00012503968253968254
20190513,0.03152,0.00012507936507936507
20190514,0.03153,0.00012511904761904763
20190515,0.03153,0.00012511904761904763
20190516,0.03157,0.00012527777777777778
20190517,0.03162,0.00012547619047619047
20190520,0.03167,0.00012567460317460316
20190521,0.03177,0.00012607142857142857
20190522,0.03185,0.0001263888888888889
20190523,0.0319,0.00012658730158730157
20190524,0.03198,0.00012690476190476191
20190527,0.03202,0.00012706349206349207
20190528,0.03205,0.0001271825396825397
20190529,0.03206,0.00012722222222222223
20190530,0.03205,0.0001271825396825397
20190531,0.03206,0.00012722222222222223
20190603,0.032080000000000004,0.00012730158730158732
20190604,0.032080000000000004,0.00012730158730158732
20190605,0.03209,0.00012734126984126985
20190606,0.03212,0.00012746031746031748
20190610,0.03215,0.00012757936507936507
20190611,0.03213,0.00012749999999999998
20190612,0.032170000000000004,0.00012765873015873017
20190613,0.0322,0.00012777777777777776
20190614,0.03225,0.00012797619047619048
20190617,0.03228,0.0001280952380952381
20190618,0.03231,0.0001282142857142857
20190619,0.03218,0.0001276984126984127
20190620,0.03207,0.00012726190476190476
20190621,0.0319,0.00012658730158730157
20190624,0.0317,0.0001257936507936508
20190625,0.03138,0.0001245238095238095
20190626,0.031120000000000002,0.0001234920634920635
20190627,0.03105,0.00012321428571428572
20190628,0.031030000000000002,0.00012313492063492065
20190701,0.030990000000000004,0.0001229761904761905
20190702,0.03096,0.00012285714285714287
20190703,0.03096,0.00012285714285714287
20190704,0.03094,0.00012277777777777778
20190705,0.03084,0.00012238095238095237
20190708,0.03086,0.00012246031746031746
20190709,0.03087,0.0001225
20190710,0.03089,0.0001225793650793651
20190711,0.03088,0.00012253968253968256
20190712,0.030910000000000003,0.00012265873015873018
20190715,0.03093,0.00012273809523809525
20190716,0.03096,0.00012285714285714287
20190717,0.030990000000000004,0.0001229761904761905
20190718,0.03101,0.00012305555555555556
20190719,0.03101,0.00012305555555555556
20190722,0.031,0.00012301587301587303
20190723,0.03097,0.0001228968253968254
20190724,0.03096,0.00012285714285714287
20190725,0.03096,0.00012285714285714287
20190726,0.03096,0.00012285714285714287
20190729,0.030979999999999997,0.00012293650793650793
20190730,0.030979999999999997,0.00012293650793650793
20190731,0.030979999999999997,0.00012293650793650793
20190801,0.03096,0.00012285714285714287
20190802,0.03096,0.00012285714285714287
20190805,0.03094,0.00012277777777777778
20190806,0.03087,0.0001225
20190807,0.030830000000000003,0.00012234126984126987
20190808,0.030805,0.0001222420634920635
20190809,0.030785,0.0001221626984126984
20190812,0.030754999999999998,0.00012204365079365078
20190813,0.030785,0.0001221626984126984
20190814,0.030830000000000003,0.00012234126984126987
20190815,0.030825,0.00012232142857142859
20190816,0.030775,0.00012212301587301587
20190819,0.03074,0.00012198412698412698
20190820,0.03068,0.00012174603174603174
20190821,0.03064,0.00012158730158730159
20190822,0.030590000000000003,0.0001213888888888889
20190823,0.03056,0.00012126984126984127
20190826,0.03055,0.00012123015873015873
20190827,0.03055,0.00012123015873015873
20190828,0.03055,0.00012123015873015873
20190829,0.030545,0.00012121031746031746
20190830,0.030510000000000002,0.00012107142857142858
20190902,0.0305,0.00012103174603174602
20190903,0.030520000000000002,0.00012111111111111112
20190904,0.030510000000000002,0.00012107142857142858
20190905,0.030520000000000002,0.00012111111111111112
20190906,0.030520000000000002,0.00012111111111111112
20190909,0.030510000000000002,0.00012107142857142858
20190910,0.030459999999999997,0.00012087301587301587
20190911,0.030430000000000002,0.00012075396825396827
20190912,0.03042,0.00012071428571428571
20190916,0.030430000000000002,0.00012075396825396827
20190917,0.030430000000000002,0.00012075396825396827
20190918,0.030440000000000002,0.0001207936507936508
20190919,0.030449999999999998,0.00012083333333333332
20190920,0.030459999999999997,0.00012087301587301587
20190923,0.03048,0.00012095238095238096
20190924,0.03048,0.00012095238095238096
20190925,0.03047,0.00012091269841269841
20190926,0.03048,0.00012095238095238096
20190927,0.03048,0.00012095238095238096
20190930,0.03048,0.00012095238095238096
20191008,0.03048,0.00012095238095238096
20191009,0.03047,0.00012091269841269841
20191010,0.03049,0.00012099206349206349
20191011,0.0305,0.00012103174603174602
20191014,0.03049,0.00012099206349206349
20191015,0.03049,0.00012099206349206349
20191016,0.03048,0.00012095238095238096
20191017,0.0305,0.00012103174603174602
20191018,0.030510000000000002,0.00012107142857142858
20191021,0.030539999999999998,0.00012119047619047618
20191022,0.03057,0.0001213095238095238
20191023,0.03061,0.00012146825396825396
20191024,0.03061,0.00012146825396825396
20191025,0.03063,0.00012154761904761905
20191028,0.03063,0.00012154761904761905
20191029,0.030670000000000003,0.00012170634920634921
20191030,0.03074,0.00012198412698412698
20191031,0.03076,0.00012206349206349206
20191101,0.03079,0.00012218253968253968
20191104,0.03084,0.00012238095238095237
20191105,0.03086,0.00012246031746031746
20191106,0.03088,0.00012253968253968256
20191107,0.030899999999999997,0.0001226190476190476
20191108,0.03093,0.00012273809523809525
20191111,0.03094,0.00012277777777777778
20191112,0.030990000000000004,0.0001229761904761905
20191113,0.03101,0.00012305555555555556
20191114,0.03108,0.00012333333333333334
20191115,0.03116,0.00012365079365079365
20191118,0.031190000000000002,0.00012376984126984128
20191119,0.031190000000000002,0.00012376984126984128
20191120,0.03125,0.0001240079365079365
20191121,0.03127,0.0001240873015873016
20191122,0.03121,0.00012384920634920634
20191125,0.031190000000000002,0.00012376984126984128
20191126,0.03118,0.00012373015873015872
20191127,0.031190000000000002,0.00012376984126984128
20191128,0.031190000000000002,0.00012376984126984128
20191129,0.031219999999999998,0.00012388888888888888
20191202,0.031219999999999998,0.00012388888888888888
20191203,0.031219999999999998,0.00012388888888888888
20191204,0.03121,0.00012384920634920634
20191205,0.03121,0.00012384920634920634
20191206,0.03121,0.00012384920634920634
20191209,0.03123,0.00012392857142857144
20191210,0.031219999999999998,0.00012388888888888888
20191211,0.03123,0.00012392857142857144
20191212,0.031219999999999998,0.00012388888888888888
20191213,0.031219999999999998,0.00012388888888888888
20191216,0.031219999999999998,0.00012388888888888888
20191217,0.03123,0.00012392857142857144
20191218,0.03124,0.00012396825396825397
20191219,0.03124,0.00012396825396825397
20191220,0.031219999999999998,0.00012388888888888888
20191223,0.031200000000000002,0.0001238095238095238
20191224,0.031145,0.00012359126984126984
20191225,0.031139999999999998,0.00012357142857142856
20191226,0.031110000000000002,0.00012345238095238097
20191227,0.03105,0.00012321428571428572
20191230,0.031015,0.00012307539682539684
20191231,0.031004999999999998,0.00012303571428571428
20200102,0.03086,0.00012246031746031746
20200103,0.03071,0.00012186507936507937
20200106,0.0305,0.00012103174603174602
20200107,0.0304,0.00012063492063492063
20200108,0.03032,0.00012031746031746032
20200109,0.03021,0.00011988095238095238
20200110,0.03015,0.00011964285714285714
20200113,0.030139999999999997,0.00011960317460317458
20200114,0.03013,0.00011956349206349206
20200115,0.03012,0.00011952380952380953
20200116,0.03007,0.00011932539682539683
20200117,0.03005,0.00011924603174603175
20200119,0.02997,0.00011892857142857142
20200120,0.02997,0.00011892857142857142
20200121,0.02995,0.00011884920634920636
20200122,0.02995,0.00011884920634920636
20200123,0.02995,0.00011884920634920636
20200203,0.0298,0.00011825396825396825
20200204,0.02959,0.00011742063492063493
20200205,0.02936,0.00011650793650793651
20200206,0.02913,0.0001155952380952381
20200207,0.02897,0.00011496031746031746
20200210,0.028769999999999997,0.00011416666666666666
20200211,0.02856,0.00011333333333333333
20200212,0.028450000000000003,0.0001128968253968254
20200213,0.02834,0.00011246031746031746
20200214,0.02817,0.00011178571428571429
20200217,0.028069999999999998,0.00011138888888888888
20200218,0.02786,0.00011055555555555555
20200219,0.02773,0.00011003968253968255
20200220,0.02767,0.0001098015873015873
20200221,0.0276,0.00010952380952380952
20200224,0.027549999999999998,0.00010932539682539682
20200225,0.02752,0.0001092063492063492
20200226,0.027440000000000003,0.0001088888888888889
20200227,0.0274,0.00010873015873015873
20200228,0.02735,0.00010853174603174603
20200302,0.02722,0.00010801587301587301
20200303,0.02706,0.00010738095238095239
20200304,0.026789999999999998,0.0001063095238095238
20200305,0.02651,0.0001051984126984127
20200306,0.026160000000000003,0.00010380952380952383
20200309,0.025910000000000002,0.00010281746031746033
20200310,0.025859999999999998,0.00010261904761904761
20200311,0.02557,0.00010146825396825396
20200312,0.025339999999999998,0.00010055555555555554
20200313,0.02513,9.972222222222222e-05
20200316,0.02491,9.884920634920636e-05
20200317,0.024820000000000002,9.84920634920635e-05
20200318,0.02464,9.777777777777777e-05
20200319,0.02451,9.726190476190476e-05
20200320,0.024380000000000002,9.674603174603176e-05
20200323,0.0241,9.563492063492063e-05
20200324,0.02392,9.492063492063493e-05
20200325,0.02355,9.345238095238095e-05
20200326,0.023239999999999997,9.22222222222222e-05
20200327,0.02305,9.146825396825398e-05
20200330,0.02274,9.023809523809524e-05
20200331,0.0225,8.928571428571429e-05
20200401,0.02226,8.833333333333333e-05
20200402,0.022019999999999998,8.738095238095237e-05
20200403,0.02165,8.591269841269842e-05
20200407,0.0207,8.214285714285714e-05
20200408,0.01951,7.742063492063492e-05
20200409,0.01855,7.361111111111111e-05
20200410,0.01794,7.11904761904762e-05
20200413,0.01758,6.976190476190476e-05
20200414,0.01733,6.876984126984127e-05
20200415,0.01712,6.793650793650794e-05
20200416,0.01694,6.722222222222222e-05
20200417,0.01683,6.67857142857143e-05
20200420,0.016739999999999998,6.642857142857142e-05
20200421,0.016739999999999998,6.642857142857142e-05
20200422,0.01676,6.650793650793651e-05
20200423,0.01683,6.67857142857143e-05
20200424,0.01683,6.67857142857143e-05
20200427,0.016819999999999998,6.674603174603173e-05
20200428,0.016810000000000002,6.670634920634922e-05
20200429,0.016810000000000002,6.670634920634922e-05
20200430,0.01683,6.67857142857143e-05
20200506,0.01684,6.682539682539683e-05
20200507,0.01683,6.67857142857143e-05
20200508,0.01683,6.67857142857143e-05
20200509,0.01686,6.69047619047619e-05
20200511,0.0169,6.706349206349206e-05
20200512,0.01695,6.726190476190477e-05
20200513,0.01696,6.73015873015873e-05
20200514,0.01698,6.738095238095238e-05
20200515,0.017,6.746031746031747e-05
20200518,0.01699,6.742063492063492e-05
20200519,0.01698,6.738095238095238e-05
20200520,0.01699,6.742063492063492e-05
20200521,0.01701,6.75e-05
20200522,0.01704,6.761904761904761e-05
20200525,0.0171,6.785714285714286e-05
20200526,0.017230000000000002,6.837301587301588e-05
20200527,0.017390000000000003,6.900793650793652e-05
20200528,0.01748,6.936507936507937e-05
20200529,0.01774,7.039682539682539e-05
20200601,0.01788,7.095238095238095e-05
20200602,0.018009999999999998,7.146825396825397e-05
20200603,0.018260000000000002,7.246031746031747e-05
20200604,0.01851,7.345238095238094e-05
20200605,0.019030000000000002,7.551587301587302e-05
20200608,0.01957,7.765873015873016e-05
20200609,0.02007,7.964285714285715e-05
20200610,0.02053,8.146825396825397e-05
20200611,0.02138,8.484126984126984e-05
20200612,0.02189,8.686507936507936e-05
20200615,0.02207,8.757936507936508e-05
20200616,0.0223,8.849206349206349e-05
20200617,0.02266,8.992063492063491e-05
20200618,0.022850000000000002,9.067460317460318e-05
20200619,0.023,9.126984126984126e-05
20200622,0.02308,9.158730158730159e-05
20200623,0.023250000000000003,9.226190476190478e-05
20200624,0.02344,9.301587301587302e-05
20200629,0.0235,9.325396825396825e-05
20200630,0.02358,9.357142857142858e-05
20200701,0.023610000000000003,9.36904761904762e-05
20200702,0.02368,9.396825396825397e-05
20200703,0.02376,9.428571428571429e-05
20200706,0.02384,9.46031746031746e-05
20200707,0.02392,9.492063492063493e-05
20200708,0.02404,9.53968253968254e-05
20200709,0.0242,9.603174603174603e-05
20200710,0.024329999999999997,9.654761904761904e-05
20200713,0.024550000000000002,9.742063492063493e-05
20200714,0.0248,9.841269841269841e-05
20200715,0.025160000000000002,9.984126984126985e-05
20200716,0.02574,0.00010214285714285714
20200717,0.02637,0.00010464285714285714
20200720,0.026709999999999998,0.00010599206349206348
20200721,0.02727,0.00010821428571428572
20200722,0.02758,0.00010944444444444444
20200723,0.02783,0.00011043650793650794
20200724,0.02796,0.00011095238095238095
20200727,0.02804,0.00011126984126984126
20200728,0.028069999999999998,0.00011138888888888888
20200729,0.028149999999999998,0.0001117063492063492
20200730,0.0282,0.0001119047619047619
20200731,0.02828,0.00011222222222222222
20200803,0.02828,0.00011222222222222222
20200804,0.028370000000000003,0.00011257936507936509
20200805,0.02846,0.00011293650793650794
20200806,0.0285,0.0001130952380952381
20200807,0.02852,0.00011317460317460317
20200810,0.028530000000000003,0.00011321428571428573
20200811,0.02855,0.0001132936507936508
20200812,0.02862,0.00011357142857142856
20200813,0.02866,0.00011373015873015873
20200814,0.02872,0.00011396825396825397
20200817,0.02878,0.0001142063492063492
20200818,0.02886,0.00011452380952380952
20200819,0.028929999999999997,0.00011480158730158729
20200820,0.02896,0.00011492063492063492
20200821,0.028999999999999998,0.00011507936507936507
20200824,0.029009999999999998,0.00011511904761904761
20200825,0.02905,0.00011527777777777777
20200826,0.02907,0.00011535714285714285
20200827,0.029169999999999998,0.00011575396825396824
20200828,0.029220000000000003,0.00011595238095238096
20200831,0.02933,0.00011638888888888888
20200901,0.02942,0.00011674603174603176
20200902,0.029449999999999997,0.00011686507936507935
20200903,0.02951,0.0001171031746031746
20200904,0.029529999999999997,0.00011718253968253967
20200907,0.02965,0.00011765873015873015
20200908,0.029820000000000003,0.00011833333333333334
20200909,0.02988,0.00011857142857142858
20200910,0.02992,0.00011873015873015872
20200911,0.029990000000000003,0.00011900793650793652
20200914,0.030019999999999998,0.00011912698412698413
20200915,0.03003,0.00011916666666666667
20200916,0.03,0.00011904761904761905
20200917,0.03,0.00011904761904761905
20200918,0.03,0.00011904761904761905
20200921,0.03001,0.00011908730158730158
20200922,0.030019999999999998,0.00011912698412698413
20200923,0.030019999999999998,0.00011912698412698413
20200924,0.03008,0.00011936507936507936
20200925,0.03009,0.0001194047619047619
20200928,0.0301,0.00011944444444444444
20200929,0.03016,0.00011968253968253968
20200930,0.03021,0.00011988095238095238
20201009,0.03024,0.00012
20201012,0.03031,0.00012027777777777778
20201013,0.03039,0.0001205952380952381
20201014,0.030449999999999998,0.00012083333333333332
20201015,0.03057,0.0001213095238095238
20201016,0.03066,0.00012166666666666667
20201019,0.03074,0.00012198412698412698
20201020,0.03081,0.00012226190476190477
20201021,0.030899999999999997,0.0001226190476190476
20201022,0.03101,0.00012305555555555556
20201023,0.03116,0.00012365079365079365
20201026,0.03131,0.00012424603174603172
20201027,0.03146,0.00012484126984126985
20201028,0.03157,0.00012527777777777778
20201029,0.03167,0.00012567460317460316
20201030,0.0318,0.0001261904761904762
20201102,0.031869999999999996,0.00012646825396825395
20201103,0.031920000000000004,0.0001266666666666667
20201104,0.031939999999999996,0.00012674603174603173
20201105,0.03196,0.00012682539682539682
20201106,0.03199,0.00012694444444444445
20201109,0.032,0.00012698412698412698
20201110,0.032010000000000004,0.00012702380952380954
20201111,0.032010000000000004,0.00012702380952380954
20201112,0.03204,0.00012714285714285714
20201113,0.03205,0.0001271825396825397
20201116,0.03207,0.00012726190476190476
20201117,0.0321,0.00012738095238095236
20201118,0.0322,0.00012777777777777776
20201119,0.0323,0.0001281746031746032
20201120,0.03242,0.00012865079365079364
20201123,0.03253,0.0001290873015873016
20201124,0.032549999999999996,0.00012916666666666664
20201125,0.03266,0.0001296031746031746
20201126,0.032780000000000004,0.00013007936507936508
20201127,0.03289,0.00013051587301587302
20201130,0.03291,0.0001305952380952381
20201201,0.03274,0.00012992063492063492
20201202,0.03265,0.00012956349206349205
20201203,0.03261,0.0001294047619047619
20201204,0.032578,0.0001292777777777778
20201207,0.03257,0.00012924603174603176
20201208,0.03259,0.00012932539682539683
20201209,0.03256,0.0001292063492063492
20201210,0.03247,0.00012884920634920636
20201211,0.03239,0.00012853174603174604
20201214,0.03231,0.0001282142857142857
20201215,0.032,0.00012698412698412698
20201216,0.03149,0.00012496031746031744
20201217,0.030990000000000004,0.0001229761904761905
20201218,0.03066,0.00012166666666666667
20201221,0.03047,0.00012091269841269841
20201222,0.0304,0.00012063492063492063
20201223,0.03033,0.00012035714285714285
20201224,0.030289999999999997,0.00012019841269841269
20201225,0.03015,0.00011964285714285714
20201228,0.03009,0.0001194047619047619
20201229,0.03001,0.00011908730158730158
20201230,0.03,0.00011904761904761905
20201231,0.03,0.00011904761904761905
20210104,0.02993,0.00011876984126984127
20210105,0.029849999999999998,0.00011845238095238094
20210106,0.02962,0.00011753968253968254
20210107,0.02936,0.00011650793650793651
20210108,0.0291,0.00011547619047619047
20210111,0.02889,0.00011464285714285714
20210112,0.0288,0.00011428571428571428
20210113,0.02871,0.00011392857142857142
20210114,0.02864,0.00011365079365079364
20210115,0.02859,0.00011345238095238095
20210118,0.02857,0.00011337301587301587
20210119,0.02858,0.00011341269841269842
20210120,0.02866,0.00011373015873015873
20210121,0.02875,0.0001140873015873016
20210122,0.02883,0.00011440476190476191
20210125,0.028919999999999998,0.00011476190476190475
20210126,0.029060000000000002,0.00011531746031746033
20210127,0.02936,0.00011650793650793651
20210128,0.02962,0.00011753968253968254
20210129,0.02989,0.00011861111111111111
20210201,0.029980000000000003,0.00011896825396825398
20210202,0.03003,0.00011916666666666667
20210203,0.030019999999999998,0.00011912698412698413
20210204,0.030019999999999998,0.00011912698412698413
20210205,0.03007,0.00011932539682539683
20210208,0.03024,0.00012
20210209,0.03034,0.0001203968253968254
20210210,0.030379999999999997,0.00012055555555555554
20210218,0.030379999999999997,0.00012055555555555554
20210219,0.030520000000000002,0.00012111111111111112
20210222,0.03076,0.00012206349206349206
20210223,0.03085,0.0001224206349206349
20210224,0.03094,0.00012277777777777778
20210225,0.03101,0.00012305555555555556
20210226,0.03104,0.00012317460317460318
20210301,0.03105,0.00012321428571428572
20210302,0.031059999999999997,0.00012325396825396825
20210303,0.031030000000000002,0.00012313492063492065
20210304,0.03104,0.00012317460317460318
20210305,0.03102,0.0001230952380952381
20210308,0.03102,0.0001230952380952381
20210309,0.03102,0.0001230952380952381
20210310,0.03102,0.0001230952380952381
20210311,0.03102,0.0001230952380952381
20210312,0.03101,0.00012305555555555556
20210315,0.03102,0.0001230952380952381
20210316,0.03102,0.0001230952380952381
20210317,0.031,0.00012301587301587303
20210318,0.031,0.00012301587301587303
20210319,0.031,0.00012301587301587303
20210322,0.03097,0.0001228968253968254
20210323,0.03094,0.00012277777777777778
20210324,0.030899999999999997,0.0001226190476190476
20210325,0.03089,0.0001225793650793651
20210326,0.03086,0.00012246031746031746
20210329,0.030830000000000003,0.00012234126984126987
20210330,0.03081,0.00012226190476190477
20210331,0.0308,0.00012222222222222221
20210401,0.0308,0.00012222222222222221
20210402,0.03079,0.00012218253968253968
20210406,0.03072,0.00012190476190476191
20210407,0.03068,0.00012174603174603174
20210408,0.030619999999999998,0.0001215079365079365
20210409,0.030590000000000003,0.0001213888888888889
20210412,0.03055,0.00012123015873015873
20210413,0.030510000000000002,0.00012107142857142858
20210414,0.03042,0.00012071428571428571
20210415,0.030369999999999998,0.000120515873015873
20210416,0.03032,0.00012031746031746032
20210419,0.03026,0.00012007936507936507
20210420,0.0302,0.00011984126984126985
20210421,0.03009,0.0001194047619047619
20210422,0.03001,0.00011908730158730158
20210423,0.03,0.00011904761904761905
20210426,0.02987,0.00011853174603174603
20210427,0.02981,0.0001182936507936508
20210428,0.0298,0.00011825396825396825
20210429,0.02978,0.00011817460317460318
20210430,0.02972,0.00011793650793650793
20210506,0.029660000000000002,0.00011769841269841271
20210507,0.02959,0.00011742063492063493
20210510,0.02947,0.00011694444444444445
20210511,0.02943,0.00011678571428571429
20210512,0.029380000000000003,0.0001165873015873016
20210513,0.02932,0.00011634920634920634
20210514,0.02931,0.0001163095238095238
20210517,0.02932,0.00011634920634920634
20210518,0.029300000000000003,0.00011626984126984129
20210519,0.02932,0.00011634920634920634
20210520,0.02931,0.0001163095238095238
20210521,0.029289999999999997,0.00011623015873015871
20210524,0.029249999999999998,0.00011607142857142857
20210525,0.02924,0.00011603174603174602
20210526,0.02921,0.00011591269841269841
20210527,0.02915,0.00011567460317460316
20210528,0.02912,0.00011555555555555555
20210531,0.02911,0.00011551587301587302
20210601,0.0291,0.00011547619047619047
20210602,0.02907,0.00011535714285714285
20210603,0.028990000000000002,0.00011503968253968255
20210604,0.02887,0.00011456349206349206
20210607,0.02887,0.00011456349206349206
20210608,0.028839999999999998,0.00011444444444444444
20210609,0.028839999999999998,0.00011444444444444444
20210610,0.02881,0.00011432539682539682
20210611,0.02883,0.00011440476190476191
20210615,0.028839999999999998,0.00011444444444444444
20210616,0.02886,0.00011452380952380952
20210617,0.02891,0.00011472222222222224
20210618,0.02895,0.00011488095238095238
20210621,0.02902,0.00011515873015873016
20210622,0.02905,0.00011527777777777777
20210623,0.029060000000000002,0.00011531746031746033
20210624,0.02907,0.00011535714285714285
20210625,0.02904,0.00011523809523809524
20210628,0.02904,0.00011523809523809524
20210629,0.02904,0.00011523809523809524
20210630,0.02904,0.00011523809523809524
20210701,0.029009999999999998,0.00011511904761904761
20210702,0.028990000000000002,0.00011503968253968255
20210705,0.02896,0.00011492063492063492
20210706,0.028980000000000002,0.000115
20210707,0.02896,0.00011492063492063492
20210708,0.02872,0.00011396825396825397
20210709,0.028679999999999997,0.0001138095238095238
20210712,0.02858,0.00011341269841269842
20210713,0.02843,0.00011281746031746032
20210714,0.02833,0.00011242063492063492
20210715,0.028220000000000002,0.000111984126984127
20210716,0.028140000000000002,0.00011166666666666668
20210719,0.028079999999999997,0.00011142857142857142
20210720,0.028050000000000002,0.00011130952380952382
20210721,0.02801,0.00011115079365079365
20210722,0.02799,0.00011107142857142857
20210723,0.027970000000000002,0.0001109920634920635
20210726,0.02793,0.00011083333333333333
20210727,0.02796,0.00011095238095238095
20210728,0.02796,0.00011095238095238095
20210729,0.02788,0.00011063492063492063
20210730,0.02789,0.00011067460317460318
20210802,0.0278,0.0001103174603174603
20210803,0.02766,0.00010976190476190477
20210804,0.0275,0.00010912698412698413
20210805,0.027360000000000002,0.00010857142857142858
20210806,0.027280000000000002,0.00010825396825396826
20210809,0.027200000000000002,0.00010793650793650795
20210810,0.027160000000000004,0.00010777777777777779
20210811,0.02713,0.00010765873015873017
20210812,0.0271,0.00010753968253968253
20210813,0.0271,0.00010753968253968253
20210816,0.027080000000000003,0.00010746031746031748
20210817,0.02704,0.00010730158730158731
20210818,0.027000000000000003,0.00010714285714285715
20210819,0.027000000000000003,0.00010714285714285715
20210820,0.027000000000000003,0.00010714285714285715
20210823,0.027000000000000003,0.00010714285714285715
20210824,0.027000000000000003,0.00010714285714285715
20210825,0.027000000000000003,0.00010714285714285715
20210826,0.027000000000000003,0.00010714285714285715
20210827,0.027000000000000003,0.00010714285714285715
20210830,0.027000000000000003,0.00010714285714285715
20210831,0.027000000000000003,0.00010714285714285715
20210901,0.027000000000000003,0.00010714285714285715
20210902,0.02699,0.0001071031746031746
20210903,0.02699,0.0001071031746031746
20210906,0.02698,0.00010706349206349206
20210907,0.02698,0.00010706349206349206
20210908,0.02699,0.0001071031746031746
20210909,0.02698,0.00010706349206349206
20210910,0.02698,0.00010706349206349206
20210913,0.02699,0.0001071031746031746
20210914,0.02699,0.0001071031746031746
20210915,0.027000000000000003,0.00010714285714285715
20210916,0.027000000000000003,0.00010714285714285715
20210917,0.027000000000000003,0.00010714285714285715
20210922,0.027000000000000003,0.00010714285714285715
20210923,0.027000000000000003,0.00010714285714285715
20210924,0.027000000000000003,0.00010714285714285715
20210927,0.027080000000000003,0.00010746031746031748
20210928,0.02713,0.00010765873015873017
20210929,0.02718,0.00010785714285714286
20210930,0.02722,0.00010801587301587301
20211008,0.02722,0.00010801587301587301
20211011,0.02718,0.00010785714285714286
20211012,0.027160000000000004,0.00010777777777777779
20211013,0.02717,0.00010781746031746031
20211014,0.02725,0.00010813492063492064
20211015,0.027265,0.00010819444444444445
20211018,0.02734,0.00010849206349206349
20211019,0.02738,0.00010865079365079366
20211020,0.02746,0.00010896825396825396
20211021,0.027530000000000002,0.00010924603174603175
20211022,0.02758,0.00010944444444444444
20211025,0.02759,0.00010948412698412699
20211026,0.02766,0.00010976190476190477
20211027,0.02773,0.00011003968253968255
20211028,0.02778,0.00011023809523809524
20211029,0.02782,0.0001103968253968254
20211101,0.02783,0.00011043650793650794
20211102,0.02783,0.00011043650793650794
20211103,0.027839999999999997,0.00011047619047619046
20211104,0.027839999999999997,0.00011047619047619046
20211105,0.0278,0.0001103174603174603
20211108,0.02779,0.00011027777777777777
20211109,0.02774,0.00011007936507936508
20211110,0.027690000000000003,0.00010988095238095239
20211111,0.027679999999999996,0.00010984126984126982
20211112,0.02767,0.0001098015873015873
20211115,0.02763,0.00010964285714285713
20211116,0.02762,0.0001096031746031746
20211117,0.02759,0.00010948412698412699
20211118,0.02757,0.00010940476190476191
20211119,0.027559999999999998,0.00010936507936507936
20211122,0.027559999999999998,0.00010936507936507936
20211123,0.02757,0.00010940476190476191
20211124,0.027559999999999998,0.00010936507936507936
20211125,0.027559999999999998,0.00010936507936507936
20211126,0.02754,0.00010928571428571428
20211129,0.02752,0.0001092063492063492
20211130,0.027530000000000002,0.00010924603174603175
20211201,0.02752,0.0001092063492063492
20211202,0.02752,0.0001092063492063492
20211203,0.02751,0.00010916666666666666
20211206,0.02746,0.00010896825396825396
20211207,0.02743,0.00010884920634920635
20211208,0.0274,0.00010873015873015873
20211209,0.02738,0.00010865079365079366
20211210,0.027360000000000002,0.00010857142857142858
20211213,0.027370000000000002,0.00010861111111111112
20211214,0.027360000000000002,0.00010857142857142858
20211215,0.027360000000000002,0.00010857142857142858
20211216,0.027360000000000002,0.00010857142857142858
20211217,0.02735,0.00010853174603174603
20211220,0.02735,0.00010853174603174603
20211221,0.02738,0.00010865079365079366
20211222,0.027389999999999998,0.00010869047619047617
20211223,0.02738,0.00010865079365079366
20211224,0.027370000000000002,0.00010861111111111112
20211227,0.027370000000000002,0.00010861111111111112
20211228,0.02738,0.00010865079365079366
20211229,0.027370000000000002,0.00010861111111111112
20211230,0.027370000000000002,0.00010861111111111112
20211231,0.027360000000000002,0.00010857142857142858
20220104,0.027360000000000002,0.00010857142857142858
20220105,0.027370000000000002,0.00010861111111111112
20220106,0.02734,0.00010849206349206349
20220107,0.027290000000000002,0.0001082936507936508
20220110,0.02726,0.00010817460317460317
20220111,0.02726,0.00010817460317460317
20220112,0.02724,0.00010809523809523809
20220113,0.02721,0.00010797619047619048
20220114,0.02718,0.00010785714285714286
20220117,0.02711,0.00010757936507936508
20220118,0.02706,0.00010738095238095239
20220119,0.02696,0.000106984126984127
20220120,0.02686,0.00010658730158730159
20220121,0.02682,0.00010642857142857143
20220124,0.026779999999999998,0.00010626984126984126
20220125,0.02674,0.00010611111111111112
20220126,0.026680000000000002,0.00010587301587301588
20220127,0.02664,0.00010571428571428571
20220128,0.026600000000000002,0.00010555555555555557
20220207,0.02657,0.00010543650793650793
20220208,0.026549999999999997,0.00010535714285714285
20220209,0.026539999999999998,0.0001053174603174603
20220210,0.026389999999999997,0.00010472222222222221
20220211,0.02629,0.00010432539682539683
20220214,0.0262,0.00010396825396825397
20220215,0.02613,0.00010369047619047619
20220216,0.02604,0.00010333333333333334
20220217,0.02596,0.00010301587301587301
20220218,0.025859999999999998,0.00010261904761904761
20220221,0.02579,0.00010234126984126984
20220222,0.02573,0.0001021031746031746
20220223,0.02569,0.00010194444444444445
20220224,0.025670000000000002,0.00010186507936507937
20220225,0.025699999999999997,0.00010198412698412697
20220228,0.02565,0.00010178571428571428
20220301,0.02566,0.00010182539682539682
20220302,0.02563,0.00010170634920634921
20220303,0.02566,0.00010182539682539682
20220304,0.02566,0.00010182539682539682
20220307,0.02566,0.00010182539682539682
20220308,0.02568,0.00010190476190476192
20220309,0.02571,0.00010202380952380953
20220310,0.025750000000000002,0.0001021825396825397
20220311,0.025779999999999997,0.0001023015873015873
20220314,0.02579,0.00010234126984126984
20220315,0.02581,0.00010242063492063492
20220316,0.025859999999999998,0.00010261904761904761
20220317,0.025929999999999998,0.00010289682539682539
20220318,0.025939999999999998,0.00010293650793650792
20220321,0.02595,0.00010297619047619048
20220322,0.026000000000000002,0.00010317460317460319
20220323,0.02601,0.0001032142857142857
20220324,0.02601,0.0001032142857142857
20220325,0.02603,0.0001032936507936508
20220328,0.02604,0.00010333333333333334
20220329,0.02605,0.00010337301587301587
20220330,0.02606,0.00010341269841269841
20220331,0.02606,0.00010341269841269841
20220401,0.02606,0.00010341269841269841
20220406,0.02605,0.00010337301587301587
20220407,0.025929999999999998,0.00010289682539682539
20220408,0.025859999999999998,0.00010261904761904761
20220411,0.02582,0.00010246031746031745
20220412,0.02577,0.00010226190476190476
20220413,0.025750000000000002,0.0001021825396825397
20220414,0.02572,0.00010206349206349206
20220415,0.025670000000000002,0.00010186507936507937
20220418,0.025619999999999997,0.00010166666666666665
20220419,0.02558,0.0001015079365079365
20220420,0.025550000000000003,0.0001013888888888889
20220421,0.02549,0.00010115079365079365
20220422,0.0254,0.00010079365079365079
20220424,0.0253,0.0001003968253968254
20220425,0.025160000000000002,9.984126984126985e-05
20220426,0.025070000000000002,9.948412698412699e-05
20220427,0.02497,9.908730158730158e-05
20220428,0.02484,9.857142857142858e-05
20220429,0.02474,9.817460317460319e-05
20220505,0.02474,9.817460317460319e-05
20220506,0.02468,9.793650793650794e-05
20220507,0.024620000000000003,9.769841269841271e-05
20220509,0.0245,9.722222222222223e-05
20220510,0.02442,9.69047619047619e-05
20220511,0.024310000000000002,9.646825396825398e-05
20220512,0.0242,9.603174603174603e-05
20220513,0.02408,9.555555555555555e-05
20220516,0.023929999999999996,9.496031746031745e-05
20220517,0.02377,9.432539682539682e-05
20220518,0.02359,9.361111111111111e-05
20220519,0.02343,9.297619047619047e-05
20220520,0.023370000000000002,9.273809523809525e-05
20220523,0.02331,9.25e-05
20220524,0.02323,9.218253968253968e-05
20220525,0.02326,9.23015873015873e-05
20220526,0.023250000000000003,9.226190476190478e-05
20220527,0.02323,9.218253968253968e-05
20220530,0.02319,9.202380952380951e-05
20220531,0.02318,9.198412698412698e-05
20220601,0.023170000000000003,9.194444444444446e-05
20220602,0.02323,9.218253968253968e-05
20220606,0.023319999999999997,9.253968253968253e-05
20220607,0.02349,9.321428571428572e-05
20220608,0.02357,9.353174603174603e-05
20220609,0.02365,9.384920634920635e-05
20220610,0.023690000000000003,9.400793650793652e-05
20220613,0.02373,9.416666666666667e-05
20220614,0.02377,9.432539682539682e-05
20220615,0.023809999999999998,9.448412698412697e-05
20220616,0.023809999999999998,9.448412698412697e-05
20220617,0.023780000000000003,9.436507936507938e-05
20220620,0.02374,9.42063492063492e-05
20220621,0.023719999999999998,9.412698412698411e-05
20220622,0.023690000000000003,9.400793650793652e-05
20220623,0.02367,9.392857142857143e-05
20220624,0.023639999999999998,9.38095238095238e-05
20220627,0.0236,9.365079365079364e-05
20220628,0.023629999999999998,9.376984126984127e-05
20220629,0.023620000000000002,9.373015873015874e-05
20220630,0.023629999999999998,9.376984126984127e-05
20220701,0.023629999999999998,9.376984126984127e-05
20220704,0.0236,9.365079365079364e-05
20220705,0.02359,9.361111111111111e-05
20220706,0.02355,9.345238095238095e-05
20220707,0.023540000000000002,9.341269841269842e-05
20220708,0.02349,9.321428571428572e-05
20220711,0.02346,9.309523809523811e-05
20220712,0.02344,9.301587301587302e-05
20220713,0.023370000000000002,9.273809523809525e-05
20220714,0.023330000000000004,9.257936507936509e-05
20220715,0.02326,9.23015873015873e-05
20220718,0.02322,9.214285714285715e-05
20220719,0.0231,9.166666666666667e-05
20220720,0.02298,9.11904761904762e-05
20220721,0.02284,9.063492063492063e-05
20220722,0.02266,8.992063492063491e-05
20220725,0.022559999999999997,8.952380952380951e-05
20220726,0.02246,8.912698412698413e-05
20220727,0.02236,8.873015873015874e-05
20220728,0.02226,8.833333333333333e-05
20220729,0.02218,8.8015873015873e-05
20220801,0.02193,8.702380952380953e-05
20220802,0.021509999999999998,8.535714285714285e-05
20220803,0.02119,8.408730158730158e-05
20220804,0.020790000000000003,8.250000000000001e-05
20220805,0.02043,8.107142857142857e-05
20220808,0.02013,7.988095238095238e-05
20220809,0.01997,7.924603174603175e-05
20220810,0.01988,7.888888888888888e-05
20220811,0.0199,7.896825396825397e-05
20220812,0.019950000000000002,7.916666666666668e-05
20220815,0.01978,7.849206349206349e-05
20220816,0.01965,7.797619047619048e-05
20220817,0.01964,7.793650793650794e-05
20220818,0.019610000000000002,7.781746031746033e-05
20220819,0.019610000000000002,7.781746031746033e-05
20220822,0.0196,7.777777777777778e-05
20220823,0.01959,7.773809523809524e-05
20220824,0.0196,7.777777777777778e-05
20220825,0.01963,7.78968253968254e-05
20220826,0.01969,7.813492063492063e-05
20220829,0.01973,7.82936507936508e-05
20220830,0.01973,7.82936507936508e-05
20220831,0.01974,7.833333333333333e-05
20220901,0.01972,7.825396825396827e-05
20220902,0.0197,7.817460317460317e-05
20220905,0.019710000000000002,7.821428571428572e-05
20220906,0.019710000000000002,7.821428571428572e-05
20220907,0.019710000000000002,7.821428571428572e-05
20220908,0.019710000000000002,7.821428571428572e-05
20220909,0.01969,7.813492063492063e-05
20220913,0.01972,7.825396825396827e-05
20220914,0.01974,7.833333333333333e-05
20220915,0.01974,7.833333333333333e-05
20220916,0.01977,7.845238095238096e-05
20220919,0.01984,7.873015873015872e-05
20220920,0.0199,7.896825396825397e-05
20220921,0.01996,7.92063492063492e-05
20220922,0.01996,7.92063492063492e-05
20220923,0.019950000000000002,7.916666666666668e-05
20220926,0.019950000000000002,7.916666666666668e-05
20220927,0.02,7.936507936507937e-05
20220928,0.020059999999999998,7.96031746031746e-05
20220929,0.020110000000000003,7.980158730158732e-05
20220930,0.02016,8e-05
20221008,0.02009,7.972222222222223e-05
20221009,0.020059999999999998,7.96031746031746e-05
20221010,0.02004,7.952380952380952e-05
20221011,0.02004,7.952380952380952e-05
20221012,0.020019999999999996,7.944444444444443e-05
20221013,0.020030000000000003,7.948412698412699e-05
20221014,0.020030000000000003,7.948412698412699e-05
20221017,0.02004,7.952380952380952e-05
20221018,0.02004,7.952380952380952e-05
20221019,0.02005,7.956349206349205e-05
20221020,0.02008,7.968253968253968e-05
20221021,0.020139999999999998,7.992063492063491e-05
20221024,0.0202,8.015873015873015e-05
20221025,0.02027,8.043650793650793e-05
20221026,0.020339999999999997,8.07142857142857e-05
20221027,0.02036,8.079365079365079e-05
20221028,0.02036,8.079365079365079e-05
20221031,0.02037,8.083333333333332e-05
20221101,0.02038,8.087301587301587e-05
20221102,0.020390000000000002,8.091269841269842e-05
20221103,0.0204,8.095238095238096e-05
20221104,0.02043,8.107142857142857e-05
20221107,0.020489999999999998,8.13095238095238e-05
20221108,0.02054,8.150793650793651e-05
20221109,0.02062,8.182539682539683e-05
20221110,0.02076,8.238095238095239e-05
20221111,0.02092,8.301587301587302e-05
20221114,0.021330000000000002,8.464285714285715e-05
20221115,0.022240000000000003,8.825396825396827e-05
20221116,0.02349,9.321428571428572e-05
20221117,0.02436,9.666666666666667e-05
20221118,0.024489999999999998,9.718253968253967e-05
20221121,0.02463,9.773809523809523e-05
20221122,0.02476,9.825396825396825e-05
20221123,0.024820000000000002,9.84920634920635e-05
20221124,0.02437,9.67063492063492e-05
20221125,0.02419,9.59920634920635e-05
20221128,0.024169999999999997,9.59126984126984e-05
20221129,0.02423,9.615079365079365e-05
20221130,0.02435,9.662698412698412e-05
20221201,0.02445,9.702380952380953e-05
20221202,0.024540000000000003,9.738095238095239e-05
20221205,0.0246,9.761904761904762e-05
20221206,0.02465,9.781746031746031e-05
20221207,0.02476,9.825396825396825e-05
20221208,0.02488,9.873015873015872e-05
20221209,0.025,9.92063492063492e-05
20221212,0.02514,9.976190476190476e-05
20221213,0.02532,0.00010047619047619048
20221214,0.025470000000000003,0.00010107142857142858
20221215,0.02569,0.00010194444444444445
20221216,0.02587,0.00010265873015873015
20221219,0.02596,0.00010301587301587301
20221220,0.02603,0.0001032936507936508
20221221,0.02613,0.00010369047619047619
20221222,0.02617,0.00010384920634920635
20221223,0.02626,0.0001042063492063492
20221226,0.026230000000000003,0.0001040873015873016
20221227,0.0262,0.00010396825396825397
20221228,0.0262,0.00010396825396825397
20221229,0.02619,0.00010392857142857144
20221230,0.02619,0.00010392857142857144
20230103,0.02611,0.00010361111111111111
20230104,0.02577,0.00010226190476190476
20230105,0.025419999999999998,0.00010087301587301587
20230106,0.025230000000000002,0.00010011904761904763
20230109,0.025179999999999998,9.992063492063491e-05
20230110,0.025230000000000002,0.00010011904761904763
20230111,0.0254,0.00010079365079365079
20230112,0.0255,0.00010119047619047618
20230113,0.02553,0.00010130952380952381
20230116,0.02559,0.00010154761904761906
20230117,0.02571,0.00010202380952380953
20230118,0.02579,0.00010234126984126984
20230119,0.025840000000000002,0.00010253968253968254
20230120,0.025830000000000002,0.00010250000000000001
20230128,0.02581,0.00010242063492063492
20230129,0.02577,0.00010226190476190476
20230130,0.025779999999999997,0.0001023015873015873
20230131,0.0258,0.00010238095238095239
20230201,0.02581,0.00010242063492063492
20230202,0.025840000000000002,0.00010253968253968254
20230203,0.0259,0.00010277777777777778
20230206,0.02597,0.00010305555555555556
20230207,0.02605,0.00010337301587301587
20230208,0.02613,0.00010369047619047619
20230209,0.02618,0.00010388888888888888
20230210,0.02621,0.00010400793650793652
20230213,0.02621,0.00010400793650793652
20230214,0.026230000000000003,0.0001040873015873016
20230215,0.02624,0.00010412698412698413
20230216,0.02626,0.0001042063492063492
20230217,0.02635,0.00010456349206349205
20230220,0.02643,0.00010488095238095238
20230221,0.02648,0.00010507936507936508
20230222,0.026600000000000002,0.00010555555555555557
20230223,0.026680000000000002,0.00010587301587301588
20230224,0.0268,0.00010634920634920635
20230227,0.026920000000000003,0.00010682539682539684
20230228,0.02704,0.00010730158730158731
20230301,0.02711,0.00010757936507936508
20230302,0.02718,0.00010785714285714286
20230303,0.02725,0.00010813492063492064
20230306,0.02732,0.00010841269841269842
20230307,0.02738,0.00010865079365079366
20230308,0.027450000000000002,0.00010892857142857144
20230309,0.0275,0.00010912698412698413
20230310,0.0275,0.00010912698412698413
20230313,0.02749,0.0001090873015873016
20230314,0.02746,0.00010896825396825396
20230315,0.027450000000000002,0.00010892857142857144
20230316,0.027440000000000003,0.0001088888888888889
20230317,0.0274,0.00010873015873015873
20230320,0.027229999999999997,0.00010805555555555555
20230321,0.02699,0.0001071031746031746
20230322,0.026869999999999998,0.00010662698412698412
20230323,0.02683,0.00010646825396825396
20230324,0.026779999999999998,0.00010626984126984126
20230327,0.026760000000000003,0.0001061904761904762
20230328,0.02674,0.00010611111111111112
20230329,0.026709999999999998,0.00010599206349206348
20230330,0.02667,0.00010583333333333334
20230331,0.02666,0.00010579365079365079
20230403,0.026600000000000002,0.00010555555555555557
20230404,0.026539999999999998,0.0001053174603174603
20230406,0.02648,0.00010507936507936508
20230407,0.02649,0.00010511904761904762
20230410,0.0265,0.00010515873015873016
20230411,0.0265,0.00010515873015873016
20230412,0.0265,0.00010515873015873016
20230413,0.0265,0.00010515873015873016
20230414,0.0265,0.00010515873015873016
20230417,0.02649,0.00010511904761904762
20230418,0.0265,0.00010515873015873016
20230419,0.0265,0.00010515873015873016
20230420,0.02649,0.00010511904761904762
20230421,0.02649,0.00010511904761904762
20230423,0.02649,0.00010511904761904762
20230424,0.02649,0.00010511904761904762
20230425,0.02649,0.00010511904761904762
20230426,0.02649,0.00010511904761904762
20230427,0.02648,0.00010507936507936508
20230428,0.02645,0.00010496031746031747
20230504,0.02636,0.00010460317460317461
20230505,0.02618,0.00010388888888888888
20230506,0.02603,0.0001032936507936508
20230508,0.02596,0.00010301587301587301
20230509,0.025830000000000002,0.00010250000000000001
20230510,0.02569,0.00010194444444444445
20230511,0.02548,0.0001011111111111111
20230512,0.02524,0.00010015873015873015
20230515,0.02508,9.952380952380953e-05
20230516,0.02496,9.904761904761905e-05
20230517,0.024900000000000002,9.880952380952381e-05
20230518,0.024900000000000002,9.880952380952381e-05
20230519,0.02489,9.876984126984127e-05
20230522,0.02489,9.876984126984127e-05
20230523,0.02484,9.857142857142858e-05
20230524,0.02481,9.845238095238095e-05
20230525,0.024780000000000003,9.833333333333334e-05
20230526,0.024780000000000003,9.833333333333334e-05
20230529,0.02474,9.817460317460319e-05
20230530,0.02468,9.793650793650794e-05
20230531,0.02464,9.777777777777777e-05
20230601,0.02453,9.734126984126984e-05
20230602,0.02435,9.662698412698412e-05
20230605,0.02427,9.630952380952381e-05
20230606,0.024220000000000002,9.611111111111112e-05
20230607,0.02414,9.57936507936508e-05
20230608,0.024089999999999997,9.559523809523809e-05
20230609,0.02404,9.53968253968254e-05
20230612,0.023969999999999998,9.511904761904762e-05
20230613,0.023809999999999998,9.448412698412697e-05
20230614,0.023629999999999998,9.376984126984127e-05
20230615,0.02346,9.309523809523811e-05
20230616,0.023479999999999997,9.317460317460316e-05
20230619,0.023540000000000002,9.341269841269842e-05
20230620,0.02357,9.353174603174603e-05
20230621,0.0236,9.365079365079364e-05
20230625,0.0236,9.365079365079364e-05
20230626,0.02366,9.388888888888889e-05
20230627,0.02374,9.42063492063492e-05
20230628,0.02376,9.428571428571429e-05
20230629,0.023799999999999998,9.444444444444444e-05
20230630,0.02379,9.44047619047619e-05
20230703,0.02377,9.432539682539682e-05
20230704,0.02377,9.432539682539682e-05
20230705,0.02375,9.424603174603175e-05
20230706,0.02368,9.396825396825397e-05
20230707,0.0236,9.365079365079364e-05
20230710,0.02352,9.333333333333333e-05
20230711,0.02349,9.321428571428572e-05
20230712,0.023450000000000002,9.305555555555556e-05
20230713,0.02341,9.289682539682539e-05
20230714,0.02342,9.293650793650794e-05
20230717,0.02341,9.289682539682539e-05
20230718,0.023399999999999997,9.285714285714285e-05
20230719,0.023399999999999997,9.285714285714285e-05
20230720,0.023399999999999997,9.285714285714285e-05
20230721,0.02339,9.281746031746033e-05
20230724,0.02338,9.277777777777778e-05
20230725,0.02338,9.277777777777778e-05
20230726,0.02338,9.277777777777778e-05
20230727,0.02338,9.277777777777778e-05
20230728,0.023370000000000002,9.273809523809525e-05
20230731,0.023370000000000002,9.273809523809525e-05
20230801,0.023370000000000002,9.273809523809525e-05
20230802,0.02335,9.265873015873016e-05
20230803,0.02331,9.25e-05
20230804,0.023250000000000003,9.226190476190478e-05
20230807,0.02322,9.214285714285715e-05
20230808,0.02316,9.19047619047619e-05
20230809,0.02314,9.182539682539682e-05
20230810,0.02308,9.158730158730159e-05
20230811,0.02306,9.150793650793651e-05
20230814,0.023039999999999998,9.142857142857142e-05
20230815,0.0229,9.087301587301587e-05
20230816,0.022850000000000002,9.067460317460318e-05
20230817,0.022799999999999997,9.047619047619046e-05
20230818,0.02273,9.01984126984127e-05
20230821,0.02268,8.999999999999999e-05
20230822,0.022629999999999997,8.980158730158729e-05
20230823,0.02258,8.96031746031746e-05
20230824,0.022559999999999997,8.952380952380951e-05
20230825,0.02257,8.956349206349207e-05
20230828,0.02262,8.976190476190477e-05
20230829,0.0227,9.007936507936508e-05
20230830,0.02276,9.031746031746032e-05
20230831,0.022799999999999997,9.047619047619046e-05
20230901,0.02283,9.059523809523809e-05
20230904,0.022850000000000002,9.067460317460318e-05
20230905,0.022869999999999998,9.075396825396824e-05
20230906,0.022949999999999998,9.107142857142856e-05
20230907,0.023039999999999998,9.142857142857142e-05
20230908,0.023090000000000003,9.162698412698414e-05
20230911,0.02321,9.21031746031746e-05
20230912,0.02331,9.25e-05
20230913,0.02339,9.281746031746033e-05
20230914,0.02347,9.313492063492064e-05
20230915,0.023610000000000003,9.36904761904762e-05
20230918,0.02374,9.42063492063492e-05
20230919,0.02388,9.476190476190476e-05
20230920,0.02402,9.531746031746032e-05
20230921,0.024089999999999997,9.559523809523809e-05
20230922,0.02412,9.571428571428571e-05
20230925,0.02416,9.587301587301588e-05
20230926,0.024319999999999998,9.65079365079365e-05
20230927,0.024399999999999998,9.682539682539682e-05
20230928,0.024460000000000003,9.706349206349207e-05
20231007,0.024460000000000003,9.706349206349207e-05
20231008,0.024470000000000002,9.71031746031746e-05
20231009,0.024470000000000002,9.71031746031746e-05
20231010,0.02452,9.730158730158731e-05
20231011,0.024569999999999998,9.75e-05
20231012,0.02463,9.773809523809523e-05
20231013,0.02466,9.785714285714286e-05
20231016,0.02474,9.817460317460319e-05
20231017,0.024820000000000002,9.84920634920635e-05
20231018,0.024900000000000002,9.880952380952381e-05
20231019,0.02497,9.908730158730158e-05
20231020,0.025019999999999997,9.928571428571427e-05
20231023,0.02504,9.936507936507936e-05
20231024,0.025070000000000002,9.948412698412699e-05
20231025,0.02512,9.968253968253968e-05
20231026,0.02512,9.968253968253968e-05
20231027,0.025150000000000002,9.980158730158732e-05
20231030,0.025230000000000002,0.00010011904761904763
20231031,0.0253,0.0001003968253968254
20231101,0.02536,0.00010063492063492063
20231102,0.02541,0.00010083333333333332
20231103,0.02543,0.00010091269841269841
20231106,0.02544,0.00010095238095238096
20231107,0.025459999999999997,0.00010103174603174601
20231108,0.02552,0.00010126984126984127
20231109,0.02553,0.00010130952380952381
20231110,0.0256,0.00010158730158730159
20231113,0.02561,0.00010162698412698413
20231114,0.025619999999999997,0.00010166666666666665
20231115,0.025619999999999997,0.00010166666666666665
20231116,0.025619999999999997,0.00010166666666666665
20231117,0.025622,0.00010167460317460318
20231120,0.02561,0.00010162698412698413
20231121,0.02561,0.00010162698412698413
20231122,0.025619999999999997,0.00010166666666666665
20231123,0.02561,0.00010162698412698413
20231124,0.02561,0.00010162698412698413
20231127,0.02563,0.00010170634920634921
20231128,0.02564,0.00010174603174603175
20231129,0.02564,0.00010174603174603175
20231130,0.02564,0.00010174603174603175
20231201,0.02565,0.00010178571428571428
20231204,0.025670000000000002,0.00010186507936507937
20231205,0.02571,0.00010202380952380953
20231206,0.02577,0.00010226190476190476
20231207,0.026000000000000002,0.00010317460317460319
20231208,0.02621,0.00010400793650793652
20231211,0.02635,0.00010456349206349205
20231212,0.02644,0.00010492063492063493
20231213,0.026469999999999997,0.00010503968253968252
20231214,0.02649,0.00010511904761904762
20231215,0.02649,0.00010511904761904762
20231218,0.02649,0.00010511904761904762
20231219,0.0265,0.00010515873015873016
20231220,0.0265,0.00010515873015873016
20231221,0.02651,0.0001051984126984127
20231222,0.026520000000000002,0.00010523809523809524
20231225,0.0265,0.00010515873015873016
20231226,0.02649,0.00010511904761904762
20231227,0.02641,0.0001048015873015873
20231228,0.02611,0.00010361111111111111
20231229,0.02581,0.00010242063492063492
20240102,0.02532,0.00010047619047619048
20240103,0.025089999999999998,9.956349206349205e-05
20240104,0.02496,9.904761904761905e-05
20240105,0.02491,9.884920634920636e-05
20240108,0.024849999999999997,9.86111111111111e-05
20240109,0.0248,9.841269841269841e-05
20240110,0.02477,9.82936507936508e-05
20240111,0.02476,9.825396825396825e-05
20240112,0.02475,9.821428571428572e-05
20240115,0.02472,9.80952380952381e-05
20240116,0.02469,9.797619047619048e-05
20240117,0.024700000000000003,9.801587301587303e-05
20240118,0.02469,9.797619047619048e-05
20240119,0.02469,9.797619047619048e-05
20240122,0.02468,9.793650793650794e-05
20240123,0.02468,9.793650793650794e-05
20240124,0.02468,9.793650793650794e-05
20240125,0.02468,9.793650793650794e-05
20240126,0.02466,9.785714285714286e-05
20240129,0.02466,9.785714285714286e-05
20240130,0.02459,9.757936507936508e-05
20240131,0.024489999999999998,9.718253968253967e-05
20240201,0.02443,9.694444444444445e-05
20240202,0.024310000000000002,9.646825396825398e-05
20240204,0.024249999999999997,9.623015873015872e-05
20240205,0.02416,9.587301587301588e-05
20240206,0.024089999999999997,9.559523809523809e-05
20240207,0.02403,9.535714285714285e-05
20240208,0.023969999999999998,9.511904761904762e-05
20240209,0.02396,9.507936507936507e-05
20240218,0.023860000000000003,9.468253968253969e-05
20240219,0.02383,9.456349206349207e-05
20240220,0.02366,9.388888888888889e-05
20240221,0.023479999999999997,9.317460317460316e-05
20240222,0.023319999999999997,9.253968253968253e-05
20240223,0.02322,9.214285714285715e-05
20240226,0.02314,9.182539682539682e-05
20240227,0.02308,9.158730158730159e-05
20240228,0.023044,9.144444444444444e-05
20240229,0.023,9.126984126984126e-05
20240301,0.0229,9.087301587301587e-05
20240304,0.02278,9.03968253968254e-05
20240305,0.02275,9.027777777777777e-05
20240306,0.02273,9.01984126984127e-05
20240307,0.02266,8.992063492063491e-05
20240308,0.0226,8.968253968253968e-05
20240311,0.02257,8.956349206349207e-05
20240312,0.02261,8.972222222222222e-05
20240313,0.02268,8.999999999999999e-05
20240314,0.02273,9.01984126984127e-05
20240315,0.02274,9.023809523809524e-05
20240318,0.02274,9.023809523809524e-05
20240319,0.02273,9.01984126984127e-05
20240320,0.0227,9.007936507936508e-05
20240321,0.02267,8.996031746031746e-05
20240322,0.022654999999999998,8.990079365079365e-05
20240325,0.02266,8.992063492063491e-05
20240326,0.02266,8.992063492063491e-05
20240327,0.02266,8.992063492063491e-05
20240328,0.02267,8.996031746031746e-05
20240329,0.02268,8.999999999999999e-05
20240401,0.02265,8.988095238095238e-05
20240402,0.02262,8.976190476190477e-05
20240403,0.022559999999999997,8.952380952380951e-05
20240407,0.02253,8.940476190476191e-05
20240408,0.02247,8.916666666666667e-05
20240409,0.02236,8.873015873015874e-05
20240410,0.0223,8.849206349206349e-05
20240411,0.02222,8.817460317460317e-05
20240412,0.02204,8.746031746031747e-05
20240415,0.02175,8.630952380952381e-05
20240416,0.0216,8.571428571428571e-05
20240417,0.021509999999999998,8.535714285714285e-05
20240418,0.021429999999999998,8.503968253968253e-05
20240419,0.02129,8.448412698412699e-05
20240422,0.02108,8.365079365079366e-05
20240423,0.02091,8.297619047619048e-05
20240424,0.02084,8.26984126984127e-05
20240425,0.020739999999999998,8.23015873015873e-05
20240426,0.020819999999999998,8.261904761904761e-05
20240428,0.020870000000000003,8.281746031746033e-05
20240429,0.02112,8.380952380952382e-05
20240430,0.02109,8.369047619047619e-05
20240506,0.021110000000000004,8.376984126984128e-05
20240507,0.02108,8.365079365079366e-05
20240508,0.021034999999999998,8.347222222222222e-05
20240509,0.021019999999999997,8.34126984126984e-05
20240510,0.021,8.333333333333334e-05
20240511,0.021,8.333333333333334e-05
20240513,0.021,8.333333333333334e-05
20240514,0.02099,8.32936507936508e-05
20240515,0.02099,8.32936507936508e-05
20240516,0.020950000000000003,8.313492063492065e-05
20240517,0.02096,8.317460317460317e-05
20240520,0.02099,8.32936507936508e-05
20240521,0.021,8.333333333333334e-05
20240522,0.021,8.333333333333334e-05
20240523,0.021,8.333333333333334e-05
20240524,0.021,8.333333333333334e-05
20240527,0.021019999999999997,8.34126984126984e-05
20240528,0.02101,8.337301587301588e-05
20240529,0.021,8.333333333333334e-05
20240530,0.021,8.333333333333334e-05
20240531,0.02099,8.32936507936508e-05
20240603,0.02099,8.32936507936508e-05
20240604,0.02097,8.32142857142857e-05
20240605,0.020950000000000003,8.313492063492065e-05
20240606,0.02089,8.289682539682539e-05
20240607,0.02085,8.273809523809524e-05
20240611,0.02081,8.257936507936508e-05
20240612,0.02075,8.234126984126984e-05
20240613,0.02073,8.226190476190475e-05
20240614,0.02069,8.210317460317461e-05
20240617,0.02068,8.206349206349206e-05
20240618,0.02067,8.202380952380953e-05
20240619,0.02067,8.202380952380953e-05
20240620,0.020630000000000003,8.186507936507937e-05
20240621,0.02059,8.170634920634921e-05
20240624,0.02059,8.170634920634921e-05
20240625,0.020579999999999998,8.166666666666665e-05
20240626,0.020550000000000002,8.154761904761906e-05
20240627,0.02051,8.138888888888889e-05
20240628,0.020489999999999998,8.13095238095238e-05
20240701,0.02046,8.119047619047618e-05
20240702,0.020419999999999997,8.103174603174603e-05
20240703,0.020339999999999997,8.07142857142857e-05
20240704,0.02029,8.051587301587301e-05
20240705,0.02015,7.996031746031746e-05
20240708,0.0202,8.015873015873015e-05
20240709,0.02019,8.011904761904762e-05
20240710,0.020179999999999997,8.007936507936507e-05
20240711,0.020139999999999998,7.992063492063491e-05
20240712,0.02009,7.972222222222223e-05
20240715,0.02007,7.964285714285715e-05
20240716,0.02007,7.964285714285715e-05
20240717,0.02005,7.956349206349205e-05
20240718,0.020019999999999996,7.944444444444443e-05
20240719,0.02,7.936507936507937e-05
20240722,0.01997,7.924603174603175e-05
20240723,0.01997,7.924603174603175e-05
20240724,0.01993,7.908730158730158e-05
20240725,0.01985,7.876984126984127e-05
20240726,0.019790000000000002,7.853174603174603e-05
20240729,0.019729,7.828968253968254e-05
20240730,0.01966,7.801587301587302e-05
20240731,0.0196,7.777777777777778e-05
20240801,0.01956,7.761904761904762e-05
20240802,0.019459999999999998,7.722222222222222e-05
20240805,0.019370000000000002,7.686507936507937e-05
20240806,0.01928,7.65079365079365e-05
20240807,0.01923,7.630952380952381e-05
20240808,0.01917,7.607142857142857e-05
20240809,0.01916,7.603174603174603e-05
20240812,0.01922,7.626984126984128e-05
20240813,0.01923,7.630952380952381e-05
20240814,0.01923,7.630952380952381e-05
20240815,0.01922,7.626984126984128e-05
20240816,0.01922,7.626984126984128e-05
20240819,0.01922,7.626984126984128e-05
20240820,0.01926,7.642857142857142e-05
20240821,0.01932,7.666666666666667e-05
20240822,0.01936,7.682539682539683e-05
20240823,0.01942,7.706349206349206e-05
20240826,0.019450000000000002,7.718253968253969e-05
20240827,0.0195,7.738095238095238e-05
20240828,0.01956,7.761904761904762e-05
20240829,0.01958,7.76984126984127e-05
20240830,0.019610000000000002,7.781746031746033e-05
20240902,0.01959,7.773809523809524e-05
20240903,0.0196,7.777777777777778e-05
20240904,0.0196,7.777777777777778e-05
20240905,0.0196,7.777777777777778e-05
20240906,0.0196,7.777777777777778e-05
20240909,0.01962,7.785714285714285e-05
20240910,0.01962,7.785714285714285e-05
20240911,0.01962,7.785714285714285e-05
20240912,0.0196,7.777777777777778e-05
20240913,0.0196,7.777777777777778e-05
20240914,0.019584999999999998,7.771825396825396e-05
20240918,0.01958,7.76984126984127e-05
20240919,0.01957,7.765873015873016e-05
20240920,0.01958,7.76984126984127e-05
20240923,0.01957,7.765873015873016e-05
20240924,0.01943,7.71031746031746e-05
20240925,0.01932,7.666666666666667e-05
20240926,0.01926,7.642857142857142e-05
20240927,0.01923,7.630952380952381e-05
20240929,0.01922,7.626984126984128e-05
20240930,0.01923,7.630952380952381e-05
20241008,0.01927,7.646825396825397e-05
20241009,0.01932,7.666666666666667e-05
20241010,0.01934,7.674603174603175e-05
20241011,0.019299999999999998,7.658730158730158e-05
20241012,0.01931,7.662698412698414e-05
20241014,0.019299999999999998,7.658730158730158e-05
20241015,0.019299999999999998,7.658730158730158e-05
20241016,0.01932,7.666666666666667e-05
20241017,0.01934,7.674603174603175e-05
20241018,0.01932,7.666666666666667e-05
20241021,0.01934,7.674603174603175e-05
20241022,0.019379999999999998,7.690476190476189e-05
20241023,0.01942,7.706349206349206e-05
20241024,0.01944,7.714285714285714e-05
20241025,0.01947,7.726190476190476e-05
20241028,0.01948,7.730158730158731e-05
20241029,0.01949,7.734126984126984e-05
20241030,0.01949,7.734126984126984e-05
20241031,0.01948,7.730158730158731e-05
20241101,0.01943,7.71031746031746e-05
20241104,0.019370000000000002,7.686507936507937e-05
20241105,0.01935,7.678571428571428e-05
20241106,0.019299999999999998,7.658730158730158e-05
20241107,0.01925,7.638888888888889e-05
20241108,0.0192,7.619047619047618e-05
20241111,0.01916,7.603174603174603e-05
20241112,0.01913,7.591269841269842e-05
20241113,0.01907,7.567460317460318e-05
20241114,0.019039999999999998,7.555555555555554e-05
20241115,0.01899,7.535714285714285e-05
20241118,0.01899,7.535714285714285e-05
20241119,0.01898,7.531746031746032e-05
20241120,0.01897,7.527777777777777e-05
20241121,0.01898,7.531746031746032e-05
20241122,0.01898,7.531746031746032e-05
20241125,0.01899,7.535714285714285e-05
20241126,0.01899,7.535714285714285e-05
20241127,0.01899,7.535714285714285e-05
20241128,0.01899,7.535714285714285e-05
20241129,0.01893,7.511904761904762e-05
20241202,0.018680000000000002,7.412698412698413e-05
20241203,0.018349999999999998,7.281746031746031e-05
20241204,0.01815,7.202380952380952e-05
20241205,0.01807,7.17063492063492e-05
20241206,0.01803,7.154761904761904e-05
20241209,0.018000000000000002,7.142857142857143e-05
20241210,0.017929999999999998,7.115079365079364e-05
20241211,0.017849999999999998,7.083333333333332e-05
20241212,0.0178,7.063492063492064e-05
20241213,0.01774,7.039682539682539e-05
20241216,0.0176,6.984126984126985e-05
20241217,0.01754,6.96031746031746e-05
20241218,0.01748,6.936507936507937e-05
20241219,0.01745,6.924603174603174e-05
20241220,0.0174,6.904761904761904e-05
20241223,0.01732,6.873015873015872e-05
20241224,0.01725,6.845238095238096e-05
20241225,0.017185,6.819444444444444e-05
20241226,0.017145,6.803571428571428e-05
20241227,0.017124999999999998,6.795634920634919e-05
20241230,0.017112000000000002,6.790476190476192e-05
20241231,0.017079999999999998,6.777777777777777e-05
20250102,0.017044999999999998,6.763888888888888e-05
20250103,0.017002,6.746825396825396e-05
20250106,0.01691,6.710317460317461e-05
20250107,0.01685,6.686507936507937e-05
20250108,0.016795,6.66468253968254e-05
20250109,0.016739999999999998,6.642857142857142e-05
20250110,0.01672,6.634920634920634e-05
20250113,0.01675,6.646825396825397e-05
20250114,0.01686,6.69047619047619e-05
20250115,0.016905,6.708333333333333e-05
20250116,0.01694,6.722222222222222e-05
20250117,0.016974,6.735714285714285e-05
20250120,0.01703,6.757936507936508e-05
20250121,0.017122,6.794444444444444e-05
20250122,0.01714,6.801587301587302e-05
20250123,0.01721,6.829365079365079e-05
20250124,0.01725,6.845238095238096e-05
20250126,0.01728,6.857142857142857e-05
20250127,0.017305,6.867063492063493e-05
20250205,0.01735,6.884920634920635e-05
20250206,0.017390000000000003,6.900793650793652e-05
20250207,0.01735,6.884920634920635e-05
20250208,0.01734,6.880952380952382e-05
20250210,0.01733,6.876984126984127e-05
20250211,0.017410000000000002,6.90873015873016e-05
20250212,0.01746,6.928571428571429e-05
20250213,0.01753,6.956349206349207e-05
20250214,0.01764,7e-05
20250217,0.01775,7.043650793650793e-05
20250218,0.01796,7.126984126984128e-05
20250219,0.01812,7.19047619047619e-05
20250220,0.01823,7.234126984126984e-05
20250221,0.01831,7.265873015873016e-05
20250224,0.01839,7.297619047619047e-05
20250225,0.01855,7.361111111111111e-05
20250226,0.01887,7.488095238095238e-05
20250227,0.0192,7.619047619047618e-05
20250228,0.01944,7.714285714285714e-05
20250303,0.01957,7.765873015873016e-05
20250304,0.01967,7.805555555555555e-05
20250305,0.01976,7.841269841269841e-05
20250306,0.01982,7.865079365079366e-05
20250307,0.01988,7.888888888888888e-05
20250310,0.01994,7.912698412698413e-05
20250311,0.01998,7.928571428571429e-05
20250312,0.02004,7.952380952380952e-05
20250313,0.020019999999999996,7.944444444444443e-05
20250314,0.01998,7.928571428571429e-05
20250317,0.019950000000000002,7.916666666666668e-05
20250318,0.01994,7.912698412698413e-05
20250319,0.0199,7.896825396825397e-05
20250320,0.01989,7.892857142857144e-05
20250321,0.01973,7.82936507936508e-05
20250324,0.01963,7.78968253968254e-05
20250325,0.01949,7.734126984126984e-05
20250326,0.01942,7.706349206349206e-05
20250327,0.01936,7.682539682539683e-05
20250328,0.01933,7.67063492063492e-05
20250331,0.01926,7.642857142857142e-05
20250401,0.01921,7.623015873015873e-05
20250402,0.01914,7.595238095238095e-05
20250403,0.01887,7.488095238095238e-05
20250407,0.01837,7.28968253968254e-05
20250408,0.01813,7.194444444444445e-05
20250409,0.0181,7.182539682539683e-05
20250410,0.01807,7.17063492063492e-05
20250411,0.01791,7.107142857142856e-05
20250414,0.01786,7.087301587301587e-05
20250415,0.017849999999999998,7.083333333333332e-05
20250416,0.01783,7.075396825396825e-05
20250417,0.017769999999999998,7.051587301587301e-05
20250418,0.01772,7.031746031746032e-05
20250421,0.017689999999999997,7.019841269841268e-05
20250422,0.01768,7.015873015873016e-05
20250423,0.01766,7.007936507936507e-05
20250424,0.01766,7.007936507936507e-05
20250425,0.01766,7.007936507936507e-05
20250427,0.017669999999999998,7.011904761904762e-05
20250428,0.01768,7.015873015873016e-05
20250429,0.017669999999999998,7.011904761904762e-05
20250430,0.01766,7.007936507936507e-05
20250506,0.01765,7.003968253968254e-05
20250507,0.01752,6.952380952380952e-05
20250508,0.01735,6.884920634920635e-05
20250509,0.01711,6.78968253968254e-05
20250512,0.01695,6.726190476190477e-05
20250513,0.01684,6.682539682539683e-05
20250514,0.01677,6.654761904761905e-05
20250515,0.016730000000000002,6.63888888888889e-05
20250516,0.01671,6.630952380952381e-05
20250519,0.016730000000000002,6.63888888888889e-05
20250520,0.01671,6.630952380952381e-05
20250521,0.016739999999999998,6.642857142857142e-05
20250522,0.01676,6.650793650793651e-05
20250523,0.016819999999999998,6.674603174603173e-05
20250526,0.01685,6.686507936507937e-05
20250527,0.01692,6.714285714285714e-05
20250528,0.01694,6.722222222222222e-05
20250529,0.01695,6.726190476190477e-05
20250530,0.01698,6.738095238095238e-05
20250603,0.017,6.746031746031747e-05
20250604,0.01703,6.757936507936508e-05
20250605,0.01702,6.753968253968255e-05
20250606,0.01697,6.734126984126984e-05
20250609,0.01693,6.718253968253969e-05
20250610,0.01687,6.694444444444444e-05
20250611,0.01684,6.682539682539683e-05
20250612,0.0168,6.666666666666666e-05
20250613,0.0168,6.666666666666666e-05
20250616,0.0168,6.666666666666666e-05
20250617,0.01679,6.662698412698412e-05
20250618,0.01676,6.650793650793651e-05
20250619,0.01671,6.630952380952381e-05
20250620,0.01667,6.615079365079365e-05
20250623,0.016659999999999998,6.611111111111111e-05
20250624,0.01662,6.595238095238095e-05
20250625,0.01659,6.583333333333334e-05
20250626,0.016579999999999998,6.579365079365078e-05
20250627,0.01656,6.571428571428571e-05
20250630,0.01657,6.575396825396826e-05
20250701,0.01656,6.571428571428571e-05
20250702,0.016515,6.553571428571428e-05
20250703,0.01638,6.5e-05
20250704,0.01629,6.464285714285713e-05
20250707,0.01616,6.412698412698413e-05
20250708,0.016120000000000002,6.396825396825397e-05
20250709,0.01613,6.40079365079365e-05
20250710,0.01613,6.40079365079365e-05
20250711,0.01616,6.412698412698413e-05
20250714,0.01623,6.440476190476191e-05
20250715,0.01623,6.440476190476191e-05
20250716,0.01621,6.432539682539682e-05
20250717,0.01621,6.432539682539682e-05
20250718,0.01621,6.432539682539682e-05
20250721,0.016220000000000002,6.436507936507937e-05
20250722,0.01621,6.432539682539682e-05
20250723,0.01625,6.448412698412699e-05
20250724,0.01631,6.472222222222223e-05
20250725,0.016390000000000002,6.503968253968254e-05
20250728,0.01642,6.515873015873016e-05
20250729,0.01644,6.523809523809524e-05
20250730,0.01647,6.535714285714285e-05
20250731,0.016479999999999998,6.539682539682539e-05
20250801,0.01645,6.527777777777778e-05
20250804,0.01641,6.511904761904762e-05
20250805,0.01638,6.5e-05
20250806,0.01638,6.5e-05
20250807,0.016390000000000002,6.503968253968254e-05
20250808,0.016378,6.49920634920635e-05
20250811,0.01638,6.5e-05
20250812,0.01638,6.5e-05
20250813,0.016399999999999998,6.507936507936507e-05
20250814,0.016399999999999998,6.507936507936507e-05
20250815,0.016399999999999998,6.507936507936507e-05
20250818,0.01643,6.51984126984127e-05
20250819,0.01647,6.535714285714285e-05
20250820,0.01649,6.543650793650795e-05
20250821,0.01653,6.559523809523809e-05
20250822,0.01653,6.559523809523809e-05
20250825,0.01652,6.555555555555556e-05
20250826,0.01652,6.555555555555556e-05
20250827,0.01653,6.559523809523809e-05
20250828,0.01653,6.559523809523809e-05
20250829,0.01652,6.555555555555556e-05
20250901,0.01654,6.563492063492064e-05
20250902,0.01655,6.567460317460317e-05
20250903,0.01656,6.571428571428571e-05
20250904,0.016579999999999998,6.579365079365078e-05
20250905,0.0166,6.587301587301587e-05
20250908,0.0166,6.587301587301587e-05
20250909,0.01661,6.591269841269842e-05
20250910,0.01663,6.599206349206348e-05
20250911,0.01665,6.607142857142857e-05
20250912,0.01667,6.615079365079365e-05
20250915,0.01671,6.630952380952381e-05
20250916,0.01671,6.630952380952381e-05
20250917,0.01671,6.630952380952381e-05
20250918,0.016730000000000002,6.63888888888889e-05
20250919,0.016730000000000002,6.63888888888889e-05
20250922,0.016730000000000002,6.63888888888889e-05
20250923,0.01672,6.634920634920634e-05
20250924,0.016739999999999998,6.642857142857142e-05
20250925,0.01679,6.662698412698412e-05
20250926,0.016810000000000002,6.670634920634922e-05
20250928,0.0168,6.666666666666666e-05
20250929,0.0168,6.666666666666666e-05
20250930,0.0168,6.666666666666666e-05
20251009,0.01677,6.654761904761905e-05
20251010,0.01675,6.646825396825397e-05
20251011,0.016739999999999998,6.642857142857142e-05
20251013,0.01669,6.623015873015873e-05
20251014,0.01669,6.623015873015873e-05
20251015,0.01669,6.623015873015873e-05
20251016,0.01669,6.623015873015873e-05
20251017,0.0167,6.626984126984126e-05
20251020,0.0167,6.626984126984126e-05
20251021,0.01675,6.646825396825397e-05
20251022,0.01679,6.662698412698412e-05
20251023,0.0168,6.666666666666666e-05
20251024,0.0168,6.666666666666666e-05
20251027,0.0168,6.666666666666666e-05
20251028,0.01678,6.658730158730159e-05
20251029,0.01675,6.646825396825397e-05
20251030,0.016730000000000002,6.63888888888889e-05
20251031,0.01667,6.615079365079365e-05
20251103,0.01664,6.603174603174603e-05
20251104,0.016579999999999998,6.579365079365078e-05
20251105,0.01655,6.567460317460317e-05
20251106,0.016525,6.557539682539684e-05
20251107,0.0165,6.547619047619048e-05
20251110,0.0165,6.547619047619048e-05
20251111,0.0165,6.547619047619048e-05
20251112,0.01649,6.543650793650795e-05
20251113,0.0165,6.547619047619048e-05
20251114,0.0165,6.547619047619048e-05
20251117,0.0165,6.547619047619048e-05
20251118,0.0165,6.547619047619048e-05
20251119,0.0165,6.547619047619048e-05
20251120,0.0165,6.547619047619048e-05
20251121,0.0165,6.547619047619048e-05
20251124,0.0165,6.547619047619048e-05
20251125,0.0165,6.547619047619048e-05
20251126,0.0165,6.547619047619048e-05
20251127,0.0165,6.547619047619048e-05
20251128,0.0165,6.547619047619048e-05
20251201,0.0165,6.547619047619048e-05
20251202,0.0165,6.547619047619048e-05
20251203,0.0165,6.547619047619048e-05
20251204,0.0165,6.547619047619048e-05
20251205,0.0165,6.547619047619048e-05
20251208,0.0165,6.547619047619048e-05
20251209,0.0165,6.547619047619048e-05
20251210,0.0165,6.547619047619048e-05
20251211,0.01651,6.551587301587301e-05
20251212,0.01651,6.551587301587301e-05
20251215,0.01652,6.555555555555556e-05
20251216,0.01653,6.559523809523809e-05
20251217,0.01653,6.559523809523809e-05
20251218,0.01653,6.559523809523809e-05
20251219,0.016511,6.551984126984127e-05
20251222,0.0165,6.547619047619048e-05
20251223,0.0165,6.547619047619048e-05
20251224,0.0165,6.547619047619048e-05
20251225,0.0165,6.547619047619048e-05
20251226,0.0165,6.547619047619048e-05
20251229,0.0165,6.547619047619048e-05
20251230,0.0165,6.547619047619048e-05
20251231,0.0165,6.547619047619048e-05
20260104,0.01649,6.543650793650795e-05
20260105,0.016479999999999998,6.539682539682539e-05
20260106,0.016479999999999998,6.539682539682539e-05
20260107,0.01649,6.543650793650795e-05
20260108,0.016479999999999998,6.539682539682539e-05
20260109,0.01646,6.531746031746031e-05
20260112,0.016479999999999998,6.539682539682539e-05
20260113,0.01649,6.543650793650795e-05
20260114,0.0165,6.547619047619048e-05
20260115,0.01649,6.543650793650795e-05
20260116,0.0165,6.547619047619048e-05
20260119,0.01649,6.543650793650795e-05
20260120,0.01649,6.543650793650795e-05
20260121,0.016479999999999998,6.539682539682539e-05
20260122,0.016458,6.530952380952381e-05
20260123,0.016440999999999997,6.524206349206348e-05
